event_time_utc,event_type,bot_name,symbol,source,direction,trade_id,lot,entry_price,exit_price,sl,tp1,tp2,quantity,notional_irt,pnl_irt,balance_after_irt,exit_reason,adx_value,signal_score
2026-09-14T06:48:33.451858+00:00,open,,BTCIRT,ICT/SMC v2,long,,,17994918303.0,,17902201680.26329,18133993237.10507,18273068171.210136,2.222e-05,400000.0,,,,,
2026-09-14T06:48:39.105260+00:00,open,,SOLIRT,ICT/SMC v2,long,,,23553068.0,,23365245.26386356,23834802.10420466,24116536.20840932,0.016,400000.0,,,,,
2026-09-14T09:33:32.201760+00:00,open,,DOGEIRT,ICT/SMC v2,long,,,19506.5,,19379.0300322206,19697.7049516691,19888.9099033382,20.5,400000.0,,,,,
2026-09-14T13:18:36.409720+00:00,open,,ETHIRT,Supertrend+ADX,short,,,580838581.0,,587623681.1551692,570660930.7672462,560483280.5344925,0.001032,600000.0,,,,,
2026-09-14T13:18:42.273179+00:00,close,,DOGEIRT,ICT/SMC v2,long,,,19506.5,19379.0300322206,,,,10.25,,-1306.5671697388652,3998693.432830261,SL,,
2026-09-14T13:18:42.773179+00:00,close,,DOGEIRT,ICT/SMC v2,long,,,19506.5,19379.0300322206,,,,10.25,,-1306.5671697388652,3997386.865660522,SL,,
2026-09-14T13:18:46.059902+00:00,open,,DOGEIRT,Supertrend+ADX,short,,,19436.5,,19712.836600541872,19021.99509918719,18607.49019837438,30.86,600000.0,,,,,
2026-09-14T13:48:28.996290+00:00,close,,BTCIRT,ICT/SMC v2,long,,,17994918303.0,18133993237.10507,,,,1.111e-05,,1545.1225179073078,3998931.9881784297,TP1,,
2026-09-14T15:03:34.700663+00:00,close,,SOLIRT,ICT/SMC v2,long,,,23553068.0,23365245.26386356,,,,0.008,,-1502.5818890915216,3997429.406289338,SL,,
2026-09-14T15:03:35.200663+00:00,close,,SOLIRT,ICT/SMC v2,long,,,23553068.0,23365245.26386356,,,,0.008,,-1502.5818890915216,3995926.8244002466,SL,,
2026-09-14T15:18:27.002433+00:00,close,,BTCIRT,ICT/SMC v2,long,,,17994918303.0,17994918303.0,,,,1.111e-05,,0.0,3995926.8244002466,SL,,
2026-09-14T15:48:40.010321+00:00,open,,DOGEIRT,ICT/SMC v2,short,,,19299.0,,19490.23693196023,19012.144602059656,18725.289204119315,20.72,400000.0,,,,,
2026-09-14T18:48:35.407608+00:00,close,,DOGEIRT,ICT/SMC v2,short,,,19299.0,19490.23693196023,,,,10.36,,-1981.214615107977,3993945.6097851386,SL,,
2026-09-14T18:48:35.907608+00:00,close,,DOGEIRT,ICT/SMC v2,short,,,19299.0,19490.23693196023,,,,10.36,,-1981.214615107977,3991964.3951700306,SL,,
2026-09-14T20:18:41.983795+00:00,close,,ETHIRT,Supertrend+ADX,short,,,580838581.0,587623681.1551692,,,,0.000516,,-3501.111680067332,3988463.2834899635,SL,,
2026-09-14T20:18:42.483795+00:00,close,,ETHIRT,Supertrend+ADX,short,,,580838581.0,587623681.1551692,,,,0.000516,,-3501.111680067332,3984962.1718098964,SL,,
2026-09-14T21:03:28.275329+00:00,open,,BTCIRT,ICT/SMC v2,long,,,18091836125.0,,17981386176.33754,18257511047.99369,18423185970.98738,2.21e-05,400000.0,,,,,
2026-09-14T21:18:32.260229+00:00,open,,ETHIRT,ICT/SMC v2,long,,,584967653.5,,577484852.26033,596191855.3595049,607416057.21901,0.000683,400000.0,,,,,
2026-09-14T21:18:35.603688+00:00,open,,SOLIRT,ICT/SMC v2,long,,,23747092.0,,23505948.805890065,24108806.791164905,24470521.58232981,0.016,400000.0,,,,,
2026-09-14T21:18:39.816409+00:00,open,,DOGEIRT,ICT/SMC v2,long,,,19388.5,,19186.271209851613,19691.843185222584,19995.18637044516,20.63,400000.0,,,,,
2026-09-15T00:33:24.312026+00:00,close,,BTCIRT,ICT/SMC v2,long,,,18091836125.0,17981386176.33754,,,,1.105e-05,,-1220.4719327201865,3983741.699877176,SL,,
2026-09-15T00:33:24.812026+00:00,close,,BTCIRT,ICT/SMC v2,long,,,18091836125.0,17981386176.33754,,,,1.105e-05,,-1220.4719327201865,3982521.2279444556,SL,,
2026-09-15T00:33:29.167811+00:00,close,,ETHIRT,ICT/SMC v2,long,,,584967653.5,577484852.26033,,,,0.000341,,-2551.635222727483,3979969.592721728,SL,,
2026-09-15T00:33:29.603705+00:00,close,,ETHIRT,ICT/SMC v2,long,,,584967653.5,577484852.26033,,,,0.000342,,-2559.118023967153,3977410.474697761,SL,,
2026-09-15T00:48:32.817007+00:00,close,,SOLIRT,ICT/SMC v2,long,,,23747092.0,23505948.805890065,,,,0.008,,-1929.1455528794825,3975481.329144881,SL,,
2026-09-15T00:48:33.317007+00:00,close,,SOLIRT,ICT/SMC v2,long,,,23747092.0,23505948.805890065,,,,0.008,,-1929.1455528794825,3973552.1835920014,SL,,
2026-09-15T00:48:39.162794+00:00,close,,DOGEIRT,ICT/SMC v2,long,,,19388.5,19186.271209851613,,,,10.31,,-2084.978826429869,3971467.2047655717,SL,,
2026-09-15T00:48:39.662794+00:00,close,,DOGEIRT,ICT/SMC v2,long,,,19388.5,19186.271209851613,,,,10.31,,-2084.978826429869,3969382.225939142,SL,,
2026-09-15T05:18:36.454442+00:00,close,,DOGEIRT,Supertrend+ADX,short,,,19436.5,19021.99509918719,,,,15.43,,6395.810619541684,3975778.036558684,TP1,,
2026-09-15T06:18:35.215538+00:00,open,,ETHIRT,ICT/SMC v2,short,,,573399589.0,,577008888.6872789,567985639.4690818,562571689.9381635,0.000697,400000.0,,,,,
2026-09-15T08:03:30.480433+00:00,close,,ETHIRT,ICT/SMC v2,short,,,573399589.0,567985639.4690818,,,,0.000348,,1884.054436759548,3977662.0909954435,TP1,,
2026-09-15T08:48:38.956409+00:00,open,,SOLIRT,ICT/SMC v2,short,,,23028200.5,,23177421.668677315,22804368.746984024,22580536.993968043,0.017,400000.0,,,,,
2026-09-15T09:48:33.558073+00:00,close,,SOLIRT,ICT/SMC v2,short,,,23028200.5,23177421.668677315,,,,0.008,,-1193.769349418521,3976468.321646025,SL,,
2026-09-15T09:48:34.118753+00:00,close,,SOLIRT,ICT/SMC v2,short,,,23028200.5,23177421.668677315,,,,0.009,,-1342.990518095836,3975125.331127929,SL,,
2026-09-15T11:03:31.504573+00:00,open,,BTCIRT,ICT/SMC v2,short,,,17723607627.5,,17793928491.72904,17618126331.15644,17512645034.81288,2.256e-05,400000.0,,,,,
2026-09-15T11:48:28.514800+00:00,close,,BTCIRT,ICT/SMC v2,short,,,17723607627.5,17618126331.15644,,,,1.128e-05,,1189.829022755349,3976315.1601506844,TP1,,
2026-09-15T11:48:29.663595+00:00,close,,BTCIRT,ICT/SMC v2,short,,,17723607627.5,17723607627.5,,,,1.128e-05,,-0.0,3976315.1601506844,SL,,
2026-09-15T12:18:35.650378+00:00,open,,SOLIRT,ICT/SMC v2,short,,,23185670.0,,23310652.715142302,22998195.927286536,22810721.854573075,0.017,400000.0,,,,,
2026-09-15T13:03:29.406356+00:00,open,,BTCIRT,ICT/SMC v2,short,,,17609377390.5,,17678518711.164806,17505665409.502792,17401953428.505585,2.271e-05,400000.0,,,,,
2026-09-15T13:48:33.023802+00:00,close,,BTCIRT,ICT/SMC v2,short,,,17609377390.5,17505665409.502792,,,,1.135e-05,,1177.130984318307,3977492.291135003,TP1,,
2026-09-15T13:48:36.670479+00:00,close,,ETHIRT,ICT/SMC v2,short,,,573399589.0,562571689.9381635,,,,0.000349,,3778.936772580932,3981271.2279075836,TP2,,
2026-09-15T13:48:41.166097+00:00,close,,SOLIRT,ICT/SMC v2,short,,,23185670.0,22998195.927286536,,,,0.008,,1499.792581707716,3982771.0204892913,TP1,,
2026-09-15T13:48:47.630123+00:00,open,,DOGEIRT,ICT/SMC v2,long,,,18885.5,,18740.12459225572,19103.56311161643,19321.62622323285,21.18,400000.0,,,,,
2026-09-15T14:48:26.074727+00:00,close,,BTCIRT,ICT/SMC v2,short,,,17609377390.5,17401953428.505585,,,,1.136e-05,,2356.3362082565577,3985127.3566975477,TP2,,
2026-09-15T14:48:31.995601+00:00,close,,SOLIRT,ICT/SMC v2,short,,,23185670.0,22810721.854573075,,,,0.009,,3374.533308842327,3988501.89000639,TP2,,
2026-09-15T14:48:37.033556+00:00,close,,DOGEIRT,Supertrend+ADX,short,,,19436.5,18607.49019837438,,,,15.43,,12791.621239083312,4001293.5112454733,TP2,,
2026-09-15T14:48:39.897748+00:00,close,,DOGEIRT,ICT/SMC v2,long,,,18885.5,18740.12459225572,,,,10.59,,-1539.5255680119924,3999753.985677461,SL,,
2026-09-15T14:48:40.397748+00:00,close,,DOGEIRT,ICT/SMC v2,long,,,18885.5,18740.12459225572,,,,10.59,,-1539.5255680119924,3998214.460109449,SL,,
2026-09-15T15:33:33.063314+00:00,open,,BTCIRT,ICT/SMC v2,short,,,17510083274.5,,17643246114.697044,17310339014.204433,17110594753.908869,2.284e-05,400000.0,,,,,
2026-09-15T17:48:26.822818+00:00,close,,BTCIRT,ICT/SMC v2,short,,,17510083274.5,17643246114.697044,,,,1.142e-05,,-1520.7196350502468,3996693.7404743987,SL,,
2026-09-15T17:48:27.322818+00:00,close,,BTCIRT,ICT/SMC v2,short,,,17510083274.5,17643246114.697044,,,,1.142e-05,,-1520.7196350502468,3995173.0208393484,SL,,
2026-09-15T17:48:33.511480+00:00,open,,ETHIRT,ICT/SMC v2,short,,,560269508.0,,566080187.9830753,551553488.025387,542837468.0507741,0.000713,400000.0,,,,,
2026-09-15T17:48:38.916658+00:00,open,,DOGEIRT,ICT/SMC v2,short,,,18890.0,,19099.409152348297,18575.88627147756,18261.77254295511,21.17,400000.0,,,,,
2026-09-15T18:48:30.736833+00:00,open,,BTCIRT,Supertrend+ADX,short,,,17357785117.5,,17832298161.01116,16646015552.23326,15934245986.966522,3.456e-05,600000.0,,,,,
2026-09-15T18:48:34.024184+00:00,close,,ETHIRT,ICT/SMC v2,short,,,560269508.0,551553488.025387,,,,0.000356,,3102.9031109622106,3998275.923950311,TP1,,
2026-09-15T18:48:39.119305+00:00,close,,DOGEIRT,ICT/SMC v2,short,,,18890.0,18575.88627147756,,,,10.58,,3323.3232477674483,4001599.2471980783,TP1,,
2026-09-15T18:48:39.988670+00:00,close,,DOGEIRT,ICT/SMC v2,short,,,18890.0,18261.77254295511,,,,10.59,,6652.928770105384,4008252.1759681837,TP2,,
2026-09-15T20:18:33.303647+00:00,open,,BTCIRT,ICT/SMC v2,short,,,17586225728.0,,17776554250.195267,17300732944.707096,17015240161.414192,2.274e-05,400000.0,,,,,
2026-09-16T02:33:31.248549+00:00,open,,SOLIRT,ICT/SMC v2,short,,,22465364.0,,22685529.548619445,22135115.67707084,21804867.354141667,0.017,400000.0,,,,,
2026-09-16T02:48:40.189294+00:00,open,,DOGEIRT,ICT/SMC v2,short,,,18523.5,,18714.142587122747,18237.53611931588,17951.572238631765,21.59,400000.0,,,,,
2026-09-16T08:18:35.260886+00:00,close,,DOGEIRT,ICT/SMC v2,short,,,18523.5,18237.53611931588,,,,10.79,,3085.5502725816286,4011337.7262407653,TP1,,
2026-09-16T08:33:28.440332+00:00,close,,BTCIRT,ICT/SMC v2,short,,,17586225728.0,17300732944.707096,,,,1.137e-05,,3246.052946040317,4014583.7791868057,TP1,,
2026-09-16T14:18:39.563424+00:00,open,,SOLIRT,Supertrend+ADX,short,,,22289308.5,,22634666.8613394,21771270.957990896,21253233.415981792,0.026,600000.0,,,,,
2026-09-16T17:48:34.115264+00:00,close,,SOLIRT,ICT/SMC v2,short,,,22465364.0,22135115.67707084,,,,0.008,,2641.98658343333,4017225.765770239,TP1,,
2026-09-16T18:18:36.137140+00:00,close,,SOLIRT,Supertrend+ADX,short,,,22289308.5,22634666.8613394,,,,0.013,,-4489.658697412218,4012736.1070728265,SL,,
2026-09-16T18:18:36.637140+00:00,close,,SOLIRT,Supertrend+ADX,short,,,22289308.5,22634666.8613394,,,,0.013,,-4489.658697412218,4008246.448375414,SL,,
2026-09-16T18:18:39.623114+00:00,close,,SOLIRT,ICT/SMC v2,short,,,22465364.0,22465364.0,,,,0.009,,-0.0,4008246.448375414,SL,,
2026-09-16T18:48:34.563664+00:00,close,,DOGEIRT,ICT/SMC v2,short,,,18523.5,18523.5,,,,10.8,,-0.0,4008246.448375414,SL,,
2026-09-16T18:48:38.332479+00:00,open,,DOGEIRT,ICT/SMC v2,long,,,18401.5,,18114.858551130823,18831.462173303767,19261.42434660753,21.73,400000.0,,,,,
2026-09-17T00:49:06.067938+00:00,open,,TRBIRT,ICT/SMC v2,long,,,3854777.5,,3796754.366676364,3941812.199985455,4028846.8999709096,0.1037,400000.0,,,,,
2026-09-17T00:49:10.986980+00:00,open,,WIFIRT,ICT/SMC v2,long,,,41874.5,,41272.810733312166,42777.03390003175,43679.56780006349,9.55,400000.0,,,,,
2026-09-17T01:19:01.858267+00:00,open,,SUIIRT,ICT/SMC v2,long,,,163408.5,,160958.47366230868,167083.53950653697,170758.57901307393,2.4478,400000.0,,,,,
2026-09-17T01:48:32.887551+00:00,close,,BTCIRT,ICT/SMC v2,short,,,17586225728.0,17586225728.0,,,,1.137e-05,,-0.0,4008246.448375414,SL,,
2026-09-17T02:18:45.367708+00:00,open,,FLOKIIRT,ICT/SMC v2,long,,,5.390205,,5.324087534607285,5.489381198089072,5.588557396178143,74208.6,400000.0,,,,,
2026-09-17T02:18:55.240424+00:00,open,,LINKIRT,ICT/SMC v2,long,,,2538400.5,,2507120.0382871134,2585321.19256933,2632241.885138659,0.1575,400000.0,,,,,
2026-09-17T02:19:10.493353+00:00,open,,TIAIRT,ICT/SMC v2,long,,,78976.0,,77798.44872753855,80742.3269086922,82508.65381738437,5.0648,400000.0,,,,,
2026-09-17T02:34:02.265345+00:00,open,,SEIIRT,ICT/SMC v2,long,,,9872.5,,9769.00907331004,10027.73639003494,10182.97278006988,40.5,400000.0,,,,,
2026-09-17T04:03:37.445212+00:00,close,,ETHIRT,ICT/SMC v2,short,,,560269508.0,560269508.0,,,,0.000357,,-0.0,4008246.448375414,SL,,
2026-09-17T05:03:47.666665+00:00,open,,GRAMIRT,ICT/SMC v2,short,,,302432.5,,304557.70058441634,299244.6991233755,296056.898246751,1.3226,400000.0,,,,,
2026-09-17T06:18:41.478863+00:00,open,,ARBIRT,ICT/SMC v2,long,,,38054.0,,36694.18582427329,40093.72126359007,42133.44252718012,10.5113,400000.0,,,,,
2026-09-17T07:18:51.387708+00:00,open,,HBARIRT,ICT/SMC v2,short,,,16942.5,,17083.91956335195,16730.370654972077,16518.24130994415,23.6092,400000.0,,,,,
2026-09-17T08:03:36.812348+00:00,open,,DOGSIRT,ICT/SMC v2,short,,,10.315,,10.438500291509284,10.129749562736077,9.94449912547215,38778.4,400000.0,,,,,
2026-09-17T08:03:59.205530+00:00,open,,SHIBIRT,ICT/SMC v2,long,,,1.1497000000000002,,1.1375845327034717,1.167873200944793,1.1860464018895862,347916.8,400000.0,,,,,
2026-09-17T08:04:02.960308+00:00,open,,SOLIRT,ICT/SMC v2,long,,,22789709.5,,22618422.15964837,23046640.51052745,23303571.521054894,0.017,400000.0,,,,,
2026-09-17T08:33:45.948982+00:00,close,,GRAMIRT,ICT/SMC v2,short,,,302432.5,299244.6991233755,,,,0.6613,,2108.0927197117653,4010354.541095126,TP1,,
2026-09-17T09:48:46.120313+00:00,close,,FLOKIIRT,ICT/SMC v2,long,,,5.390205,5.489381198089072,,,,37104.3,,3679.8634067563617,4014034.4045018824,TP1,,
2026-09-17T10:03:30.406542+00:00,open,,ADAIRT,ICT/SMC v2,long,,,45001.5,,44539.58320237744,45694.37519643385,46387.2503928677,8.888592,400000.0,,,,,
2026-09-17T10:04:05.846932+00:00,open,,PEPEIRT,ICT/SMC v2,long,,,0.7862549999999999,,0.7751041918973481,0.8029812121539777,0.8197074243079554,508740.8,400000.0,,,,,
2026-09-17T10:18:36.547861+00:00,open,,BTCIRT,ICT/SMC v2,long,,,17363544375.5,,17295643831.494175,17465395191.50874,17567246007.51748,2.303e-05,400000.0,,,,,
2026-09-17T10:18:58.585804+00:00,open,,NOTIRT,ICT/SMC v2,long,,,99.05,,98.14624210083836,100.40563684874247,101.76127369748497,4038.3,400000.0,,,,,
2026-09-17T11:03:49.117150+00:00,close,,GRAMIRT,ICT/SMC v2,short,,,302432.5,302432.5,,,,0.6613,,-0.0,4014034.4045018824,SL,,
2026-09-17T12:18:34.411842+00:00,close,,BTCIRT,ICT/SMC v2,long,,,17363544375.5,17465395191.50874,,,,1.151e-05,,1172.3028922605913,4015206.707394143,TP1,,
2026-09-17T12:18:50.909576+00:00,close,,HBARIRT,ICT/SMC v2,short,,,16942.5,17083.91956335195,,,,11.8046,,-1669.4013775444107,4013537.306016599,SL,,
2026-09-17T12:18:51.409576+00:00,close,,HBARIRT,ICT/SMC v2,short,,,16942.5,17083.91956335195,,,,11.8046,,-1669.4013775444107,4011867.9046390546,SL,,
2026-09-17T12:19:26.494868+00:00,open,,XRPIRT,ICT/SMC v2,short,,,298507.5,,300808.0258386906,295056.71124196413,291605.92248392827,1.3,400000.0,,,,,
2026-09-17T12:33:25.207301+00:00,close,,ADAIRT,ICT/SMC v2,long,,,45001.5,45694.37519643385,,,,4.444296,,3079.342464010181,4014947.247103065,TP1,,
2026-09-17T12:33:37.541140+00:00,open,,DOGEIRT,Supertrend+ADX,long,,,18566.0,,18310.421702708834,18949.36744593675,19332.734891873497,32.31,600000.0,,,,,
2026-09-17T12:48:54.500043+00:00,open,,GRAMIRT,ICT/SMC v2,long,,,302217.5,,299399.997905686,306443.75314147107,310670.00628294214,1.32355,400000.0,,,,,
2026-09-17T12:49:10.714465+00:00,close,,SOLIRT,ICT/SMC v2,long,,,22789709.5,23046640.51052745,,,,0.008,,2055.448084219605,4017002.6951872846,TP1,,
2026-09-17T13:19:01.502660+00:00,close,,NOTIRT,ICT/SMC v2,long,,,99.05,100.40563684874247,,,,2019.1,,2737.1663612959364,4019739.8615485807,TP1,,
2026-09-17T13:33:33.411023+00:00,close,,BTCIRT,ICT/SMC v2,long,,,17363544375.5,17363544375.5,,,,1.152e-05,,0.0,4019739.8615485807,SL,,
2026-09-17T13:33:44.882835+00:00,open,,ETHIRT,ICT/SMC v2,long,,,556379318.0,,552290338.2893791,562512787.5659312,568646257.1318626,0.000718,400000.0,,,,,
2026-09-17T13:34:01.651064+00:00,close,,PEPEIRT,ICT/SMC v2,long,,,0.7862549999999999,0.8029812121539777,,,,254370.4,,4254.653276092178,4023994.514824673,TP1,,
2026-09-17T13:34:10.344339+00:00,close,,SOLIRT,ICT/SMC v2,long,,,22789709.5,22789709.5,,,,0.009,,0.0,4023994.514824673,SL,,
2026-09-17T13:49:08.909193+00:00,open,,HBARIRT,ICT/SMC v2,long,,,16909.0,,16737.82802903153,17165.7579564527,17422.515912905405,23.656,400000.0,,,,,
2026-09-17T13:49:43.547130+00:00,close,,XRPIRT,ICT/SMC v2,short,,,298507.5,295056.71124196413,,,,0.6,,2070.47325482152,4026064.988079495,TP1,,
2026-09-17T14:18:33.349995+00:00,open,,BTCIRT,ICT/SMC v2,short,,,17445098144.5,,17570051630.140305,17257667916.03954,17070237687.57908,2.292e-05,400000.0,,,,,
2026-09-17T14:18:42.614349+00:00,close,,ETHIRT,ICT/SMC v2,long,,,556379318.0,562512787.5659312,,,,0.000359,,2201.915574169301,4028266.903653664,TP1,,
2026-09-17T14:18:48.711843+00:00,open,,FLOKIIRT,Supertrend+ADX,long,,,5.54571,,5.43180694781778,5.716564578273329,5.887419156546659,108191.7,600000.0,,,,,
2026-09-17T14:19:03.056425+00:00,close,,PEPEIRT,ICT/SMC v2,long,,,0.7862549999999999,0.8197074243079554,,,,254370.4,,8509.306552184356,4036776.2102058483,TP2,,
2026-09-17T14:19:10.032947+00:00,close,,SHIBIRT,ICT/SMC v2,long,,,1.1497000000000002,1.167873200944793,,,,173958.4,,3161.380959234644,4039937.591165083,TP1,,
2026-09-17T14:19:24.627759+00:00,open,,TRBIRT,Supertrend+ADX,long,,,3884691.0,,3810524.8325870247,3995940.251119463,4107189.5022389255,0.1544,600000.0,,,,,
2026-09-17T14:19:30.860607+00:00,open,,WIFIRT,Supertrend+ADX,long,,,42469.5,,40975.87997239375,44709.93004140938,46950.36008281876,14.12,600000.0,,,,,
2026-09-17T14:33:36.537189+00:00,close,,DOGSIRT,ICT/SMC v2,short,,,10.315,10.438500291509284,,,,19389.2,,-2394.5718521318136,4037543.0193129512,SL,,
2026-09-17T14:33:37.037189+00:00,close,,DOGSIRT,ICT/SMC v2,short,,,10.315,10.438500291509284,,,,19389.2,,-2394.5718521318136,4035148.4474608195,SL,,
2026-09-17T14:33:57.244570+00:00,close,,LINKIRT,ICT/SMC v2,long,,,2538400.5,2585321.19256933,,,,0.0787,,3692.658505206261,4038841.105966026,TP1,,
2026-09-17T14:34:12.793293+00:00,close,,SUIIRT,ICT/SMC v2,long,,,163408.5,167083.53950653697,,,,1.2239,,4497.880852050594,4043338.9868180766,TP1,,
2026-09-17T14:34:28.943756+00:00,close,,WIFIRT,ICT/SMC v2,long,,,41874.5,42777.03390003175,,,,4.77,,4305.0867031514335,4047644.073521228,TP1,,
2026-09-17T14:34:33.991788+00:00,close,,XRPIRT,ICT/SMC v2,short,,,298507.5,298507.5,,,,0.7,,-0.0,4047644.073521228,SL,,
2026-09-17T14:48:52.669880+00:00,close,,GRAMIRT,ICT/SMC v2,long,,,302217.5,306443.75314147107,,,,0.66177,,2796.807541431309,4050440.8810626594,TP1,,
2026-09-17T14:48:55.836381+00:00,close,,HBARIRT,ICT/SMC v2,long,,,16909.0,17165.7579564527,,,,11.828,,3036.9331089225407,4053477.814171582,TP1,,
2026-09-17T15:18:40.782185+00:00,close,,ETHIRT,ICT/SMC v2,long,,,556379318.0,556379318.0,,,,0.000359,,0.0,4053477.814171582,SL,,
2026-09-17T15:19:25.795483+00:00,close,,WIFIRT,ICT/SMC v2,long,,,41874.5,41874.5,,,,4.78,,0.0,4053477.814171582,SL,,
2026-09-17T15:19:28.941934+00:00,open,,WIFIRT,ICT/SMC v2,long,,,41868.0,,41231.85761756562,42822.21357365157,43776.42714730313,9.55,400000.0,,,,,
2026-09-17T16:03:33.014894+00:00,open,,ARBIRT,Supertrend+ADX,long,,,38420.0,,36031.05152774935,42003.42270837598,45586.84541675197,15.6168,600000.0,,,,,
2026-09-17T16:18:57.874589+00:00,close,,NOTIRT,ICT/SMC v2,long,,,99.05,101.76127369748497,,,,2019.2,,5474.603849961623,4058952.4180215434,TP2,,
2026-09-17T16:34:04.168966+00:00,close,,SHIBIRT,ICT/SMC v2,long,,,1.1497000000000002,1.1860464018895862,,,,173958.4,,6322.761918469365,4065275.1799400127,TP2,,
2026-09-17T17:19:02.556342+00:00,close,,SEIIRT,ICT/SMC v2,long,,,9872.5,10027.73639003494,,,,20.2,,3135.775078705808,4068410.9550187187,TP1,,
2026-09-17T17:34:23.750915+00:00,close,,WIFIRT,ICT/SMC v2,long,,,41868.0,42822.21357365157,,,,4.77,,4551.598746317989,4072962.5537650366,TP1,,
2026-09-17T17:48:37.550356+00:00,close,,ARBIRT,ICT/SMC v2,long,,,38054.0,40093.72126359007,,,,5.2556,,10719.959072923946,4083682.5128379604,TP1,,
2026-09-17T17:49:07.209910+00:00,open,,NOTIRT,ICT/SMC v2,long,,,102.35,,100.857404965361,104.58889255195848,106.82778510391692,3908.1,400000.0,,,,,
2026-09-17T17:49:19.958466+00:00,close,,TIAIRT,ICT/SMC v2,long,,,78976.0,80742.3269086922,,,,2.5324,,4473.046263572112,4088155.5591015327,TP1,,
2026-09-17T18:03:27.929725+00:00,close,,ARBIRT,Supertrend+ADX,long,,,38420.0,42003.42270837598,,,,7.8084,,27980.797876083023,4116136.3569776155,TP1,,
2026-09-17T20:03:47.706315+00:00,open,,DOGSIRT,ICT/SMC v2,short,,,10.435,,10.544343123994254,10.270985314008614,10.106970628017232,38332.5,400000.0,,,,,
2026-09-17T20:04:13.977229+00:00,open,,SHIBIRT,ICT/SMC v2,long,,,1.16865,,1.1518587441559394,1.193836883766091,1.2190237675321818,342275.2,400000.0,,,,,
2026-09-17T22:33:56.678170+00:00,close,,HBARIRT,ICT/SMC v2,long,,,16909.0,16909.0,,,,11.828,,0.0,4116136.3569776155,SL,,
2026-09-17T22:48:43.651234+00:00,close,,DOGSIRT,ICT/SMC v2,short,,,10.435,10.544343123994254,,,,19166.2,,-2095.692183098704,4114040.6647945167,SL,,
2026-09-17T22:48:44.257192+00:00,close,,DOGSIRT,ICT/SMC v2,short,,,10.435,10.544343123994254,,,,19166.3,,-2095.7031174111034,4111944.9616771056,SL,,
2026-09-17T23:34:12.897753+00:00,open,,TIAIRT,Supertrend+ADX,long,,,80581.0,,78812.02102801483,83234.46845797775,85887.93691595549,7.4459,600000.0,,,,,
2026-09-18T00:03:54.336101+00:00,open,,HBARIRT,ICT/SMC v2,short,,,16976.5,,17113.167085636545,16771.499371545182,16566.498743090364,23.5619,400000.0,,,,,
2026-09-18T00:18:47.628802+00:00,open,,DOGSIRT,ICT/SMC v2,long,,,10.515,,10.415544397110269,10.664183404334596,10.813366808669194,38040.8,400000.0,,,,,
2026-09-18T00:34:04.958128+00:00,open,,SOLIRT,ICT/SMC v2,long,,,23046480.0,,22878483.63185768,23298474.552213483,23550469.104426965,0.017,400000.0,,,,,
2026-09-18T01:03:26.079684+00:00,close,,ADAIRT,ICT/SMC v2,long,,,45001.5,46387.2503928677,,,,4.444296,,6158.684928020362,4118103.646605126,TP2,,
2026-09-18T01:03:42.714823+00:00,close,,DOGSIRT,ICT/SMC v2,long,,,10.515,10.664183404334596,,,,19020.4,,2837.5280238057644,4120941.174628932,TP1,,
2026-09-18T01:18:57.424567+00:00,close,,NOTIRT,ICT/SMC v2,long,,,102.35,104.58889255195848,,,,1954.0,,4374.796046526853,4125315.9706754587,TP1,,
2026-09-18T01:19:05.588284+00:00,close,,SHIBIRT,ICT/SMC v2,long,,,1.16865,1.193836883766091,,,,171137.6,,4310.422839207798,4129626.3935146662,TP1,,
2026-09-18T01:19:11.736772+00:00,close,,SUIIRT,ICT/SMC v2,long,,,163408.5,170758.57901307393,,,,1.2239,,8995.761704101187,4138622.1552187675,TP2,,
2026-09-18T01:19:31.891859+00:00,open,,XLMIRT,ICT/SMC v2,short,,,41818.0,,42164.68122036866,41297.97816944702,40777.95633889404,9.5652,400000.0,,,,,
2026-09-18T01:48:34.626017+00:00,close,,ARBIRT,ICT/SMC v2,long,,,38054.0,42133.44252718012,,,,5.2557,,21440.32609010057,4160062.481308868,TP2,,
2026-09-18T01:48:53.200244+00:00,close,,FLOKIIRT,ICT/SMC v2,long,,,5.390205,5.588557396178143,,,,37104.3,,7359.72681351269,4167422.208122381,TP2,,
2026-09-18T01:49:11.452017+00:00,close,,SEIIRT,ICT/SMC v2,long,,,9872.5,10182.97278006988,,,,20.3,,6302.597435418567,4173724.8055577995,TP2,,
2026-09-18T01:49:18.976961+00:00,close,,SOLIRT,ICT/SMC v2,long,,,23046480.0,23298474.552213483,,,,0.008,,2015.9564177078605,4175740.7619755073,TP1,,
2026-09-18T01:49:24.725523+00:00,close,,TIAIRT,Supertrend+ADX,long,,,80581.0,83234.46845797775,,,,3.7229,,9878.597722205375,4185619.3596977126,TP1,,
2026-09-18T01:49:26.759424+00:00,close,,TIAIRT,ICT/SMC v2,long,,,78976.0,82508.65381738437,,,,2.5324,,8946.092527144187,4194565.452224857,TP2,,
2026-09-18T02:03:54.365533+00:00,close,,HBARIRT,ICT/SMC v2,short,,,16976.5,17113.167085636545,,,,11.7809,,-1610.0612691755775,4192955.3909556814,SL,,
2026-09-18T02:03:54.779696+00:00,close,,HBARIRT,ICT/SMC v2,short,,,16976.5,17113.167085636545,,,,11.781,,-1610.0749358841413,4191345.316019797,SL,,
2026-09-18T02:03:58.335370+00:00,close,,LINKIRT,ICT/SMC v2,long,,,2538400.5,2632241.885138659,,,,0.0788,,7394.701148926313,4198740.017168724,TP2,,
2026-09-18T02:33:24.894397+00:00,close,,ARBIRT,Supertrend+ADX,long,,,38420.0,45586.84541675197,,,,7.8084,,55961.59575216611,4254701.61292089,TP2,,
2026-09-18T02:33:34.516149+00:00,close,,DOGEIRT,ICT/SMC v2,long,,,18401.5,18831.462173303767,,,,10.86,,4669.389202078914,4259371.002122968,TP1,,
2026-09-18T02:49:31.933262+00:00,close,,XLMIRT,ICT/SMC v2,short,,,41818.0,42164.68122036866,,,,4.7826,,-1658.037604535138,4257712.964518433,SL,,
2026-09-18T02:49:32.433262+00:00,close,,XLMIRT,ICT/SMC v2,short,,,41818.0,42164.68122036866,,,,4.7826,,-1658.037604535138,4256054.926913898,SL,,
2026-09-18T03:03:41.212415+00:00,close,,DOGSIRT,ICT/SMC v2,long,,,10.515,10.813366808669194,,,,19020.4,,5675.056047611529,4261729.98296151,TP2,,
2026-09-18T03:18:32.598109+00:00,close,,BTCIRT,ICT/SMC v2,short,,,17445098144.5,17570051630.140305,,,,1.146e-05,,-1431.9669454378904,4260298.016016073,SL,,
2026-09-18T03:18:33.098109+00:00,close,,BTCIRT,ICT/SMC v2,short,,,17445098144.5,17570051630.140305,,,,1.146e-05,,-1431.9669454378904,4258866.049070635,SL,,
2026-09-18T03:18:37.247593+00:00,close,,DOGEIRT,Supertrend+ADX,long,,,18566.0,18949.36744593675,,,,16.15,,6191.384251878517,4265057.4333225135,TP1,,
2026-09-18T03:18:59.837005+00:00,close,,NOTIRT,ICT/SMC v2,long,,,102.35,106.82778510391692,,,,1954.1,,8750.039871564071,4273807.473194078,TP2,,
2026-09-18T03:19:10.026146+00:00,close,,SOLIRT,ICT/SMC v2,long,,,23046480.0,23550469.104426965,,,,0.009,,4535.901939842685,4278343.37513392,TP2,,
2026-09-18T03:19:23.570151+00:00,close,,TRBIRT,ICT/SMC v2,long,,,3854777.5,3941812.199985455,,,,0.0518,,4508.397459246558,4282851.772593167,TP1,,
2026-09-18T03:34:34.898111+00:00,close,,SHIBIRT,ICT/SMC v2,long,,,1.16865,1.2190237675321818,,,,171137.6,,8620.845678415519,4291472.618271582,TP2,,
2026-09-18T03:34:43.143317+00:00,close,,TIAIRT,Supertrend+ADX,long,,,80581.0,85887.93691595549,,,,3.723,,19757.72613810229,4311230.344409684,TP2,,
2026-09-18T03:49:10.867429+00:00,close,,TRBIRT,Supertrend+ADX,long,,,3884691.0,3995940.251119463,,,,0.0772,,8588.442186422526,4319818.786596106,TP1,,
2026-09-18T03:49:20.458289+00:00,close,,WIFIRT,ICT/SMC v2,long,,,41868.0,43776.42714730313,,,,4.78,,9122.281764108977,4328941.068360215,TP2,,
2026-09-18T04:18:29.839236+00:00,open,,ADAIRT,ICT/SMC v2,long,,,48634.5,,47802.80919385244,49882.03620922135,51129.57241844269,8.224614,400000.0,,,,,
2026-09-18T04:18:37.628246+00:00,open,,BTCIRT,ICT/SMC v2,long,,,17576851095.5,,17504221702.375004,17685795185.1875,17794739274.874992,2.275e-05,400000.0,,,,,
2026-09-18T04:18:51.911249+00:00,open,,FLOKIIRT,ICT/SMC v2,long,,,5.639745,,5.586098984132137,5.720214023801793,5.800683047603586,70925.1,400000.0,,,,,
2026-09-18T04:19:09.459567+00:00,open,,SHIBIRT,ICT/SMC v2,long,,,1.21745,,1.20087767792275,1.2423084831158748,1.2671669662317495,328555.5,400000.0,,,,,
2026-09-18T04:19:28.274121+00:00,open,,WIFIRT,ICT/SMC v2,long,,,43778.5,,43303.978144226974,44490.28278365953,45202.06556731907,9.13,400000.0,,,,,
2026-09-18T04:34:02.848314+00:00,open,,PEPEIRT,ICT/SMC v2,long,,,0.8285849999999999,,0.8159804312797727,0.8474918530803408,0.8663987061606816,482750.7,400000.0,,,,,
2026-09-18T04:48:30.531477+00:00,open,,ARBIRT,ICT/SMC v2,long,,,50267.5,,47483.50120778399,54443.498188324025,58619.49637664804,7.9574,400000.0,,,,,
2026-09-18T04:48:56.269798+00:00,open,,LINKIRT,ICT/SMC v2,long,,,2680003.0,,2651470.9741347963,2722801.0387978056,2765599.077595612,0.1492,400000.0,,,,,
2026-09-18T04:49:10.656025+00:00,open,,SUIIRT,ICT/SMC v2,long,,,177634.0,,174738.46206252227,181977.30690621657,186320.6138124332,2.2518,400000.0,,,,,
2026-09-18T04:49:27.300902+00:00,open,,XLMIRT,ICT/SMC v2,long,,,42918.15,,42477.61936602981,43578.94595095528,44239.74190191057,9.32,400000.0,,,,,
2026-09-18T04:49:30.583028+00:00,open,,XRPIRT,ICT/SMC v2,long,,,300713.5,,298036.23588959465,304729.396165608,308745.2923312159,1.3,400000.0,,,,,
2026-09-18T05:50:02.582322+00:00,close,,WIFIRT,ICT/SMC v2,long,,,43778.5,43303.978144226974,,,,4.56,,-2163.819662324998,4326777.24869789,SL,,
2026-09-18T05:50:03.026262+00:00,close,,WIFIRT,ICT/SMC v2,long,,,43778.5,43303.978144226974,,,,4.57,,-2168.5648808827286,4324608.683817008,SL,,
2026-09-18T06:18:31.081422+00:00,close,,ARBIRT,ICT/SMC v2,long,,,50267.5,47483.50120778399,,,,3.9787,,-11076.695994589856,4313531.987822418,SL,,
2026-09-18T06:18:31.581422+00:00,close,,ARBIRT,ICT/SMC v2,long,,,50267.5,47483.50120778399,,,,3.9787,,-11076.695994589856,4302455.291827829,SL,,
2026-09-18T07:04:36.367276+00:00,close,,TRBIRT,ICT/SMC v2,long,,,3854777.5,4028846.8999709096,,,,0.0519,,9034.201858490209,4311489.493686318,TP2,,
2026-09-18T07:04:45.155004+00:00,close,,XLMIRT,ICT/SMC v2,long,,,42918.15,42477.61936602981,,,,4.66,,-2052.8727543010987,4309436.620932017,SL,,
2026-09-18T07:04:45.655004+00:00,close,,XLMIRT,ICT/SMC v2,long,,,42918.15,42477.61936602981,,,,4.66,,-2052.8727543010987,4307383.7481777165,SL,,
2026-09-18T07:33:34.055862+00:00,close,,BTCIRT,ICT/SMC v2,long,,,17576851095.5,17685795185.1875,,,,1.137e-05,,1238.694299746875,4308622.442477464,TP1,,
2026-09-18T07:48:35.674747+00:00,close,,DOGEIRT,ICT/SMC v2,long,,,18401.5,19261.42434660753,,,,10.87,,9347.377647623864,4317969.820125087,TP2,,
2026-09-18T08:03:32.620662+00:00,close,,DOGEIRT,Supertrend+ADX,long,,,18566.0,19332.734891873497,,,,16.16,,12390.435852675711,4330360.255977763,TP2,,
2026-09-18T08:03:47.446583+00:00,close,,GRAMIRT,ICT/SMC v2,long,,,302217.5,310670.00628294214,,,,0.66178,,5593.699607925448,4335953.955585688,TP2,,
2026-09-18T08:19:00.930964+00:00,open,,NOTIRT,ICT/SMC v2,short,,,106.1,,107.22518305066572,104.4122254240014,102.72445084800285,3770.0,400000.0,,,,,
2026-09-18T08:19:11.448035+00:00,open,,SOLIRT,ICT/SMC v2,long,,,24116617.0,,23887988.378297955,24459559.932553064,24802502.86510613,0.016,400000.0,,,,,
2026-09-18T08:34:21.911445+00:00,close,,XRPIRT,ICT/SMC v2,long,,,300713.5,304729.396165608,,,,0.6,,2409.5376993648124,4338363.493285053,TP1,,
2026-09-18T09:04:07.271514+00:00,close,,BTCIRT,Supertrend+ADX,short,,,17357785117.5,17832298161.01116,,,,1.728e-05,,-8199.585391872877,4330163.907893181,SL,,
2026-09-18T09:04:07.771514+00:00,close,,BTCIRT,Supertrend+ADX,short,,,17357785117.5,17832298161.01116,,,,1.728e-05,,-8199.585391872877,4321964.322501308,SL,,
2026-09-18T09:04:10.528200+00:00,close,,BTCIRT,ICT/SMC v2,long,,,17576851095.5,17794739274.874992,,,,1.138e-05,,2479.567481287413,4324443.889982596,TP2,,
2026-09-18T09:33:58.078702+00:00,open,,SEIIRT,ICT/SMC v2,long,,,10736.5,,10624.04149578455,10905.187756323176,11073.87551264635,37.2,400000.0,,,,,
2026-09-18T09:49:18.196406+00:00,open,,WIFIRT,ICT/SMC v2,long,,,44225.0,,43767.00613723102,44911.990794153455,45598.98158830692,9.04,400000.0,,,,,
2026-09-18T10:03:37.764967+00:00,close,,FLOKIIRT,Supertrend+ADX,long,,,5.54571,5.716564578273329,,,,54095.8,,9242.515095358354,4333686.405077955,TP1,,
2026-09-18T10:03:39.549118+00:00,close,,FLOKIIRT,ICT/SMC v2,long,,,5.639745,5.720214023801793,,,,35462.5,,2853.632756571096,4336540.037834526,TP1,,
2026-09-18T10:03:53.478722+00:00,close,,PEPEIRT,ICT/SMC v2,long,,,0.8285849999999999,0.8474918530803408,,,,241375.3,,4563.647334323209,4341103.685168849,TP1,,
2026-09-18T10:04:04.727948+00:00,close,,SUIIRT,ICT/SMC v2,long,,,177634.0,181977.30690621657,,,,1.1259,,4890.12924570924,4345993.814414559,TP1,,
2026-09-18T13:38:59.851498+00:00,close,,FLOKIIRT,ICT/SMC v2,long,,,5.639745,5.800683047603586,,,,35462.6,,5707.281606946952,4351701.096021506,TP2,,
2026-09-18T13:39:08.672535+00:00,close,,LINKIRT,ICT/SMC v2,long,,,2680003.0,2722801.0387978056,,,,0.0746,,3192.733694316294,4354893.829715822,TP1,,
2026-09-18T13:39:09.555531+00:00,close,,LINKIRT,ICT/SMC v2,long,,,2680003.0,2680003.0,,,,0.0746,,0.0,4354893.829715822,SL,,
2026-09-18T13:41:28.510000+00:00,close,,NOTIRT,ICT/SMC v2,short,,,106.1,107.22518305066572,,,,1885.0,,-2120.9700505048927,4352772.859665317,SL,,
2026-09-18T13:41:29.010000+00:00,close,,NOTIRT,ICT/SMC v2,short,,,106.1,107.22518305066572,,,,1885.0,,-2120.9700505048927,4350651.889614813,SL,,
2026-09-18T13:41:51.742662+00:00,close,,SEIIRT,ICT/SMC v2,long,,,10736.5,10624.04149578455,,,,18.6,,-2091.728178407377,4348560.161436406,SL,,
2026-09-18T13:41:52.242662+00:00,close,,SEIIRT,ICT/SMC v2,long,,,10736.5,10624.04149578455,,,,18.6,,-2091.728178407377,4346468.433257999,SL,,
2026-09-18T13:42:56.106886+00:00,close,,SUIIRT,ICT/SMC v2,long,,,177634.0,177634.0,,,,1.1259,,0.0,4346468.433257999,SL,,
2026-09-18T13:43:04.351062+00:00,close,,TRBIRT,Supertrend+ADX,long,,,3884691.0,4107189.5022389255,,,,0.0772,,17176.884372845052,4363645.317630844,TP2,,
2026-09-18T13:43:11.300249+00:00,close,,WIFIRT,Supertrend+ADX,long,,,42469.5,44709.93004140938,,,,7.06,,15817.436092350232,4379462.753723195,TP1,,
2026-09-18T14:04:27.746537+00:00,close,,XRPIRT,ICT/SMC v2,long,,,300713.5,300713.5,,,,0.7,,0.0,4379462.753723195,SL,,
2026-09-18T15:32:29.541959+00:00,close,,ADAIRT,ICT/SMC v2,long,,,48634.5,49882.03620922135,,,,4.112307,,5130.251885934411,4384593.00560913,TP1,,
2026-09-18T15:32:30.349499+00:00,close,,ADAIRT,ICT/SMC v2,long,,,48634.5,48634.5,,,,4.112307,,0.0,4384593.00560913,SL,,
2026-09-18T15:53:52.540534+00:00,close,,PEPEIRT,ICT/SMC v2,long,,,0.8285849999999999,0.8663987061606816,,,,241375.4,,9127.298450017008,4393720.304059147,TP2,,
2026-09-18T15:53:58.717117+00:00,close,,SHIBIRT,ICT/SMC v2,long,,,1.21745,1.2423084831158748,,,,164277.7,,4083.694431764764,4397803.998490912,TP1,,
2026-09-18T16:35:11.218842+00:00,close,,WIFIRT,ICT/SMC v2,long,,,44225.0,43767.00613723102,,,,4.52,,-2070.1322597157764,4395733.866231197,SL,,
2026-09-18T16:35:11.718842+00:00,close,,WIFIRT,ICT/SMC v2,long,,,44225.0,43767.00613723102,,,,4.52,,-2070.1322597157764,4393663.733971481,SL,,
2026-09-18T21:06:15.372363+00:00,close,,WIFIRT,Supertrend+ADX,long,,,42469.5,46950.36008281876,,,,7.06,,31634.872184700413,4425298.606156182,TP2,,
2026-09-18T21:23:11.329077+00:00,close,,FLOKIIRT,Supertrend+ADX,long,,,5.54571,5.887419156546659,,,,54095.8,,18485.03019071676,4443783.636346898,TP2,,
2026-09-18T21:25:31.104901+00:00,open,,FLOKIIRT,ICT/SMC v2,long,,,5.867889999999999,,5.802518920627534,5.9659466190586965,6.064003238117393,68167.6,400000.0,,,,,
2026-09-18T21:28:02.036752+00:00,close,,SOLIRT,ICT/SMC v2,long,,,24116617.0,24459559.932553064,,,,0.008,,2743.543460424513,4446527.179807322,TP1,,
2026-09-18T21:28:03.015892+00:00,close,,SOLIRT,ICT/SMC v2,long,,,24116617.0,24116617.0,,,,0.008,,0.0,4446527.179807322,SL,,
2026-09-18T22:48:35.534764+00:00,open,,ARBIRT,ICT/SMC v2,long,,,49520.0,,47568.82621775421,52446.76067336868,55373.52134673736,8.0775,400000.0,,,,,
2026-09-18T22:53:21.085004+00:00,open,,LINKIRT,ICT/SMC v2,long,,,2783481.5,,2753644.482720371,2828237.0259194435,2872992.551838887,0.1437,400000.0,,,,,
2026-09-18T22:55:41.426606+00:00,open,,NOTIRT,ICT/SMC v2,long,,,108.55,,107.56576424021242,110.02635363968136,111.50270727936272,3684.9,400000.0,,,,,
2026-09-18T22:55:57.626900+00:00,open,,TRBIRT,ICT/SMC v2,long,,,4189795.5,,4144507.831699563,4257727.002450655,4325658.50490131,0.0954,400000.0,,,,,
2026-09-18T22:56:05.893432+00:00,open,,XRPIRT,ICT/SMC v2,long,,,316838.0,,313036.5535584709,322540.1696622936,328242.33932458714,1.2,400000.0,,,,,
2026-09-18T23:25:34.392722+00:00,open,,GRAMIRT,ICT/SMC v2,long,,,312215.5,,309737.3633736596,315932.70493951056,319649.9098790211,1.28116,400000.0,,,,,
2026-09-19T01:05:54.559811+00:00,close,,FLOKIIRT,ICT/SMC v2,long,,,5.867889999999999,5.802518920627534,,,,34083.8,,-2228.094795115219,4444299.085012207,SL,,
2026-09-19T01:05:55.059811+00:00,close,,FLOKIIRT,ICT/SMC v2,long,,,5.867889999999999,5.802518920627534,,,,34083.8,,-2228.094795115219,4442070.9902170915,SL,,
2026-09-19T01:10:51.313915+00:00,open,,SUIIRT,ICT/SMC v2,long,,,185592.0,,183050.2218048548,189404.66729271784,193217.3345854357,2.1552,400000.0,,,,,
2026-09-19T01:25:21.915293+00:00,open,,DOGSIRT,ICT/SMC v2,long,,,10.835,,10.716415700097173,11.012876449854248,11.190752899708492,36917.3,400000.0,,,,,
2026-09-19T01:25:30.421239+00:00,close,,GRAMIRT,ICT/SMC v2,long,,,312215.5,309737.3633736596,,,,0.64058,,-1587.4447601011277,4440483.545456991,SL,,
2026-09-19T01:25:30.921239+00:00,close,,GRAMIRT,ICT/SMC v2,long,,,312215.5,309737.3633736596,,,,0.64058,,-1587.4447601011277,4438896.10069689,SL,,
2026-09-19T01:25:39.771870+00:00,close,,NOTIRT,ICT/SMC v2,long,,,108.55,107.56576424021242,,,,1842.4,,-1813.3559638326385,4437082.744733057,SL,,
2026-09-19T01:25:40.121904+00:00,close,,NOTIRT,ICT/SMC v2,long,,,108.55,107.56576424021242,,,,1842.5,,-1813.4543874086169,4435269.290345648,SL,,
2026-09-19T01:30:36.092185+00:00,open,,XLMIRT,ICT/SMC v2,long,,,43647.45,,43140.24201727871,44408.26197408193,45169.07394816385,9.1643,400000.0,,,,,
2026-09-19T01:37:51.243605+00:00,open,,ADAIRT,ICT/SMC v2,long,,,51027.5,,50281.35966249924,52146.71050625113,53265.921012502266,7.83891,400000.0,,,,,
2026-09-19T01:42:25.661791+00:00,open,,BTCIRT,ICT/SMC v2,long,,,18389587953.5,,18289959472.49341,18539030675.009888,18688473396.51978,2.175e-05,400000.0,,,,,
2026-09-19T02:24:32.520170+00:00,close,,ADAIRT,ICT/SMC v2,long,,,51027.5,52146.71050625113,,,,3.919455,,4386.695214778534,4439655.9855604265,TP1,,
2026-09-19T02:43:05.197246+00:00,close,,XRPIRT,ICT/SMC v2,long,,,316838.0,322540.1696622936,,,,0.6,,3421.301797376142,4443077.2873578025,TP1,,
2026-09-19T02:55:30.262863+00:00,open,,FLOKIIRT,Supertrend+ADX,long,,,5.879375,,5.7507025110832455,6.07238373337513,6.265392466750262,102051.6,600000.0,,,,,
2026-09-19T02:58:12.879869+00:00,close,,TRBIRT,ICT/SMC v2,long,,,4189795.5,4257727.002450655,,,,0.0477,,3240.3326668962536,4446317.620024699,TP1,,
2026-09-19T03:05:49.815751+00:00,close,,ADAIRT,ICT/SMC v2,long,,,51027.5,53265.921012502266,,,,3.919455,,8773.390429557068,4455091.010454256,TP2,,
2026-09-19T04:10:01.436042+00:00,close,,XLMIRT,ICT/SMC v2,long,,,43647.45,44408.26197408193,,,,4.5821,,3486.1165464408164,4458577.127000697,TP1,,
2026-09-19T04:47:24.854712+00:00,open,,PEPEIRT,ICT/SMC v2,long,,,0.857805,,0.8438637355268677,0.8787168967096985,0.8996287934193973,466306.4,400000.0,,,,,
2026-09-19T04:54:23.770345+00:00,close,,TRBIRT,ICT/SMC v2,long,,,4189795.5,4189795.5,,,,0.0477,,0.0,4458577.127000697,SL,,
2026-09-19T05:14:10.324626+00:00,close,,ARBIRT,ICT/SMC v2,long,,,49520.0,47568.82621775421,,,,4.0387,,-7880.205554356061,4450696.921446341,SL,,
2026-09-19T05:14:10.698922+00:00,close,,ARBIRT,ICT/SMC v2,long,,,49520.0,47568.82621775421,,,,4.0388,,-7880.400671734285,4442816.520774607,SL,,
2026-09-19T05:46:15.082581+00:00,open,,HBARIRT,ICT/SMC v2,short,,,17965.5,,18137.88766702848,17706.918499457286,17448.33699891457,22.2648,400000.0,,,,,
2026-09-19T06:42:54.891438+00:00,close,,FLOKIIRT,Supertrend+ADX,long,,,5.879375,5.7507025110832455,,,,51025.8,,-6565.616684968511,4436250.904089638,SL,,
2026-09-19T06:42:55.391438+00:00,close,,FLOKIIRT,Supertrend+ADX,long,,,5.879375,5.7507025110832455,,,,51025.8,,-6565.616684968511,4429685.287404669,SL,,
2026-09-19T06:43:13.992071+00:00,close,,SHIBIRT,ICT/SMC v2,long,,,1.21745,1.21745,,,,164277.8,,0.0,4429685.287404669,SL,,
2026-09-19T07:18:48.096005+00:00,open,,GRAMIRT,ICT/SMC v2,long,,,308385.0,,306022.95627053344,311928.0655941998,315471.1311883996,1.29707,400000.0,,,,,
2026-09-19T07:33:51.101329+00:00,open,,NOTIRT,ICT/SMC v2,long,,,107.85,,106.07920374218932,110.506194386716,113.162388773432,3708.8,400000.0,,,,,
2026-09-19T07:49:15.969993+00:00,close,,XLMIRT,ICT/SMC v2,long,,,43647.45,43647.45,,,,4.5822,,0.0,4429685.287404669,SL,,
2026-09-19T08:18:33.827684+00:00,close,,DOGSIRT,ICT/SMC v2,long,,,10.835,11.012876449854248,,,,18458.6,,3283.350237279614,4432968.637641949,TP1,,
2026-09-19T08:18:47.823566+00:00,close,,LINKIRT,ICT/SMC v2,long,,,2783481.5,2828237.0259194435,,,,0.0718,,3213.446761016041,4436182.084402964,TP1,,
2026-09-19T08:33:29.508605+00:00,close,,BTCIRT,ICT/SMC v2,long,,,18389587953.5,18539030675.009888,,,,1.087e-05,,1624.442382812479,4437806.526785777,TP1,,
2026-09-19T08:33:43.074353+00:00,close,,GRAMIRT,ICT/SMC v2,long,,,308385.0,311928.0655941998,,,,0.64853,,2297.7843298064045,4440104.311115583,TP1,,
2026-09-19T08:33:46.366003+00:00,close,,HBARIRT,ICT/SMC v2,short,,,17965.5,18137.88766702848,,,,11.1324,,-1919.0884644277787,4438185.222651156,SL,,
2026-09-19T08:33:46.866003+00:00,close,,HBARIRT,ICT/SMC v2,short,,,17965.5,18137.88766702848,,,,11.1324,,-1919.0884644277787,4436266.134186728,SL,,
2026-09-19T08:33:50.501827+00:00,open,,HBARIRT,ICT/SMC v2,short,,,18138.5,,18330.51919564544,17850.471206531838,17562.44241306368,22.0525,400000.0,,,,,
2026-09-19T08:34:02.794382+00:00,open,,SHIBIRT,ICT/SMC v2,short,,,1.24585,,1.2592010668388005,1.225823399741799,1.205796799483598,321065.9,400000.0,,,,,
2026-09-19T08:34:06.126602+00:00,open,,SOLIRT,ICT/SMC v2,short,,,25734934.0,,25941525.616423786,25425046.57536432,25115159.150728647,0.015,400000.0,,,,,
2026-09-19T08:48:32.092129+00:00,close,,BTCIRT,ICT/SMC v2,long,,,18389587953.5,18688473396.51978,,,,1.088e-05,,3251.873620055197,4439518.007806784,TP2,,
2026-09-19T09:03:34.761835+00:00,open,,FLOKIIRT,Supertrend+ADX,long,,,5.933845,,5.793107970348349,6.144950544477476,6.356056088954952,101114.8,600000.0,,,,,
2026-09-19T09:18:32.039092+00:00,open,,ADAIRT,ICT/SMC v2,long,,,51156.5,,50479.17070776432,52172.49393835352,53188.48787670703,7.819143,400000.0,,,,,
2026-09-19T09:19:08.494789+00:00,close,,SUIIRT,ICT/SMC v2,long,,,185592.0,189404.66729271784,,,,1.0776,,4108.530274632749,4443626.538081416,TP1,,
2026-09-19T09:48:32.364285+00:00,open,,BTCIRT,ICT/SMC v2,long,,,18602693238.5,,18537569772.08385,18700378438.124226,18798063637.74845,2.15e-05,400000.0,,,,,
2026-09-19T09:48:42.856427+00:00,open,,ETHIRT,ICT/SMC v2,long,,,603669132.5,,598956456.2765756,610738146.8351367,617807161.1702734,0.000662,400000.0,,,,,
2026-09-19T09:49:11.607909+00:00,open,,SUIIRT,Supertrend+ADX,long,,,190940.0,,185893.0799967076,198510.3800049385,206080.7600098772,3.1423,600000.0,,,,,
2026-09-19T10:18:49.932683+00:00,close,,HBARIRT,ICT/SMC v2,short,,,18138.5,18330.51919564544,,,,11.0262,,-2117.242055025751,4441509.29602639,SL,,
2026-09-19T10:18:50.432683+00:00,close,,HBARIRT,ICT/SMC v2,short,,,18138.5,18330.51919564544,,,,11.0262,,-2117.242055025751,4439392.053971364,SL,,
2026-09-19T10:33:47.578219+00:00,open,,HBARIRT,Supertrend+ADX,long,,,18408.5,,17997.712628773606,19024.68105683959,19640.862113679173,32.5936,600000.0,,,,,
2026-09-19T10:33:50.450846+00:00,close,,LINKIRT,ICT/SMC v2,long,,,2783481.5,2872992.551838887,,,,0.0718,,6426.893522032082,4445818.947493397,TP2,,
2026-09-19T10:34:06.505685+00:00,close,,SUIIRT,ICT/SMC v2,long,,,185592.0,193217.3345854357,,,,1.0776,,8217.060549265498,4454036.008042662,TP2,,
2026-09-19T11:03:53.146326+00:00,open,,LINKIRT,ICT/SMC v2,long,,,2868054.0,,2838660.695672233,2912143.95649165,2956233.9129833,0.1394,400000.0,,,,,
2026-09-19T11:18:54.366421+00:00,close,,GRAMIRT,ICT/SMC v2,long,,,308385.0,315471.1311883996,,,,0.64853,,4595.568659612809,4458631.576702275,TP2,,
2026-09-19T11:19:16.047720+00:00,close,,SUIIRT,Supertrend+ADX,long,,,190940.0,198510.3800049385,,,,1.5711,,11893.824025758997,4470525.400728034,TP1,,
2026-09-19T12:19:26.482130+00:00,close,,XRPIRT,ICT/SMC v2,long,,,316838.0,328242.33932458714,,,,0.6,,6842.603594752284,4477368.004322786,TP2,,
2026-09-19T12:34:17.441142+00:00,open,,SUIIRT,ICT/SMC v2,long,,,195725.0,,192208.54175663885,200999.6873650417,206274.37473008345,2.0436,400000.0,,,,,
2026-09-19T12:34:24.516398+00:00,open,,TRBIRT,ICT/SMC v2,long,,,4272466.0,,4230624.351224136,4335228.473163796,4397990.946327591,0.0936,400000.0,,,,,
2026-09-19T12:49:29.464141+00:00,open,,XLMIRT,Supertrend+ADX,long,,,44949.1,,44152.1110379013,46144.58344314805,47340.066886296096,13.3484,600000.0,,,,,
2026-09-19T13:03:38.476592+00:00,open,,DOGEIRT,ICT/SMC v2,long,,,20379.0,,20192.82801878128,20658.25797182808,20937.51594365615,19.62,400000.0,,,,,
2026-09-19T13:18:28.355877+00:00,close,,ADAIRT,ICT/SMC v2,long,,,51156.5,52172.49393835352,,,,3.909571,,3972.100437562696,4481340.104760349,TP1,,
2026-09-19T13:19:04.623948+00:00,close,,PEPEIRT,ICT/SMC v2,long,,,0.857805,0.8787168967096985,,,,233153.2,,4875.675635935679,4486215.780396285,TP1,,
2026-09-19T13:19:34.649435+00:00,close,,XLMIRT,Supertrend+ADX,long,,,44949.1,46144.58344314805,,,,6.6742,,7978.895596258754,4494194.675992543,TP1,,
2026-09-19T13:34:08.159221+00:00,close,,SHIBIRT,ICT/SMC v2,short,,,1.24585,1.2592010668388005,,,,160532.9,,-2143.285477726494,4492051.390514816,SL,,
2026-09-19T13:34:08.603656+00:00,close,,SHIBIRT,ICT/SMC v2,short,,,1.24585,1.2592010668388005,,,,160533.0,,-2143.286812833178,4489908.103701983,SL,,
2026-09-19T14:34:26.242187+00:00,open,,SHIBIRT,Supertrend+ADX,long,,,1.2621,,1.2325019093451584,1.306497135982262,1.3508942719645247,475398.1,600000.0,,,,,
2026-09-19T15:03:51.069491+00:00,open,,GRAMIRT,ICT/SMC v2,long,,,318537.0,,315839.80050795205,322582.7992380719,326628.5984761437,1.25574,400000.0,,,,,
2026-09-19T15:18:31.483134+00:00,close,,BTCIRT,ICT/SMC v2,long,,,18602693238.5,18700378438.124226,,,,1.075e-05,,1050.1158959604254,4490958.219597943,TP1,,
2026-09-19T15:49:13.212446+00:00,close,,SUIIRT,ICT/SMC v2,long,,,195725.0,192208.54175663885,,,,1.0218,,-3593.117033066424,4487365.102564877,SL,,
2026-09-19T15:49:13.712446+00:00,close,,SUIIRT,ICT/SMC v2,long,,,195725.0,192208.54175663885,,,,1.0218,,-3593.117033066424,4483771.985531811,SL,,
2026-09-19T16:19:11.877081+00:00,close,,PEPEIRT,ICT/SMC v2,long,,,0.857805,0.8996287934193973,,,,233153.2,,9751.351271871408,4493523.336803682,TP2,,
2026-09-19T16:19:15.591536+00:00,open,,PEPEIRT,Supertrend+ADX,long,,,0.895865,,0.8539547508837185,0.9587303736744224,1.0215957473488446,669743.7,600000.0,,,,,
2026-09-19T16:34:30.660987+00:00,open,,TRXIRT,Supertrend+ADX,long,,,77651.0,,77325.55451067726,78139.1682339841,78627.33646796821,7.72,600000.0,,,,,
2026-09-19T17:18:32.981691+00:00,close,,DOGEIRT,ICT/SMC v2,long,,,20379.0,20658.25797182808,,,,9.81,,2739.52070363346,4496262.857507315,TP1,,
2026-09-19T17:18:42.403189+00:00,close,,FLOKIIRT,Supertrend+ADX,long,,,5.933845,6.144950544477476,,,,50557.4,,10672.94745436556,4506935.804961681,TP1,,
2026-09-19T17:18:58.224754+00:00,close,,NOTIRT,ICT/SMC v2,long,,,107.85,110.506194386716,,,,1854.4,,4925.646870726168,4511861.451832407,TP1,,
2026-09-19T17:19:04.913455+00:00,close,,PEPEIRT,Supertrend+ADX,long,,,0.895865,0.9587303736744224,,,,334871.8,,21051.84084002639,4532913.292672434,TP1,,
2026-09-19T17:49:18.114336+00:00,open,,SUIIRT,ICT/SMC v2,long,,,196918.5,,193497.04334597875,202050.68498103195,207182.8699620638,2.0312,400000.0,,,,,
2026-09-19T18:04:32.025198+00:00,open,,PEPEIRT,ICT/SMC v2,long,,,0.97583,,0.947169189358564,1.018821215962154,1.0618124319243083,409907.4,400000.0,,,,,
2026-09-19T18:05:04.788423+00:00,open,,WIFIRT,ICT/SMC v2,long,,,49004.0,,48121.8375917795,50327.24361233076,51650.48722466152,8.16,400000.0,,,,,
2026-09-19T18:18:35.840821+00:00,close,,BTCIRT,ICT/SMC v2,long,,,18602693238.5,18602693238.5,,,,1.075e-05,,0.0,4532913.292672434,SL,,
2026-09-19T18:19:12.514863+00:00,open,,HBARIRT,ICT/SMC v2,long,,,18670.5,,18442.91792695486,19011.87310956771,19353.246219135428,21.4241,400000.0,,,,,
2026-09-19T18:19:40.246009+00:00,close,,SOLIRT,ICT/SMC v2,short,,,25734934.0,25425046.57536432,,,,0.007,,2169.2119724497497,4535082.504644884,TP1,,
2026-09-19T18:33:52.633676+00:00,close,,GRAMIRT,ICT/SMC v2,long,,,318537.0,315839.80050795205,,,,0.62787,,-1693.4906450721453,4533389.013999811,SL,,
2026-09-19T18:33:53.133676+00:00,close,,GRAMIRT,ICT/SMC v2,long,,,318537.0,315839.80050795205,,,,0.62787,,-1693.4906450721453,4531695.523354739,SL,,
2026-09-19T18:34:30.288616+00:00,close,,TRBIRT,ICT/SMC v2,long,,,4272466.0,4335228.473163796,,,,0.0468,,2937.2837440656367,4534632.807098805,TP1,,
2026-09-19T18:34:31.104227+00:00,close,,TRBIRT,ICT/SMC v2,long,,,4272466.0,4397990.946327591,,,,0.0468,,5874.567488131273,4540507.374586936,TP2,,
2026-09-19T18:34:35.891532+00:00,close,,TRXIRT,Supertrend+ADX,long,,,77651.0,77325.55451067726,,,,3.86,,-1256.219588785767,4539251.154998151,SL,,
2026-09-19T18:34:36.391532+00:00,close,,TRXIRT,Supertrend+ADX,long,,,77651.0,77325.55451067726,,,,3.86,,-1256.219588785767,4537994.935409365,SL,,
2026-09-19T18:34:47.430217+00:00,close,,XLMIRT,Supertrend+ADX,long,,,44949.1,44949.1,,,,6.6742,,0.0,4537994.935409365,SL,,
2026-09-19T19:03:34.636200+00:00,close,,DOGEIRT,ICT/SMC v2,long,,,20379.0,20379.0,,,,9.81,,0.0,4537994.935409365,SL,,
2026-09-19T19:19:38.097751+00:00,open,,TRBIRT,ICT/SMC v2,long,,,4356871.0,,4284721.185459509,4465095.721810738,4573320.443621475,0.0918,400000.0,,,,,
2026-09-19T20:18:40.942845+00:00,close,,DOGSIRT,ICT/SMC v2,long,,,10.835,10.835,,,,18458.7,,0.0,4537994.935409365,SL,,
2026-09-19T20:19:17.949872+00:00,open,,SHIBIRT,ICT/SMC v2,long,,,1.2695,,1.2474751209276034,1.3025373186085951,1.3355746372171904,315084.6,400000.0,,,,,
2026-09-19T20:49:41.368521+00:00,close,,TRBIRT,ICT/SMC v2,long,,,4356871.0,4284721.185459509,,,,0.0459,,-3311.676487408557,4534683.258921957,SL,,
2026-09-19T20:49:41.868521+00:00,close,,TRBIRT,ICT/SMC v2,long,,,4356871.0,4284721.185459509,,,,0.0459,,-3311.676487408557,4531371.582434548,SL,,
2026-09-19T21:03:38.352221+00:00,close,,ETHIRT,ICT/SMC v2,long,,,603669132.5,598956456.2765756,,,,0.000331,,-1559.895829953488,4529811.686604595,SL,,
2026-09-19T21:03:38.852221+00:00,close,,ETHIRT,ICT/SMC v2,long,,,603669132.5,598956456.2765756,,,,0.000331,,-1559.895829953488,4528251.790774642,SL,,
2026-09-19T21:04:16.662244+00:00,open,,SEIIRT,ICT/SMC v2,long,,,11411.5,,11258.243762998893,11641.384355501665,11871.268711003324,35.0,400000.0,,,,,
2026-09-19T21:04:38.885704+00:00,open,,TRBIRT,ICT/SMC v2,long,,,4268553.0,,4200216.301542994,4371058.047685511,4473563.095371021,0.0937,400000.0,,,,,
2026-09-19T21:18:38.332300+00:00,open,,DOGSIRT,ICT/SMC v2,short,,,10.74,,10.866131108625186,10.550803337062222,10.361606674124443,37243.9,400000.0,,,,,
2026-09-19T21:18:56.312440+00:00,close,,HBARIRT,ICT/SMC v2,long,,,18670.5,18442.91792695486,,,,10.712,,-2437.859166459555,4525813.931608182,SL,,
2026-09-19T21:18:56.623126+00:00,close,,HBARIRT,ICT/SMC v2,long,,,18670.5,18442.91792695486,,,,10.7121,,-2437.8819246668595,4523376.049683516,SL,,
2026-09-19T21:19:02.750282+00:00,close,,LINKIRT,ICT/SMC v2,long,,,2868054.0,2838660.695672233,,,,0.0697,,-2048.713311645351,4521327.336371871,SL,,
2026-09-19T21:19:03.250282+00:00,close,,LINKIRT,ICT/SMC v2,long,,,2868054.0,2838660.695672233,,,,0.0697,,-2048.713311645351,4519278.6230602255,SL,,
2026-09-19T21:19:47.858478+00:00,close,,WIFIRT,ICT/SMC v2,long,,,49004.0,48121.8375917795,,,,4.08,,-3599.2226255396467,4515679.400434686,SL,,
2026-09-19T21:19:48.358478+00:00,close,,WIFIRT,ICT/SMC v2,long,,,49004.0,48121.8375917795,,,,4.08,,-3599.2226255396467,4512080.177809146,SL,,
2026-09-19T21:33:40.596714+00:00,close,,FLOKIIRT,Supertrend+ADX,long,,,5.933845,5.933845,,,,50557.4,,0.0,4512080.177809146,SL,,
2026-09-19T21:33:53.921913+00:00,close,,NOTIRT,ICT/SMC v2,long,,,107.85,107.85,,,,1854.4,,0.0,4512080.177809146,SL,,
2026-09-19T21:34:00.299174+00:00,close,,PEPEIRT,ICT/SMC v2,long,,,0.97583,0.947169189358564,,,,204953.7,,-5874.139185961704,4506206.038623185,SL,,
2026-09-19T21:34:00.799174+00:00,close,,PEPEIRT,ICT/SMC v2,long,,,0.97583,0.947169189358564,,,,204953.7,,-5874.139185961704,4500331.899437224,SL,,
2026-09-19T21:34:06.753508+00:00,close,,SEIIRT,ICT/SMC v2,long,,,11411.5,11258.243762998893,,,,17.5,,-2681.984147519379,4497649.915289704,SL,,
2026-09-19T21:34:07.253508+00:00,close,,SEIIRT,ICT/SMC v2,long,,,11411.5,11258.243762998893,,,,17.5,,-2681.984147519379,4494967.931142184,SL,,
2026-09-19T21:34:13.136820+00:00,close,,SHIBIRT,ICT/SMC v2,long,,,1.2695,1.2474751209276034,,,,157542.3,,-3469.850106287242,4491498.081035897,SL,,
2026-09-19T21:34:13.636820+00:00,close,,SHIBIRT,ICT/SMC v2,long,,,1.2695,1.2474751209276034,,,,157542.3,,-3469.850106287242,4488028.23092961,SL,,
2026-09-19T22:04:01.424378+00:00,close,,TRBIRT,ICT/SMC v2,long,,,4268553.0,4200216.301542994,,,,0.0468,,-3198.157487787898,4484830.073441822,SL,,
2026-09-19T22:04:01.952710+00:00,close,,TRBIRT,ICT/SMC v2,long,,,4268553.0,4200216.301542994,,,,0.0469,,-3204.9911576335985,4481625.082284189,SL,,
2026-09-19T22:19:05.618436+00:00,close,,SOLIRT,ICT/SMC v2,short,,,25734934.0,25115159.150728647,,,,0.008,,4958.198794170827,4486583.28107836,TP2,,
2026-09-19T22:19:10.553631+00:00,close,,SUIIRT,ICT/SMC v2,long,,,196918.5,193497.04334597875,,,,1.0156,,-3474.8313778239863,4483108.449700536,SL,,
2026-09-19T22:19:11.053631+00:00,close,,SUIIRT,ICT/SMC v2,long,,,196918.5,193497.04334597875,,,,1.0156,,-3474.8313778239863,4479633.618322712,SL,,
2026-09-19T22:48:36.656929+00:00,close,,DOGSIRT,ICT/SMC v2,short,,,10.74,10.866131108625186,,,,18621.9,,-2348.8008917073544,4477284.817431005,SL,,
2026-09-19T22:48:37.181820+00:00,close,,DOGSIRT,ICT/SMC v2,short,,,10.74,10.866131108625186,,,,18622.0,,-2348.813504818217,4474936.003926187,SL,,
2026-09-19T23:33:34.782886+00:00,open,,DOGEIRT,ICT/SMC v2,short,,,20086.5,,20347.65342730292,19694.769859045617,19303.03971809124,19.91,400000.0,,,,,
2026-09-20T00:34:09.378866+00:00,open,,TRBIRT,ICT/SMC v2,short,,,4255790.0,,4314389.80734051,4167890.288989234,4079990.577978469,0.0939,400000.0,,,,,
2026-09-20T01:18:45.325652+00:00,close,,HBARIRT,Supertrend+ADX,long,,,18408.5,19024.68105683959,,,,16.2968,,10041.779447103409,4484977.783373291,TP1,,
2026-09-20T01:33:56.719071+00:00,open,,SEIIRT,ICT/SMC v2,long,,,11237.0,,11098.077416102087,11445.383875846866,11653.767751693736,35.5,400000.0,,,,,
2026-09-20T01:48:48.256073+00:00,open,,HBARIRT,ICT/SMC v2,long,,,18854.0,,18574.63661808621,19273.04507287068,19692.09014574137,21.2156,400000.0,,,,,
2026-09-20T02:03:47.787315+00:00,open,,NOTIRT,Supertrend+ADX,long,,,110.1,,107.91711979290008,113.37432031064988,116.64864062129972,5449.5,600000.0,,,,,
2026-09-20T02:18:32.076018+00:00,open,,ARBIRT,Supertrend+ADX,long,,,48092.5,,45764.33259888183,51584.751101677255,55077.00220335451,12.4759,600000.0,,,,,
2026-09-20T02:40:30.504833+00:00,close,,HBARIRT,ICT/SMC v2,long,,,18854.0,18574.63661808621,,,,10.6078,,-2963.4308826651054,4482014.352490625,SL,,
2026-09-20T02:40:31.004833+00:00,close,,HBARIRT,ICT/SMC v2,long,,,18854.0,18574.63661808621,,,,10.6078,,-2963.4308826651054,4479050.92160796,SL,,
2026-09-20T02:48:28.312711+00:00,close,,ADAIRT,ICT/SMC v2,long,,,51156.5,51156.5,,,,3.909572,,0.0,4479050.92160796,SL,,
2026-09-20T02:48:35.472732+00:00,open,,ARBIRT,ICT/SMC v2,long,,,46971.5,,45771.40678018847,48771.6398297173,50571.77965943461,8.5158,400000.0,,,,,
2026-09-20T02:51:09.043659+00:00,close,,HBARIRT,Supertrend+ADX,long,,,18408.5,18408.5,,,,16.2968,,0.0,4479050.92160796,SL,,
2026-09-20T02:51:15.846590+00:00,close,,NOTIRT,Supertrend+ADX,long,,,110.1,107.91711979290008,,,,2724.7,,-5947.693700285133,4473103.227907675,SL,,
2026-09-20T02:51:16.155914+00:00,close,,NOTIRT,Supertrend+ADX,long,,,110.1,107.91711979290008,,,,2724.8,,-5947.911988305844,4467155.315919369,SL,,
2026-09-20T02:55:56.613111+00:00,close,,SEIIRT,ICT/SMC v2,long,,,11237.0,11098.077416102087,,,,17.7,,-2458.929734993024,4464696.386184377,SL,,
2026-09-20T02:55:57.029740+00:00,close,,SEIIRT,ICT/SMC v2,long,,,11237.0,11098.077416102087,,,,17.8,,-2472.821993382815,4462223.564190994,SL,,
2026-09-20T02:58:15.145061+00:00,close,,SHIBIRT,Supertrend+ADX,long,,,1.2621,1.2325019093451584,,,,237699.0,,-7035.436550565205,4455188.127640429,SL,,
2026-09-20T02:58:15.645061+00:00,close,,SHIBIRT,Supertrend+ADX,long,,,1.2621,1.2325019093451584,,,,237699.0,,-7035.436550565205,4448152.691089864,SL,,
2026-09-20T03:00:38.731335+00:00,close,,SUIIRT,Supertrend+ADX,long,,,190940.0,190940.0,,,,1.5712,,0.0,4448152.691089864,SL,,
2026-09-20T03:03:02.198216+00:00,close,,TRBIRT,ICT/SMC v2,short,,,4255790.0,4167890.288989234,,,,0.0469,,4122.4964464049135,4452275.1875362685,TP1,,
2026-09-20T03:18:34.252564+00:00,close,,DOGEIRT,ICT/SMC v2,short,,,20086.5,19694.769859045617,,,,9.95,,3897.7149024961145,4456172.902438764,TP1,,
2026-09-20T03:19:11.197389+00:00,open,,TIAIRT,ICT/SMC v2,short,,,96668.0,,98929.67826349998,93275.48260475002,89882.96520950006,4.1378,400000.0,,,,,
2026-09-20T03:33:27.308457+00:00,close,,ARBIRT,ICT/SMC v2,long,,,46971.5,48771.6398297173,,,,4.2579,,7664.815380953292,4463837.717819718,TP1,,
2026-09-20T03:33:55.498678+00:00,open,,SOLIRT,ICT/SMC v2,short,,,24843862.0,,25141363.97094675,24397609.04357988,23951356.08715974,0.016,400000.0,,,,,
2026-09-20T04:18:34.792686+00:00,open,,BTCIRT,ICT/SMC v2,short,,,18399588093.0,,18480054790.4615,18278888046.80775,18158188000.615505,2.173e-05,400000.0,,,,,
2026-09-20T04:19:16.203001+00:00,open,,TRXIRT,ICT/SMC v2,short,,,77721.5,,77933.93408997268,77402.84886504097,77084.19773008194,5.14,400000.0,,,,,
2026-09-20T04:34:12.295845+00:00,close,,TRXIRT,ICT/SMC v2,short,,,77721.5,77933.93408997268,,,,2.57,,-545.9556112297907,4463291.762208488,SL,,
2026-09-20T04:34:12.795845+00:00,close,,TRXIRT,ICT/SMC v2,short,,,77721.5,77933.93408997268,,,,2.57,,-545.9556112297907,4462745.806597258,SL,,
2026-09-20T04:48:50.422787+00:00,open,,HBARIRT,ICT/SMC v2,short,,,18460.5,,18788.683399237405,17968.22490114389,17475.949802287785,21.6678,400000.0,,,,,
2026-09-20T05:18:32.075107+00:00,close,,BTCIRT,ICT/SMC v2,short,,,18399588093.0,18480054790.4615,,,,1.086e-05,,-873.8683344318711,4461871.938262826,SL,,
2026-09-20T05:18:32.594851+00:00,close,,BTCIRT,ICT/SMC v2,short,,,18399588093.0,18480054790.4615,,,,1.087e-05,,-874.673001406486,4460997.265261419,SL,,
2026-09-20T06:18:29.374365+00:00,open,,ADAIRT,ICT/SMC v2,short,,,50620.0,,51399.60154212832,49450.59768680753,48281.19537361506,7.902015,400000.0,,,,,
2026-09-20T07:18:48.317673+00:00,close,,HBARIRT,ICT/SMC v2,short,,,18460.5,18788.683399237405,,,,10.8339,,-3555.5061289981213,4457441.759132421,SL,,
2026-09-20T07:18:48.817673+00:00,close,,HBARIRT,ICT/SMC v2,short,,,18460.5,18788.683399237405,,,,10.8339,,-3555.5061289981213,4453886.253003422,SL,,
2026-09-20T07:49:03.473740+00:00,close,,SOLIRT,ICT/SMC v2,short,,,24843862.0,25141363.97094675,,,,0.008,,-2380.0157675740124,4451506.237235848,SL,,
2026-09-20T07:49:03.973740+00:00,close,,SOLIRT,ICT/SMC v2,short,,,24843862.0,25141363.97094675,,,,0.008,,-2380.0157675740124,4449126.221468274,SL,,
2026-09-20T07:49:17.135563+00:00,close,,TRBIRT,ICT/SMC v2,short,,,4255790.0,4079990.577978469,,,,0.047,,8262.57283501198,4457388.794303286,TP2,,
2026-09-20T08:18:49.636360+00:00,open,,FLOKIIRT,ICT/SMC v2,short,,,5.88355,,5.962372205785463,5.765316691321805,5.6470833826436095,67986.1,400000.0,,,,,
2026-09-20T08:19:16.998635+00:00,open,,TRBIRT,ICT/SMC v2,short,,,4081545.0,,4133311.489499285,4003895.265751073,3926245.531502146,0.098,400000.0,,,,,
2026-09-20T09:49:12.190595+00:00,open,,SOLIRT,ICT/SMC v2,short,,,25064565.5,,25255040.48383756,24778853.024243657,24493140.54848732,0.015,400000.0,,,,,
2026-09-20T10:18:38.098998+00:00,open,,BTCIRT,ICT/SMC v2,long,,,18576099747.0,,18510490960.63269,18674512926.55096,18772926106.101906,2.153e-05,400000.0,,,,,
2026-09-20T10:18:52.909018+00:00,open,,HBARIRT,ICT/SMC v2,long,,,18739.0,,18471.442141580566,19140.336787629152,19541.673575258304,21.3458,400000.0,,,,,
2026-09-20T10:19:08.626439+00:00,open,,SUIIRT,ICT/SMC v2,long,,,188449.5,,185157.01149085985,193388.23276371023,198326.96552742049,2.1225,400000.0,,,,,
2026-09-20T10:19:26.551139+00:00,open,,XRPIRT,ICT/SMC v2,long,,,318895.0,,316328.10235253675,322745.3464711948,326595.6929423897,1.2,400000.0,,,,,
2026-09-20T10:48:40.812016+00:00,open,,DOGSIRT,ICT/SMC v2,short,,,10.535,,10.67656577541452,10.322651336878222,10.110302673756443,37968.6,400000.0,,,,,
2026-09-20T11:19:03.111978+00:00,open,,NOTIRT,ICT/SMC v2,short,,,106.1,,107.3213964357496,104.2679053463756,102.4358106927512,3770.0,400000.0,,,,,
2026-09-20T11:19:33.446219+00:00,open,,XLMIRT,ICT/SMC v2,short,,,43871.75,,44350.51079120648,43153.60881319029,42435.467626380574,9.1174,400000.0,,,,,
2026-09-20T12:19:23.414177+00:00,open,,SEIIRT,ICT/SMC v2,short,,,10982.0,,11111.65737946722,10787.513930799169,10593.027861598335,36.4,400000.0,,,,,
2026-09-20T12:19:45.174365+00:00,open,,WIFIRT,ICT/SMC v2,short,,,45564.5,,46177.15576781751,44645.51634827374,43726.53269654749,8.77,400000.0,,,,,
2026-09-20T12:33:31.575755+00:00,close,,BTCIRT,ICT/SMC v2,long,,,18576099747.0,18510490960.63269,,,,1.076e-05,,-705.9505413121689,4456682.843761974,SL,,
2026-09-20T12:33:32.075755+00:00,close,,BTCIRT,ICT/SMC v2,long,,,18576099747.0,18510490960.63269,,,,1.076e-05,,-705.9505413121689,4455976.893220662,SL,,
2026-09-20T12:33:45.018772+00:00,open,,ETHIRT,ICT/SMC v2,long,,,594046408.5,,591008118.9502664,598603842.8246006,603161277.149201,0.000673,400000.0,,,,,
2026-09-20T13:03:55.179241+00:00,close,,NOTIRT,ICT/SMC v2,short,,,106.1,107.3213964357496,,,,1885.0,,-2302.332281388017,4453674.560939274,SL,,
2026-09-20T13:03:55.679241+00:00,close,,NOTIRT,ICT/SMC v2,short,,,106.1,107.3213964357496,,,,1885.0,,-2302.332281388017,4451372.228657885,SL,,
2026-09-20T13:18:51.179948+00:00,open,,HBARIRT,Supertrend+ADX,long,,,19112.0,,18391.624247285265,20192.5636290721,21273.12725814421,31.3938,600000.0,,,,,
2026-09-20T13:33:52.430180+00:00,close,,HBARIRT,ICT/SMC v2,long,,,18739.0,19140.336787629152,,,,10.6729,,4283.427400687179,4455655.656058572,TP1,,
2026-09-20T13:34:21.440303+00:00,open,,TRXIRT,ICT/SMC v2,long,,,78907.0,,78732.33846574703,79168.99230137946,79430.98460275894,5.06,400000.0,,,,,
2026-09-20T13:48:54.904910+00:00,close,,HBARIRT,ICT/SMC v2,long,,,18739.0,19541.673575258304,,,,10.6729,,8566.854801374358,4464222.510859947,TP2,,
2026-09-20T13:49:18.745227+00:00,close,,TRBIRT,ICT/SMC v2,short,,,4081545.0,4003895.265751073,,,,0.049,,3804.836978197417,4468027.347838144,TP1,,
2026-09-20T13:49:22.261746+00:00,close,,TRXIRT,ICT/SMC v2,long,,,78907.0,79168.99230137946,,,,2.53,,662.8405224900373,4468690.188360634,TP1,,
2026-09-20T13:49:23.201470+00:00,close,,TRXIRT,ICT/SMC v2,long,,,78907.0,79430.98460275894,,,,2.53,,1325.6810449801114,4470015.869405614,TP2,,
2026-09-20T14:18:48.600184+00:00,close,,HBARIRT,Supertrend+ADX,long,,,19112.0,20192.5636290721,,,,15.6969,,16961.499229181867,4486977.368634796,TP1,,
2026-09-20T14:18:56.096592+00:00,close,,PEPEIRT,Supertrend+ADX,long,,,0.895865,0.895865,,,,334871.8,,0.0,4486977.368634796,SL,,
2026-09-20T14:19:27.482685+00:00,close,,XRPIRT,ICT/SMC v2,long,,,318895.0,316328.10235253675,,,,0.6,,-1540.1385884779504,4485437.230046318,SL,,
2026-09-20T14:19:27.982685+00:00,close,,XRPIRT,ICT/SMC v2,long,,,318895.0,316328.10235253675,,,,0.6,,-1540.1385884779504,4483897.09145784,SL,,
2026-09-20T14:33:39.224733+00:00,close,,ETHIRT,ICT/SMC v2,long,,,594046408.5,591008118.9502664,,,,0.000336,,-1020.8652887105026,4482876.22616913,SL,,
2026-09-20T14:33:39.597054+00:00,close,,ETHIRT,ICT/SMC v2,long,,,594046408.5,591008118.9502664,,,,0.000337,,-1023.9035782602364,4481852.32259087,SL,,
2026-09-20T14:49:03.817698+00:00,close,,ARBIRT,Supertrend+ADX,long,,,48092.5,45764.33259888183,,,,6.2379,,-14522.875431435015,4467329.447159435,SL,,
2026-09-20T14:49:04.317698+00:00,close,,ARBIRT,Supertrend+ADX,long,,,48092.5,45764.33259888183,,,,6.2379,,-14522.875431435015,4452806.5717279995,SL,,
2026-09-20T14:49:05.799009+00:00,close,,ARBIRT,ICT/SMC v2,long,,,46971.5,46971.5,,,,4.2579,,0.0,4452806.5717279995,SL,,
2026-09-20T14:49:31.049958+00:00,open,,LINKIRT,Supertrend+ADX,long,,,2787648.5,,2735404.8094382416,2866014.035842638,2944379.5716852755,0.2152,600000.0,,,,,
2026-09-20T15:04:18.973614+00:00,close,,XLMIRT,ICT/SMC v2,short,,,43871.75,44350.51079120648,,,,4.5587,,-2182.52681887297,4450624.044909126,SL,,
2026-09-20T15:04:19.473614+00:00,close,,XLMIRT,ICT/SMC v2,short,,,43871.75,44350.51079120648,,,,4.5587,,-2182.52681887297,4448441.518090253,SL,,
2026-09-20T15:18:33.376544+00:00,open,,BTCIRT,Supertrend+ADX,long,,,18541010108.0,,18432324675.07036,18704038257.394463,18867066406.788933,3.236e-05,600000.0,,,,,
2026-09-20T15:18:44.986745+00:00,open,,ETHIRT,Supertrend+ADX,long,,,598716500.0,,592370330.4399552,608235754.3400671,617755008.6801343,0.001002,600000.0,,,,,
2026-09-20T15:19:27.458590+00:00,open,,XLMIRT,Supertrend+ADX,long,,,44718.05,,43598.90293506532,46396.77059740203,48075.491194804046,13.4174,600000.0,,,,,
2026-09-20T15:33:24.562298+00:00,close,,ADAIRT,ICT/SMC v2,short,,,50620.0,51399.60154212832,,,,3.951007,,-3080.2111501597697,4445361.306940093,SL,,
2026-09-20T15:33:25.062298+00:00,close,,ADAIRT,ICT/SMC v2,short,,,50620.0,51399.60154212832,,,,3.951007,,-3080.2111501597697,4442281.095789933,SL,,
2026-09-20T15:48:32.520687+00:00,open,,ADAIRT,Supertrend+ADX,long,,,51623.0,,50343.43424418033,53542.3486337295,55461.69726745899,11.622726,600000.0,,,,,
2026-09-20T15:48:55.435965+00:00,open,,FLOKIIRT,Supertrend+ADX,long,,,5.909635,,5.776606812966289,6.109177280550566,6.308719561101131,101529.1,600000.0,,,,,
2026-09-20T15:49:04.587697+00:00,open,,HBARIRT,ICT/SMC v2,long,,,19839.5,,19178.87170487778,20830.44244268333,21821.384885366664,20.1617,400000.0,,,,,
2026-09-20T15:49:20.137072+00:00,close,,SUIIRT,ICT/SMC v2,long,,,188449.5,193388.23276371023,,,,1.0612,,5240.983208849294,4447522.078998782,TP1,,
2026-09-20T15:49:24.031379+00:00,open,,SUIIRT,Supertrend+ADX,long,,,193190.5,,185215.2291873946,205153.4062189081,217116.31243781617,3.1057,600000.0,,,,,
2026-09-20T16:03:37.862746+00:00,close,,DOGSIRT,ICT/SMC v2,short,,,10.535,10.67656577541452,,,,18984.3,,-2687.5271502018736,4444834.55184858,SL,,
2026-09-20T16:03:38.362746+00:00,close,,DOGSIRT,ICT/SMC v2,short,,,10.535,10.67656577541452,,,,18984.3,,-2687.5271502018736,4442147.0246983785,SL,,
2026-09-20T16:04:25.710101+00:00,close,,WIFIRT,ICT/SMC v2,short,,,45564.5,46177.15576781751,,,,4.38,,-2683.432263040688,4439463.592435338,SL,,
2026-09-20T16:04:26.082850+00:00,close,,WIFIRT,ICT/SMC v2,short,,,45564.5,46177.15576781751,,,,4.39,,-2689.5588207188625,4436774.033614619,SL,,
2026-09-20T16:18:43.351532+00:00,open,,DOGEIRT,Supertrend+ADX,long,,,19902.5,,19501.21154560378,20504.432681594328,21106.36536318866,30.14,600000.0,,,,,
2026-09-20T16:19:10.306046+00:00,close,,SEIIRT,ICT/SMC v2,short,,,10982.0,11111.65737946722,,,,18.2,,-2359.76430630341,4434414.269308316,SL,,
2026-09-20T16:19:10.806046+00:00,close,,SEIIRT,ICT/SMC v2,short,,,10982.0,11111.65737946722,,,,18.2,,-2359.76430630341,4432054.5050020125,SL,,
2026-09-20T16:19:31.769363+00:00,close,,TRBIRT,ICT/SMC v2,short,,,4081545.0,4081545.0,,,,0.049,,-0.0,4432054.5050020125,SL,,
2026-09-20T16:19:43.949994+00:00,open,,XRPIRT,Supertrend+ADX,long,,,321875.0,,315823.0497378126,330952.9253932812,340030.85078656225,1.8,600000.0,,,,,
2026-09-20T16:34:18.479232+00:00,open,,NOTIRT,ICT/SMC v2,long,,,110.85,,108.85912132775609,113.83631800836588,116.82263601673176,3608.4,400000.0,,,,,
2026-09-20T16:34:26.114399+00:00,open,,SHIBIRT,Supertrend+ADX,long,,,1.2613,,1.2325569140057702,1.304414628991345,1.34752925798269,475699.6,600000.0,,,,,
2026-09-20T16:34:29.326562+00:00,close,,SOLIRT,ICT/SMC v2,short,,,25064565.5,25255040.48383756,,,,0.007,,-1333.324886862919,4430721.180115149,SL,,
2026-09-20T16:34:29.737273+00:00,close,,SOLIRT,ICT/SMC v2,short,,,25064565.5,25255040.48383756,,,,0.008,,-1523.7998707004786,4429197.380244449,SL,,
2026-09-20T16:34:32.236546+00:00,open,,SOLIRT,Supertrend+ADX,long,,,25274102.5,,24888795.399508424,25852063.150737368,26430023.801474724,0.023,600000.0,,,,,
2026-09-20T16:34:37.484766+00:00,close,,SUIIRT,ICT/SMC v2,long,,,188449.5,198326.96552742049,,,,1.0613,,10482.954164251329,4439680.3344087005,TP2,,
2026-09-20T16:48:33.058025+00:00,open,,ARBIRT,Supertrend+ADX,long,,,48741.5,,45767.95741392223,53201.81387911666,57662.12775823333,12.3098,600000.0,,,,,
2026-09-20T16:48:38.050989+00:00,open,,ARBIRT,ICT/SMC v2,short,,,48770.0,,50284.22904244507,46498.65643633239,44227.31287266478,8.2017,400000.0,,,,,
2026-09-20T16:48:49.229621+00:00,close,,DOGEIRT,ICT/SMC v2,short,,,20086.5,20086.5,,,,9.96,,-0.0,4439680.3344087005,SL,,
2026-09-20T16:48:59.236427+00:00,close,,FLOKIIRT,ICT/SMC v2,short,,,5.88355,5.962372205785463,,,,33993.0,,-2679.403241265246,4437000.931167435,SL,,
2026-09-20T16:48:59.759614+00:00,close,,FLOKIIRT,ICT/SMC v2,short,,,5.88355,5.962372205785463,,,,33993.1,,-2679.411123485824,4434321.520043949,SL,,
2026-09-20T16:49:05.741987+00:00,open,,GRAMIRT,Supertrend+ADX,long,,,319304.0,,314060.44463812374,327169.3330428144,335034.6660856288,1.87908,600000.0,,,,,
2026-09-20T16:49:13.040667+00:00,close,,LINKIRT,Supertrend+ADX,long,,,2787648.5,2866014.035842638,,,,0.1076,,8432.131656667849,4442753.651700617,TP1,,
2026-09-20T16:49:28.492855+00:00,close,,SUIIRT,Supertrend+ADX,long,,,193190.5,205153.4062189081,,,,1.5528,,18576.00077672052,4461329.652477337,TP1,,
2026-09-20T16:49:35.107102+00:00,open,,TIAIRT,Supertrend+ADX,long,,,96619.5,,93636.8381538809,101093.49276917866,105567.4855383573,6.2099,600000.0,,,,,
2026-09-20T17:18:45.752048+00:00,close,,ETHIRT,Supertrend+ADX,long,,,598716500.0,608235754.3400671,,,,0.000501,,4769.146424373642,4466098.798901711,TP1,,
2026-09-20T17:34:35.193036+00:00,open,,SUIIRT,ICT/SMC v2,long,,,204445.0,,198123.7754652456,213926.83680213164,223408.67360426328,1.9565,400000.0,,,,,
2026-09-20T17:34:48.901369+00:00,open,,WIFIRT,ICT/SMC v2,long,,,46799.5,,45971.246669780856,48041.87999532872,49284.25999065743,8.54,400000.0,,,,,
2026-09-20T17:48:26.273670+00:00,open,,ADAIRT,ICT/SMC v2,long,,,52711.0,,51797.11838233364,54081.82242649954,55452.64485299909,7.588548,400000.0,,,,,
2026-09-20T18:19:13.158468+00:00,open,,DOGSIRT,ICT/SMC v2,long,,,10.795,,10.66745135662561,10.986322965061584,11.177645930123166,37054.1,400000.0,,,,,
2026-09-20T18:20:30.916954+00:00,open,,XLMIRT,ICT/SMC v2,long,,,44869.85,,44197.965749092094,45877.67637636186,46885.5027527237,8.9146,400000.0,,,,,
2026-09-20T19:48:51.640661+00:00,close,,DOGSIRT,ICT/SMC v2,long,,,10.795,10.986322965061584,,,,18527.0,,3544.6405736959664,4469643.439475407,TP1,,
2026-09-20T20:48:45.158531+00:00,close,,DOGSIRT,ICT/SMC v2,long,,,10.795,11.177645930123166,,,,18527.1,,7089.319411984911,4476732.758887392,TP2,,
2026-09-20T20:48:49.016894+00:00,open,,DOGSIRT,ICT/SMC v2,long,,,11.02,,10.78721186095284,11.36918220857074,11.71836441714148,36297.6,400000.0,,,,,
2026-09-20T21:03:30.112354+00:00,close,,ADAIRT,ICT/SMC v2,long,,,52711.0,51797.11838233364,,,,3.794274,,-3467.517260989412,4473265.241626402,SL,,
2026-09-20T21:03:30.612354+00:00,close,,ADAIRT,ICT/SMC v2,long,,,52711.0,51797.11838233364,,,,3.794274,,-3467.517260989412,4469797.724365413,SL,,
2026-09-20T21:18:42.909221+00:00,open,,DOGEIRT,ICT/SMC v2,long,,,19952.0,,19720.26481967216,20299.602770491776,20647.205540983545,20.04,400000.0,,,,,
2026-09-20T22:18:30.532276+00:00,close,,ARBIRT,ICT/SMC v2,short,,,48770.0,50284.22904244507,,,,4.1008,,-6209.55045725874,4463588.1739081545,SL,,
2026-09-20T22:18:30.863855+00:00,close,,ARBIRT,ICT/SMC v2,short,,,48770.0,50284.22904244507,,,,4.1009,,-6209.701880162986,4457378.472027992,SL,,
2026-09-20T22:19:43.318333+00:00,open,,XRPIRT,ICT/SMC v2,short,,,323236.0,,326692.48037719104,318051.2794342135,312866.55886842695,1.2,400000.0,,,,,
2026-09-21T00:33:36.314879+00:00,close,,DOGEIRT,ICT/SMC v2,long,,,19952.0,20299.602770491776,,,,10.02,,3482.979760327596,4460861.451788319,TP1,,
2026-09-21T00:34:13.708720+00:00,close,,SUIIRT,ICT/SMC v2,long,,,204445.0,213926.83680213164,,,,0.9782,,9275.132759845172,4470136.584548164,TP1,,
2026-09-21T00:34:24.466494+00:00,open,,TRXIRT,Supertrend+ADX,long,,,78629.5,,78336.15250376717,79069.52124434925,79509.5424886985,7.63,600000.0,,,,,
2026-09-21T00:34:33.880989+00:00,close,,XRPIRT,ICT/SMC v2,short,,,323236.0,326692.48037719104,,,,0.6,,-2073.8882263146224,4468062.69632185,SL,,
2026-09-21T00:34:34.380989+00:00,close,,XRPIRT,ICT/SMC v2,short,,,323236.0,326692.48037719104,,,,0.6,,-2073.8882263146224,4465988.808095535,SL,,
2026-09-21T00:49:26.726019+00:00,close,,XLMIRT,ICT/SMC v2,long,,,44869.85,45877.67637636186,,,,4.4573,,4492.184507357718,4470480.992602893,TP1,,
2026-09-21T01:04:16.847613+00:00,close,,TRXIRT,Supertrend+ADX,long,,,78629.5,78336.15250376717,,,,3.81,,-1117.6539606470928,4469363.338642246,SL,,
2026-09-21T01:04:17.383556+00:00,close,,TRXIRT,Supertrend+ADX,long,,,78629.5,78336.15250376717,,,,3.82,,-1120.5874356094212,4468242.751206636,SL,,
2026-09-21T01:18:34.872009+00:00,close,,BTCIRT,Supertrend+ADX,long,,,18541010108.0,18704038257.394463,,,,1.618e-05,,2637.7954572024046,4470880.546663838,TP1,,
2026-09-21T01:18:38.498256+00:00,open,,BTCIRT,ICT/SMC v2,long,,,18699854533.0,,18593109816.867943,18859971607.19808,19020088681.396168,2.139e-05,400000.0,,,,,
2026-09-21T01:19:31.150351+00:00,open,,TRXIRT,ICT/SMC v2,long,,,78674.5,,78523.49272932453,78901.0109060132,79127.52181202639,5.08,400000.0,,,,,
2026-09-21T01:19:41.009747+00:00,open,,XRPIRT,ICT/SMC v2,long,,,327647.5,,323939.4032340796,333209.6451488806,338771.79029776115,1.2,400000.0,,,,,
2026-09-21T01:34:19.265123+00:00,close,,SOLIRT,Supertrend+ADX,long,,,25274102.5,25852063.150737368,,,,0.011,,6357.567158111043,4477238.11382195,TP1,,
2026-09-21T01:34:23.506926+00:00,close,,SUIIRT,Supertrend+ADX,long,,,193190.5,217116.31243781617,,,,1.5529,,37154.394134684735,4514392.507956634,TP2,,
2026-09-21T01:48:33.473966+00:00,open,,ADAIRT,ICT/SMC v2,long,,,52921.0,,52057.15032455832,54216.77451316253,55512.54902632506,7.558436,400000.0,,,,,
2026-09-21T01:49:27.870821+00:00,close,,TRXIRT,ICT/SMC v2,long,,,78674.5,78901.0109060132,,,,2.54,,575.337701273514,4514967.845657907,TP1,,
2026-09-21T02:03:35.410165+00:00,close,,BTCIRT,ICT/SMC v2,long,,,18699854533.0,18593109816.867943,,,,1.069e-05,,-1141.1010154516912,4513826.744642456,SL,,
2026-09-21T02:03:35.790571+00:00,close,,BTCIRT,ICT/SMC v2,long,,,18699854533.0,18593109816.867943,,,,1.07e-05,,-1142.1684626130118,4512684.576179843,SL,,
2026-09-21T02:04:09.074371+00:00,open,,PEPEIRT,ICT/SMC v2,long,,,0.921745,,0.9034107697379796,0.9492463453930308,0.9767476907860618,433959.5,400000.0,,,,,
2026-09-21T02:04:28.828083+00:00,open,,TRBIRT,Supertrend+ADX,short,,,4095902.5,,4211564.161599467,3922410.0076008,3748917.515201599,0.1464,600000.0,,,,,
2026-09-21T02:04:31.567320+00:00,close,,TRXIRT,ICT/SMC v2,long,,,78674.5,78674.5,,,,2.54,,0.0,4512684.576179843,SL,,
2026-09-21T02:04:42.473219+00:00,close,,XRPIRT,ICT/SMC v2,long,,,327647.5,323939.4032340796,,,,0.6,,-2224.858059552242,4510459.718120291,SL,,
2026-09-21T02:04:42.973219+00:00,close,,XRPIRT,ICT/SMC v2,long,,,327647.5,323939.4032340796,,,,0.6,,-2224.858059552242,4508234.860060738,SL,,
2026-09-21T03:19:20.210858+00:00,close,,TIAIRT,ICT/SMC v2,short,,,96668.0,98929.67826349998,,,,2.0689,,-4679.186159355117,4503555.673901383,SL,,
2026-09-21T03:19:20.710858+00:00,close,,TIAIRT,ICT/SMC v2,short,,,96668.0,98929.67826349998,,,,2.0689,,-4679.186159355117,4498876.487742027,SL,,
2026-09-21T03:33:27.212962+00:00,close,,ADAIRT,Supertrend+ADX,long,,,51623.0,53542.3486337295,,,,5.811363,,11154.031634156188,4510030.519376184,TP1,,
2026-09-21T04:03:32.432315+00:00,open,,ARBIRT,ICT/SMC v2,short,,,50779.0,,52436.22302103629,48293.16546844557,45807.33093689114,7.8772,400000.0,,,,,
2026-09-21T04:49:04.282680+00:00,close,,NOTIRT,ICT/SMC v2,long,,,110.85,113.83631800836588,,,,1804.2,,5387.914950693729,4515418.434326878,TP1,,
2026-09-21T05:34:20.973843+00:00,open,,TRXIRT,ICT/SMC v2,long,,,78765.5,,78557.3100988854,79077.78485167191,79390.0697033438,5.07,400000.0,,,,,
2026-09-21T05:48:58.573137+00:00,open,,FLOKIIRT,ICT/SMC v2,short,,,5.972235,,6.057426622799419,5.844447565800871,5.716660131601742,66976.6,400000.0,,,,,
2026-09-21T06:04:31.784964+00:00,close,,TRXIRT,ICT/SMC v2,long,,,78765.5,78557.3100988854,,,,2.53,,-526.7204498199418,4514891.713877058,SL,,
2026-09-21T06:04:32.174216+00:00,close,,TRXIRT,ICT/SMC v2,long,,,78765.5,78557.3100988854,,,,2.54,,-528.8023488310879,4514362.911528227,SL,,
2026-09-21T06:34:14.213581+00:00,close,,SUIIRT,ICT/SMC v2,long,,,204445.0,223408.67360426328,,,,0.9783,,18552.16188705077,4532915.0734152775,TP2,,
2026-09-21T06:48:41.680545+00:00,open,,BTCIRT,ICT/SMC v2,long,,,18727377923.0,,18620897428.425617,18887098664.861576,19046819406.723145,2.135e-05,400000.0,,,,,
2026-09-21T06:48:59.499971+00:00,close,,FLOKIIRT,ICT/SMC v2,short,,,5.972235,6.057426622799419,,,,33488.3,,-2852.922621793789,4530062.1507934835,SL,,
2026-09-21T06:48:59.999971+00:00,close,,FLOKIIRT,ICT/SMC v2,short,,,5.972235,6.057426622799419,,,,33488.3,,-2852.922621793789,4527209.228171689,SL,,
2026-09-21T07:04:06.559027+00:00,open,,LINKIRT,ICT/SMC v2,long,,,2883340.0,,2843466.471022762,2943150.2934658574,3002960.5869317143,0.1387,400000.0,,,,,
2026-09-21T07:04:23.222862+00:00,open,,SUIIRT,ICT/SMC v2,long,,,221863.5,,215113.2906032327,231988.8140951509,242114.12819030188,1.8029,400000.0,,,,,
2026-09-21T08:03:42.854664+00:00,close,,BTCIRT,ICT/SMC v2,long,,,18727377923.0,18620897428.425617,,,,1.067e-05,,-1136.1468771086645,4526073.08129458,SL,,
2026-09-21T08:03:43.308190+00:00,close,,BTCIRT,ICT/SMC v2,long,,,18727377923.0,18620897428.425617,,,,1.068e-05,,-1137.211682054408,4524935.869612526,SL,,
2026-09-21T08:03:48.974339+00:00,close,,DOGEIRT,Supertrend+ADX,long,,,19902.5,20504.432681594328,,,,15.07,,9071.125511626518,4534006.995124153,TP1,,
2026-09-21T08:18:44.233628+00:00,close,,DOGEIRT,ICT/SMC v2,long,,,19952.0,20647.205540983545,,,,10.02,,6965.959520655119,4540972.954644808,TP2,,
2026-09-21T08:33:36.868123+00:00,close,,BTCIRT,Supertrend+ADX,long,,,18541010108.0,18867066406.788933,,,,1.618e-05,,5275.590914404933,4546248.545559213,TP2,,
2026-09-21T08:33:51.710444+00:00,close,,FLOKIIRT,Supertrend+ADX,long,,,5.909635,6.109177280550566,,,,50764.5,,10129.664101009208,4556378.209660222,TP1,,
2026-09-21T08:34:35.076087+00:00,open,,TRBIRT,ICT/SMC v2,long,,,4180806.0,,4128856.022604108,4258730.966093837,4336655.932187676,0.0956,400000.0,,,,,
2026-09-21T08:34:48.646582+00:00,close,,XRPIRT,Supertrend+ADX,long,,,321875.0,330952.9253932812,,,,0.9,,8170.13285395304,4564548.342514175,TP1,,
2026-09-21T08:48:30.994210+00:00,close,,ADAIRT,ICT/SMC v2,long,,,52921.0,54216.77451316253,,,,3.779218,,4897.014364085059,4569445.35687826,TP1,,
2026-09-21T08:48:41.734512+00:00,close,,DOGEIRT,Supertrend+ADX,long,,,19902.5,21106.36536318866,,,,15.07,,18142.25102325309,4587587.607901514,TP2,,
2026-09-21T08:48:47.906940+00:00,close,,DOGSIRT,ICT/SMC v2,long,,,11.02,11.36918220857074,,,,18148.8,,6337.238066908681,4593924.8459684225,TP1,,
2026-09-21T08:48:53.671160+00:00,close,,ETHIRT,Supertrend+ADX,long,,,598716500.0,617755008.6801343,,,,0.000501,,9538.292848747284,4603463.13881717,TP2,,
2026-09-21T08:49:11.503690+00:00,close,,LINKIRT,ICT/SMC v2,long,,,2883340.0,2943150.2934658574,,,,0.0693,,4144.853337183918,4607607.992154353,TP1,,
2026-09-21T08:49:24.027508+00:00,close,,SHIBIRT,Supertrend+ADX,long,,,1.2613,1.304414628991345,,,,237849.8,,10254.805882665582,4617862.798037019,TP1,,
2026-09-21T08:49:27.979890+00:00,close,,SOLIRT,Supertrend+ADX,long,,,25274102.5,26430023.801474724,,,,0.012,,13871.055617696687,4631733.853654715,TP2,,
2026-09-21T08:49:41.750634+00:00,close,,TRBIRT,Supertrend+ADX,short,,,4095902.5,4211564.161599467,,,,0.0732,,-8466.433629080953,4623267.420025635,SL,,
2026-09-21T08:49:42.250634+00:00,close,,TRBIRT,Supertrend+ADX,short,,,4095902.5,4211564.161599467,,,,0.0732,,-8466.433629080953,4614800.986396554,SL,,
2026-09-21T08:49:46.002150+00:00,open,,TRBIRT,Supertrend+ADX,long,,,4235088.5,,4110962.395304631,4421277.657043054,4607466.814086109,0.1416,600000.0,,,,,
2026-09-21T08:49:54.925032+00:00,close,,XLMIRT,Supertrend+ADX,long,,,44718.05,46396.77059740203,,,,6.7087,,11262.032871790969,4626063.019268345,TP1,,
2026-09-21T09:04:06.471996+00:00,close,,PEPEIRT,ICT/SMC v2,long,,,0.921745,0.9492463453930308,,,,216979.7,,5967.233672976215,4632030.252941322,TP1,,
2026-09-21T09:04:40.963212+00:00,close,,XLMIRT,ICT/SMC v2,long,,,44869.85,46885.5027527237,,,,4.4573,,8984.36901471537,4641014.621956037,TP2,,
2026-09-21T09:34:22.461572+00:00,close,,LINKIRT,Supertrend+ADX,long,,,2787648.5,2944379.5716852755,,,,0.1076,,16864.263313335647,4657878.885269373,TP2,,
2026-09-21T09:34:45.402954+00:00,close,,SUIIRT,ICT/SMC v2,long,,,221863.5,231988.8140951509,,,,0.9014,,9126.958125369058,4667005.843394741,TP1,,
2026-09-21T09:34:57.317263+00:00,close,,TRBIRT,ICT/SMC v2,long,,,4180806.0,4258730.966093837,,,,0.0478,,3724.8133792854223,4670730.656774027,TP1,,
2026-09-21T09:35:03.660305+00:00,close,,WIFIRT,ICT/SMC v2,long,,,46799.5,48041.87999532872,,,,4.27,,5304.962580053618,4676035.619354081,TP1,,
2026-09-21T09:48:45.435351+00:00,close,,FLOKIIRT,Supertrend+ADX,long,,,5.909635,6.308719561101131,,,,50764.6,,20259.36811047448,4696294.987464556,TP2,,
2026-09-21T10:03:52.567947+00:00,open,,DOGEIRT,ICT/SMC v2,long,,,21096.0,,20634.78407757277,21787.823883640835,22479.64776728168,18.96,400000.0,,,,,
2026-09-21T10:04:00.925846+00:00,open,,FLOKIIRT,ICT/SMC v2,long,,,6.1567050000000005,,6.042093206111658,6.328622690832514,6.500540381665027,64969.8,400000.0,,,,,
2026-09-21T10:04:27.337234+00:00,open,,SHIBIRT,ICT/SMC v2,long,,,1.30275,,1.2801156015886164,1.3367015976170755,1.3706531952341512,307042.7,400000.0,,,,,
2026-09-21T10:04:59.586036+00:00,open,,XLMIRT,ICT/SMC v2,long,,,47309.35,,46396.84067797278,48678.11398304082,50046.87796608165,8.4549,400000.0,,,,,
2026-09-21T10:19:51.140352+00:00,close,,TRBIRT,ICT/SMC v2,long,,,4180806.0,4336655.932187676,,,,0.0478,,7449.626758570889,4703744.614223126,TP2,,
2026-09-21T10:20:00.771065+00:00,close,,XLMIRT,Supertrend+ADX,long,,,44718.05,48075.491194804046,,,,6.7087,,22524.065743581887,4726268.679966709,TP2,,
2026-09-21T10:20:11.776274+00:00,open,,XRPIRT,ICT/SMC v2,long,,,339294.0,,334425.47795905906,346596.78306141135,353899.56612282275,1.1,400000.0,,,,,
2026-09-21T10:35:07.907732+00:00,close,,XRPIRT,Supertrend+ADX,long,,,321875.0,340030.85078656225,,,,0.9,,16340.265707906028,4742608.945674615,TP2,,
2026-09-21T10:48:37.635103+00:00,close,,ARBIRT,ICT/SMC v2,short,,,50779.0,52436.22302103629,,,,3.9386,,-6527.138590653533,4736081.807083962,SL,,
2026-09-21T10:48:38.135103+00:00,close,,ARBIRT,ICT/SMC v2,short,,,50779.0,52436.22302103629,,,,3.9386,,-6527.138590653533,4729554.668493308,SL,,
2026-09-21T10:48:57.990839+00:00,close,,GRAMIRT,Supertrend+ADX,long,,,319304.0,327169.3330428144,,,,0.93954,,7389.795007045838,4736944.4635003535,TP1,,
2026-09-21T10:49:48.671980+00:00,close,,XLMIRT,ICT/SMC v2,long,,,47309.35,48678.11398304082,,,,4.2274,,5786.312861906774,4742730.77636226,TP1,,
2026-09-21T11:03:37.590301+00:00,close,,ARBIRT,Supertrend+ADX,long,,,48741.5,53201.81387911666,,,,6.1549,,27452.78589457516,4770183.562256835,TP1,,
2026-09-21T11:18:28.206601+00:00,close,,ADAIRT,Supertrend+ADX,long,,,51623.0,55461.69726745899,,,,5.811363,,22308.063268312293,4792491.625525148,TP2,,
2026-09-21T11:18:30.866472+00:00,close,,ADAIRT,ICT/SMC v2,long,,,52921.0,55512.54902632506,,,,3.779218,,9794.028728170146,4802285.654253318,TP2,,
2026-09-21T11:19:59.068714+00:00,close,,WIFIRT,ICT/SMC v2,long,,,46799.5,49284.25999065743,,,,4.27,,10609.925160107205,4812895.579413425,TP2,,
2026-09-21T11:48:45.879578+00:00,close,,FLOKIIRT,ICT/SMC v2,long,,,6.1567050000000005,6.328622690832514,,,,32484.9,,5584.728994925119,4818480.308408351,TP1,,
2026-09-21T11:49:31.164520+00:00,open,,TIAIRT,ICT/SMC v2,long,,,99446.5,,97902.18520296206,101762.9721955569,104079.44439111382,4.0222,400000.0,,,,,
2026-09-21T12:03:55.570722+00:00,open,,GRAMIRT,ICT/SMC v2,long,,,325284.0,,322403.17621129577,329605.23568305635,333926.4713661127,1.22969,400000.0,,,,,
2026-09-21T12:04:08.727104+00:00,close,,PEPEIRT,ICT/SMC v2,long,,,0.921745,0.9767476907860618,,,,216979.8,,11934.47284622153,4830414.781254572,TP2,,
2026-09-21T12:18:58.588395+00:00,close,,HBARIRT,ICT/SMC v2,long,,,19839.5,20830.44244268333,,,,10.0808,,9989.492576202098,4840404.273830774,TP1,,
2026-09-21T12:19:34.072300+00:00,open,,TRXIRT,ICT/SMC v2,long,,,78862.0,,78693.84251410418,79114.23622884373,79366.47245768747,5.07,400000.0,,,,,
2026-09-21T12:33:49.546859+00:00,close,,HBARIRT,Supertrend+ADX,long,,,19112.0,21273.12725814421,,,,15.6969,,33922.99845836385,4874327.272289138,TP2,,
2026-09-21T13:04:17.009777+00:00,close,,LINKIRT,ICT/SMC v2,long,,,2883340.0,3002960.5869317143,,,,0.0693,,8289.706674367802,4882616.978963506,TP2,,
2026-09-21T13:04:43.587462+00:00,close,,TIAIRT,Supertrend+ADX,long,,,96619.5,101093.49276917866,,,,3.1049,,13891.300149022816,4896508.279112529,TP1,,
2026-09-21T13:19:11.096277+00:00,open,,SEIIRT,ICT/SMC v2,long,,,14138.5,,13548.92500514252,15022.862492286218,15907.224984572442,28.2,400000.0,,,,,
2026-09-21T13:19:35.117764+00:00,close,,TRXIRT,ICT/SMC v2,long,,,78862.0,78693.84251410418,,,,2.53,,-425.4384393164227,4896082.840673213,SL,,
2026-09-21T13:19:35.524425+00:00,close,,TRXIRT,ICT/SMC v2,long,,,78862.0,78693.84251410418,,,,2.54,,-427.12001417538096,4895655.720659037,SL,,
2026-09-21T13:33:47.794887+00:00,open,,ADAIRT,ICT/SMC v2,long,,,55543.5,,54478.20561190227,57141.4415821466,58739.38316429321,7.201562,400000.0,,,,,
2026-09-21T13:49:04.167740+00:00,open,,LINKIRT,ICT/SMC v2,long,,,2972000.5,,2925937.613800706,3041094.829298941,3110189.158597882,0.1345,400000.0,,,,,
2026-09-21T13:49:33.752296+00:00,open,,TRBIRT,ICT/SMC v2,long,,,4361202.5,,4292723.927393768,4463920.358909347,4566638.217818696,0.0917,400000.0,,,,,
2026-09-21T14:18:57.605686+00:00,open,,ETHIRT,ICT/SMC v2,long,,,623654917.5,,616687257.070192,634106408.1447121,644557898.7894242,0.000641,400000.0,,,,,
2026-09-21T14:19:28.877070+00:00,close,,SEIIRT,ICT/SMC v2,long,,,14138.5,13548.92500514252,,,,14.1,,-8313.00742749046,4887342.713231547,SL,,
2026-09-21T14:19:29.377070+00:00,close,,SEIIRT,ICT/SMC v2,long,,,14138.5,13548.92500514252,,,,14.1,,-8313.00742749046,4879029.7058040565,SL,,
2026-09-21T14:49:23.767963+00:00,open,,SOLIRT,ICT/SMC v2,long,,,27035955.5,,26632908.458914697,27640526.061627954,28245096.623255905,0.014,400000.0,,,,,
2026-09-21T15:03:37.644793+00:00,close,,DOGEIRT,ICT/SMC v2,long,,,21096.0,21787.823883640835,,,,9.48,,6558.490416915111,4885588.196220972,TP1,,
2026-09-21T15:03:53.907016+00:00,close,,FLOKIIRT,ICT/SMC v2,long,,,6.1567050000000005,6.500540381665027,,,,32484.9,,11169.457989850209,4896757.654210822,TP2,,
2026-09-21T15:04:22.589089+00:00,close,,SHIBIRT,Supertrend+ADX,long,,,1.2613,1.34752925798269,,,,237849.8,,20509.611765331163,4917267.265976153,TP2,,
2026-09-21T15:04:24.091240+00:00,close,,SHIBIRT,ICT/SMC v2,long,,,1.30275,1.3367015976170755,,,,153521.3,,5212.293403250358,4922479.5593794035,TP1,,
2026-09-21T15:18:53.557686+00:00,close,,GRAMIRT,ICT/SMC v2,long,,,325284.0,329605.23568305635,,,,0.61484,,2656.868547370367,4925136.427926774,TP1,,
2026-09-21T15:19:23.985742+00:00,close,,TRBIRT,Supertrend+ADX,long,,,4235088.5,4421277.657043054,,,,0.0708,,13182.192318648207,4938318.620245422,TP1,,
2026-09-21T16:04:03.168564+00:00,close,,SHIBIRT,ICT/SMC v2,long,,,1.30275,1.3706531952341512,,,,153521.4,,10424.593596820208,4948743.213842242,TP2,,
2026-09-21T16:49:14.979545+00:00,close,,SOLIRT,ICT/SMC v2,long,,,27035955.5,26632908.458914697,,,,0.007,,-2821.32928759712,4945921.884554645,SL,,
2026-09-21T16:49:15.479545+00:00,close,,SOLIRT,ICT/SMC v2,long,,,27035955.5,26632908.458914697,,,,0.007,,-2821.32928759712,4943100.555267048,SL,,
2026-09-21T16:49:20.126493+00:00,open,,SOLIRT,ICT/SMC v2,long,,,26902951.5,,26497327.183363184,27511387.974955224,28119824.449910443,0.014,400000.0,,,,,
2026-09-21T16:49:42.937358+00:00,open,,WIFIRT,ICT/SMC v2,long,,,53106.0,,50524.81059470548,56977.78410794178,60849.56821588356,7.53,400000.0,,,,,
2026-09-21T17:33:34.230980+00:00,close,,DOGEIRT,ICT/SMC v2,long,,,21096.0,22479.64776728168,,,,9.48,,13116.980833830256,4956217.536100878,TP2,,
2026-09-21T17:49:04.615184+00:00,close,,LINKIRT,ICT/SMC v2,long,,,2972000.5,2925937.613800706,,,,0.0672,,-3095.425952592565,4953122.1101482855,SL,,
2026-09-21T17:49:05.174606+00:00,close,,LINKIRT,ICT/SMC v2,long,,,2972000.5,2925937.613800706,,,,0.0673,,-3100.0322412124947,4950022.077907073,SL,,
2026-09-21T18:19:45.347925+00:00,open,,TRXIRT,ICT/SMC v2,long,,,78695.0,,78496.47618651207,78992.7857202319,79290.57144046383,5.08,400000.0,,,,,
2026-09-21T19:04:42.781904+00:00,close,,TRXIRT,ICT/SMC v2,long,,,78695.0,78496.47618651207,,,,2.54,,-504.25048625934926,4949517.827420814,SL,,
2026-09-21T19:04:43.281904+00:00,close,,TRXIRT,ICT/SMC v2,long,,,78695.0,78496.47618651207,,,,2.54,,-504.25048625934926,4949013.576934555,SL,,
2026-09-21T19:04:57.169463+00:00,close,,XRPIRT,ICT/SMC v2,long,,,339294.0,346596.78306141135,,,,0.5,,3651.391530705674,4952664.96846526,TP1,,
2026-09-21T19:48:48.261534+00:00,close,,ETHIRT,ICT/SMC v2,long,,,623654917.5,634106408.1447121,,,,0.00032,,3344.477006307869,4956009.445471568,TP1,,
2026-09-21T20:18:53.705310+00:00,close,,GRAMIRT,Supertrend+ADX,long,,,319304.0,335034.6660856288,,,,0.93954,,14779.590014091676,4970789.03548566,TP2,,
2026-09-21T20:18:58.901300+00:00,close,,GRAMIRT,ICT/SMC v2,long,,,325284.0,333926.4713661127,,,,0.61484,,5313.737094740734,4976102.7725804,TP2,,
2026-09-21T21:33:41.487238+00:00,open,,DOGEIRT,ICT/SMC v2,long,,,22751.0,,22174.00491852444,23616.49262221334,24481.985244426683,17.58,400000.0,,,,,
2026-09-21T21:49:04.622726+00:00,close,,SOLIRT,ICT/SMC v2,long,,,26902951.5,27511387.974955224,,,,0.007,,4259.055324686565,4980361.827905087,TP1,,
2026-09-21T21:49:29.428955+00:00,close,,XRPIRT,ICT/SMC v2,long,,,339294.0,353899.56612282275,,,,0.6,,8763.339673693652,4989125.16757878,TP2,,
2026-09-21T22:19:22.659413+00:00,close,,XLMIRT,ICT/SMC v2,long,,,47309.35,50046.87796608165,,,,4.2275,,11572.899476610186,5000698.06705539,TP2,,
2026-09-21T23:04:19.202809+00:00,open,,XLMIRT,ICT/SMC v2,long,,,49711.1,,48692.79378393403,51238.55932409896,52766.0186481979,8.0464,400000.0,,,,,
2026-09-21T23:18:31.433378+00:00,open,,ARBIRT,ICT/SMC v2,short,,,51891.5,,53262.29081884563,49835.31377173156,47779.12754346313,7.7083,400000.0,,,,,
2026-09-21T23:18:40.507160+00:00,open,,DOGSIRT,Supertrend+ADX,long,,,11.43,,11.181819334611676,11.802270998082486,12.174541996164974,52493.4,600000.0,,,,,
2026-09-22T00:03:54.852845+00:00,close,,NOTIRT,ICT/SMC v2,long,,,110.85,116.82263601673176,,,,1804.2,,10775.829901387458,5011473.896956778,TP2,,
2026-09-22T00:34:05.483199+00:00,close,,SUIIRT,ICT/SMC v2,long,,,221863.5,242114.12819030188,,,,0.9015,,18255.941313557145,5029729.838270335,TP2,,
2026-09-22T00:34:20.486675+00:00,close,,WIFIRT,ICT/SMC v2,long,,,53106.0,56977.78410794178,,,,3.76,,14557.908245861085,5044287.746516197,TP1,,
2026-09-22T01:03:47.726576+00:00,open,,GRAMIRT,ICT/SMC v2,long,,,331405.5,,327294.41061025625,337572.1340846157,343738.76816923125,1.20698,400000.0,,,,,
2026-09-22T01:03:55.282827+00:00,open,,NOTIRT,ICT/SMC v2,long,,,115.65,,114.19277377385204,117.83583933922198,120.0216786784439,3458.7,400000.0,,,,,
2026-09-22T01:04:02.637131+00:00,close,,SOLIRT,ICT/SMC v2,long,,,26902951.5,26902951.5,,,,0.007,,0.0,5044287.746516197,SL,,
2026-09-22T01:04:23.482623+00:00,close,,XLMIRT,ICT/SMC v2,long,,,49711.1,48692.79378393403,,,,4.0232,,-4096.849568476604,5040190.89694772,SL,,
2026-09-22T01:04:23.982623+00:00,close,,XLMIRT,ICT/SMC v2,long,,,49711.1,48692.79378393403,,,,4.0232,,-4096.849568476604,5036094.047379243,SL,,
2026-09-22T01:19:08.387666+00:00,open,,SHIBIRT,ICT/SMC v2,long,,,1.3555,,1.3217770033473344,1.4060844949789988,1.4566689899579974,295094.0,400000.0,,,,,
2026-09-22T01:33:46.486879+00:00,open,,FLOKIIRT,ICT/SMC v2,long,,,6.672825,,6.505924329888951,6.923176005166572,7.173527010333145,59944.6,400000.0,,,,,
2026-09-22T01:34:08.788606+00:00,open,,SUIIRT,ICT/SMC v2,long,,,237489.0,,231113.5304990165,247052.2042514752,256615.4085029504,1.6842,400000.0,,,,,
2026-09-22T02:04:14.183179+00:00,close,,TRBIRT,ICT/SMC v2,long,,,4361202.5,4463920.358909347,,,,0.0458,,4704.477938048097,5040798.525317292,TP1,,
2026-09-22T04:03:41.502574+00:00,close,,DOGEIRT,ICT/SMC v2,long,,,22751.0,23616.49262221334,,,,8.79,,7607.680149255258,5048406.205466547,TP1,,
2026-09-22T04:04:08.428720+00:00,close,,SHIBIRT,ICT/SMC v2,long,,,1.3555,1.4060844949789988,,,,147547.0,,7463.590480666312,5055869.795947214,TP1,,
2026-09-22T04:18:31.496985+00:00,close,,ADAIRT,ICT/SMC v2,long,,,55543.5,57141.4415821466,,,,3.600781,,5753.837688103426,5061623.633635317,TP1,,
2026-09-22T04:18:56.336402+00:00,close,,GRAMIRT,ICT/SMC v2,long,,,331405.5,327294.41061025625,,,,0.60349,,-2481.001335816455,5059142.6322995005,SL,,
2026-09-22T04:18:56.836402+00:00,close,,GRAMIRT,ICT/SMC v2,long,,,331405.5,327294.41061025625,,,,0.60349,,-2481.001335816455,5056661.630963684,SL,,
2026-09-22T04:33:35.065493+00:00,close,,DOGSIRT,Supertrend+ADX,long,,,11.43,11.802270998082486,,,,26246.7,,9770.885205371596,5066432.516169055,TP1,,
2026-09-22T04:33:37.595742+00:00,close,,DOGSIRT,ICT/SMC v2,long,,,11.02,11.71836441714148,,,,18148.8,,12674.476133817296,5079106.992302872,TP2,,
2026-09-22T05:03:33.684735+00:00,close,,ARBIRT,ICT/SMC v2,short,,,51891.5,49835.31377173156,,,,3.8541,,7924.747342369386,5087031.739645242,TP1,,
2026-09-22T05:03:43.754828+00:00,open,,DOGSIRT,ICT/SMC v2,long,,,11.605,,11.365938297622831,11.963592553565752,12.3221851071315,34467.9,400000.0,,,,,
2026-09-22T05:04:02.089035+00:00,open,,PEPEIRT,ICT/SMC v2,long,,,1.13771,,1.0841465818633154,1.218055127205027,1.298400254410054,351583.4,400000.0,,,,,
2026-09-22T05:19:17.502068+00:00,close,,TRBIRT,ICT/SMC v2,long,,,4361202.5,4361202.5,,,,0.0459,,0.0,5087031.739645242,SL,,
2026-09-22T05:33:24.271065+00:00,close,,ADAIRT,ICT/SMC v2,long,,,55543.5,55543.5,,,,3.600781,,0.0,5087031.739645242,SL,,
2026-09-22T05:33:33.663469+00:00,close,,DOGEIRT,ICT/SMC v2,long,,,22751.0,22751.0,,,,8.79,,0.0,5087031.739645242,SL,,
2026-09-22T05:33:37.675319+00:00,close,,DOGSIRT,Supertrend+ADX,long,,,11.43,11.43,,,,26246.7,,0.0,5087031.739645242,SL,,
2026-09-22T05:33:39.580398+00:00,close,,DOGSIRT,ICT/SMC v2,long,,,11.605,11.365938297622831,,,,17233.9,,-4119.965472597867,5082911.774172644,SL,,
2026-09-22T05:33:39.930716+00:00,close,,DOGSIRT,ICT/SMC v2,long,,,11.605,11.365938297622831,,,,17234.0,,-4119.989378768105,5078791.784793876,SL,,
2026-09-22T05:33:43.783555+00:00,close,,ETHIRT,ICT/SMC v2,long,,,623654917.5,623654917.5,,,,0.00032,,0.0,5078791.784793876,SL,,
2026-09-22T05:34:10.555750+00:00,close,,SUIIRT,ICT/SMC v2,long,,,237489.0,231113.5304990165,,,,0.8421,,-5368.782866778191,5073423.001927098,SL,,
2026-09-22T05:34:11.055750+00:00,close,,SUIIRT,ICT/SMC v2,long,,,237489.0,231113.5304990165,,,,0.8421,,-5368.782866778191,5068054.21906032,SL,,
2026-09-22T06:03:45.752963+00:00,open,,ETHIRT,ICT/SMC v2,short,,,628224409.5,,633059030.4241804,620972478.1137294,613720546.7274587,0.000636,400000.0,,,,,
2026-09-22T06:04:07.507120+00:00,open,,SOLIRT,ICT/SMC v2,short,,,26855436.0,,27156372.13567129,26404031.796493057,25952627.592986114,0.014,400000.0,,,,,
2026-09-22T07:03:44.616703+00:00,close,,FLOKIIRT,ICT/SMC v2,long,,,6.672825,6.923176005166572,,,,29972.3,,7503.595432154054,5075557.814492474,TP1,,
2026-09-22T07:18:48.340270+00:00,open,,DOGEIRT,ICT/SMC v2,long,,,22944.5,,22370.75396274407,23805.119055883893,24665.73811176778,17.43,400000.0,,,,,
2026-09-22T07:19:08.479297+00:00,close,,PEPEIRT,ICT/SMC v2,long,,,1.13771,1.218055127205027,,,,175791.7,,14124.006498087958,5089681.820990562,TP1,,
2026-09-22T07:19:23.395530+00:00,close,,TIAIRT,ICT/SMC v2,long,,,99446.5,101762.9721955569,,,,2.0111,,4658.657232484475,5094340.478223047,TP1,,
2026-09-22T07:19:32.880988+00:00,open,,TRXIRT,ICT/SMC v2,long,,,80373.0,,80131.15071304746,80735.7739304288,81098.54786085758,4.97,400000.0,,,,,
2026-09-22T07:48:45.029771+00:00,open,,DOGSIRT,ICT/SMC v2,long,,,11.765,,11.52118828470054,12.130717572949193,12.49643514589838,33999.1,400000.0,,,,,
2026-09-22T07:48:47.452729+00:00,close,,ETHIRT,ICT/SMC v2,short,,,628224409.5,633059030.4241804,,,,0.000318,,-1537.4094538893637,5092803.068769158,SL,,
2026-09-22T07:48:47.952729+00:00,close,,ETHIRT,ICT/SMC v2,short,,,628224409.5,633059030.4241804,,,,0.000318,,-1537.4094538893637,5091265.6593152685,SL,,
2026-09-22T07:48:57.895324+00:00,close,,HBARIRT,ICT/SMC v2,long,,,19839.5,21821.384885366664,,,,10.0809,,19979.183340892803,5111244.842656162,TP2,,
2026-09-22T07:49:32.040262+00:00,close,,TRXIRT,ICT/SMC v2,long,,,80373.0,80735.7739304288,,,,2.48,,899.6793474634167,5112144.522003625,TP1,,
2026-09-22T08:48:39.606411+00:00,open,,BTCIRT,Supertrend+ADX,long,,,19969909657.0,,19660702524.7924,20433720355.311413,20897531053.62281,3.004e-05,600000.0,,,,,
2026-09-22T08:48:42.472555+00:00,open,,BTCIRT,ICT/SMC v2,long,,,19969909657.5,,19850584092.51649,20148898004.97526,20327886352.450523,2.003e-05,400000.0,,,,,
2026-09-22T08:49:14.299262+00:00,close,,SOLIRT,ICT/SMC v2,short,,,26855436.0,27156372.13567129,,,,0.007,,-2106.552949699066,5110037.969053926,SL,,
2026-09-22T08:49:14.799262+00:00,close,,SOLIRT,ICT/SMC v2,short,,,26855436.0,27156372.13567129,,,,0.007,,-2106.552949699066,5107931.416104227,SL,,
2026-09-22T08:49:18.376080+00:00,open,,SOLIRT,ICT/SMC v2,long,,,27300659.5,,27015165.473932523,27728900.53910122,28157141.57820244,0.014,400000.0,,,,,
2026-09-22T08:49:26.875072+00:00,close,,TIAIRT,ICT/SMC v2,long,,,99446.5,104079.44439111382,,,,2.0111,,9317.314464969008,5117248.730569196,TP2,,
2026-09-22T09:03:37.592872+00:00,close,,BTCIRT,ICT/SMC v2,long,,,19969909657.5,19850584092.51649,,,,1.001e-05,,-1194.4489054849255,5116054.281663711,SL,,
2026-09-22T09:03:38.092872+00:00,close,,BTCIRT,ICT/SMC v2,long,,,19969909657.5,19850584092.51649,,,,1.001e-05,,-1194.4489054849255,5114859.832758226,SL,,
2026-09-22T09:04:21.148710+00:00,close,,TRXIRT,ICT/SMC v2,long,,,80373.0,80373.0,,,,2.48,,0.0,5114859.832758226,SL,,
2026-09-22T09:19:00.622032+00:00,open,,ETHIRT,ICT/SMC v2,long,,,633297354.5,,628256803.6814098,640858180.7278854,648419006.9557705,0.000631,400000.0,,,,,
2026-09-22T09:19:12.595364+00:00,open,,LINKIRT,ICT/SMC v2,long,,,2982994.5,,2940280.884801459,3047064.922797812,3111135.345595624,0.134,400000.0,,,,,
2026-09-22T09:19:32.001363+00:00,close,,SOLIRT,ICT/SMC v2,long,,,27300659.5,27015165.473932523,,,,0.007,,-1998.458182472337,5112861.374575754,SL,,
2026-09-22T09:19:32.501363+00:00,close,,SOLIRT,ICT/SMC v2,long,,,27300659.5,27015165.473932523,,,,0.007,,-1998.458182472337,5110862.916393281,SL,,
2026-09-22T10:03:28.411753+00:00,open,,ADAIRT,ICT/SMC v2,long,,,57130.5,,56020.76047127569,58795.10929308647,60459.71858617294,7.001514,400000.0,,,,,
2026-09-22T10:19:02.987930+00:00,close,,PEPEIRT,ICT/SMC v2,long,,,1.13771,1.13771,,,,175791.7,,0.0,5110862.916393281,SL,,
2026-09-22T10:33:42.716455+00:00,close,,DOGSIRT,ICT/SMC v2,long,,,11.765,11.52118828470054,,,,16999.5,,-4144.677254233165,5106718.239139047,SL,,
2026-09-22T10:33:43.148930+00:00,close,,DOGSIRT,ICT/SMC v2,long,,,11.765,11.52118828470054,,,,16999.6,,-4144.701635404695,5102573.537503643,SL,,
2026-09-22T10:34:06.094344+00:00,close,,NOTIRT,ICT/SMC v2,long,,,115.65,114.19277377385204,,,,1729.3,,-2519.981312877678,5100053.556190765,SL,,
2026-09-22T10:34:06.594344+00:00,close,,NOTIRT,ICT/SMC v2,long,,,115.65,114.19277377385204,,,,1729.3,,-2519.981312877678,5097533.574877888,SL,,
2026-09-22T10:34:38.369243+00:00,open,,XLMIRT,ICT/SMC v2,long,,,48230.45,,47425.3734969888,49438.0647545168,50645.67950903358,8.2935,400000.0,,,,,
2026-09-22T11:19:10.038732+00:00,open,,SOLIRT,ICT/SMC v2,long,,,26904488.5,,26638990.505986966,27302735.491019547,27700982.4820391,0.014,400000.0,,,,,
2026-09-22T11:34:06.747635+00:00,open,,GRAMIRT,ICT/SMC v2,short,,,327169.5,,330285.5665219432,322495.4002170852,317821.30043417047,1.2226,400000.0,,,,,
2026-09-22T12:19:09.327094+00:00,open,,PEPEIRT,ICT/SMC v2,long,,,1.12202,,1.0855957002506749,1.176656449623988,1.2312928992479757,356499.8,400000.0,,,,,
2026-09-22T12:34:22.931918+00:00,close,,WIFIRT,ICT/SMC v2,long,,,53106.0,60849.56821588356,,,,3.77,,29193.252173881032,5126726.827051769,TP2,,
2026-09-22T12:34:31.429225+00:00,open,,XRPIRT,ICT/SMC v2,long,,,355025.5,,350134.3215565688,362362.2676651468,369699.0353302936,1.1,400000.0,,,,,
2026-09-22T13:33:40.688861+00:00,close,,BTCIRT,Supertrend+ADX,long,,,19969909657.0,19660702524.7924,,,,1.502e-05,,-4644.291125758261,5122082.53592601,SL,,
2026-09-22T13:33:41.188861+00:00,close,,BTCIRT,Supertrend+ADX,long,,,19969909657.0,19660702524.7924,,,,1.502e-05,,-4644.291125758261,5117438.244800252,SL,,
2026-09-22T13:34:46.829727+00:00,open,,WIFIRT,ICT/SMC v2,long,,,59849.5,,56607.52904281752,64712.45643577371,69575.41287154742,6.68,400000.0,,,,,
2026-09-22T14:03:36.082135+00:00,open,,DOGEIRT,Supertrend+ADX,long,,,23100.5,,22295.726623179093,24307.66006523136,25514.82013046272,25.97,600000.0,,,,,
2026-09-22T14:03:51.165565+00:00,open,,HBARIRT,Supertrend+ADX,long,,,22266.5,,21443.56950194529,23500.89574708206,24735.291494164125,26.9463,600000.0,,,,,
2026-09-22T14:04:28.129742+00:00,close,,XRPIRT,ICT/SMC v2,long,,,355025.5,362362.2676651468,,,,0.5,,3668.383832573396,5121106.628632825,TP1,,
2026-09-22T14:18:54.908800+00:00,open,,GRAMIRT,Supertrend+ADX,long,,,330169.5,,323784.0039243272,339747.7441135092,349325.9882270184,1.81724,600000.0,,,,,
2026-09-22T14:33:28.815350+00:00,close,,ARBIRT,Supertrend+ADX,long,,,48741.5,48741.5,,,,6.1549,,0.0,5121106.628632825,SL,,
2026-09-22T14:33:36.987424+00:00,open,,BTCIRT,ICT/SMC v2,long,,,19667191087.0,,19528496890.81233,19875232381.28151,20083273675.56301,2.033e-05,400000.0,,,,,
2026-09-22T14:33:45.071371+00:00,close,,ETHIRT,ICT/SMC v2,long,,,633297354.5,628256803.6814098,,,,0.000315,,-1587.7735078559017,5119518.855124969,SL,,
2026-09-22T14:33:45.427601+00:00,close,,ETHIRT,ICT/SMC v2,long,,,633297354.5,628256803.6814098,,,,0.000316,,-1592.814058674492,5117926.041066295,SL,,
2026-09-22T14:33:49.406468+00:00,open,,ETHIRT,ICT/SMC v2,long,,,627030692.5,,621894630.5045242,634734785.4932137,642438878.4864273,0.000637,400000.0,,,,,
2026-09-22T14:34:34.934686+00:00,close,,XRPIRT,ICT/SMC v2,long,,,355025.5,355025.5,,,,0.6,,0.0,5117926.041066295,SL,,
2026-09-22T14:48:45.042683+00:00,close,,FLOKIIRT,ICT/SMC v2,long,,,6.672825,6.672825,,,,29972.3,,0.0,5117926.041066295,SL,,
2026-09-22T14:48:57.770981+00:00,close,,LINKIRT,ICT/SMC v2,long,,,2982994.5,2940280.884801459,,,,0.067,,-2861.812218302245,5115064.228847993,SL,,
2026-09-22T14:48:58.270981+00:00,close,,LINKIRT,ICT/SMC v2,long,,,2982994.5,2940280.884801459,,,,0.067,,-2861.812218302245,5112202.416629691,SL,,
2026-09-22T14:49:02.983818+00:00,open,,NOTIRT,ICT/SMC v2,long,,,112.95,,111.1146405811606,115.70303912825908,118.4560782565182,3541.3,400000.0,,,,,
2026-09-22T14:49:11.269750+00:00,close,,SOLIRT,ICT/SMC v2,long,,,26904488.5,26638990.505986966,,,,0.007,,-1858.4859580912369,5110343.9306716,SL,,
2026-09-22T14:49:11.769750+00:00,close,,SOLIRT,ICT/SMC v2,long,,,26904488.5,26638990.505986966,,,,0.007,,-1858.4859580912369,5108485.444713509,SL,,
2026-09-22T14:49:32.695984+00:00,open,,XRPIRT,ICT/SMC v2,long,,,356470.0,,349377.37189453084,367108.9421582038,377747.8843164076,1.1,400000.0,,,,,
2026-09-22T15:03:56.047606+00:00,close,,GRAMIRT,ICT/SMC v2,short,,,327169.5,330285.5665219432,,,,0.6113,,-1904.8514648638768,5106580.593248645,SL,,
2026-09-22T15:03:56.547606+00:00,close,,GRAMIRT,ICT/SMC v2,short,,,327169.5,330285.5665219432,,,,0.6113,,-1904.8514648638768,5104675.741783781,SL,,
2026-09-22T15:34:22.643863+00:00,close,,TRBIRT,Supertrend+ADX,long,,,4235088.5,4607466.814086109,,,,0.0708,,26364.384637296545,5131040.126421077,TP2,,
2026-09-22T15:48:38.436899+00:00,close,,BTCIRT,ICT/SMC v2,long,,,19667191087.0,19875232381.28151,,,,1.016e-05,,2113.6995499001355,5133153.825970978,TP1,,
2026-09-22T16:04:26.221455+00:00,close,,XLMIRT,ICT/SMC v2,long,,,48230.45,49438.0647545168,,,,4.1467,,5007.616102554809,5138161.442073532,TP1,,
2026-09-22T16:33:55.872785+00:00,open,,HBARIRT,ICT/SMC v2,long,,,21868.0,,21306.709182248887,22709.93622662667,23551.872453253345,18.2915,400000.0,,,,,
2026-09-22T17:04:14.350856+00:00,close,,NOTIRT,ICT/SMC v2,long,,,112.95,115.70303912825908,,,,1770.6,,4874.53108049557,5143035.973154028,TP1,,
2026-09-22T18:33:33.897830+00:00,close,,BTCIRT,ICT/SMC v2,long,,,19667191087.0,19667191087.0,,,,1.017e-05,,0.0,5143035.973154028,SL,,
2026-09-22T19:34:27.904033+00:00,close,,TIAIRT,Supertrend+ADX,long,,,96619.5,105567.4855383573,,,,3.105,,27783.49509659942,5170819.468250628,TP2,,
2026-09-22T20:03:48.422892+00:00,close,,ETHIRT,ICT/SMC v2,long,,,627030692.5,621894630.5045242,,,,0.000318,,-1633.2677145612945,5169186.200536067,SL,,
2026-09-22T20:03:48.806897+00:00,close,,ETHIRT,ICT/SMC v2,long,,,627030692.5,621894630.5045242,,,,0.000319,,-1638.4037765567705,5167547.7967595095,SL,,
2026-09-22T20:03:54.882992+00:00,open,,FLOKIIRT,ICT/SMC v2,long,,,6.788985,,6.65685996890059,6.987172546649116,7.185360093298231,58918.9,400000.0,,,,,
2026-09-22T20:04:02.918685+00:00,open,,GRAMIRT,ICT/SMC v2,long,,,330485.5,,326620.25527926866,336283.36708109704,342081.234162194,1.21034,400000.0,,,,,
2026-09-22T20:33:55.125823+00:00,close,,GRAMIRT,ICT/SMC v2,long,,,330485.5,326620.25527926866,,,,0.60517,,-2339.130147644984,5165208.666611864,SL,,
2026-09-22T20:33:55.625823+00:00,close,,GRAMIRT,ICT/SMC v2,long,,,330485.5,326620.25527926866,,,,0.60517,,-2339.130147644984,5162869.536464219,SL,,
2026-09-22T20:34:29.166975+00:00,open,,TRXIRT,ICT/SMC v2,short,,,76896.5,,77119.79479221738,76561.55781167392,76226.61562334784,5.2,400000.0,,,,,
2026-09-22T20:48:34.780995+00:00,close,,DOGEIRT,ICT/SMC v2,long,,,22944.5,22370.75396274407,,,,8.71,,-4997.327984499142,5157872.20847972,SL,,
2026-09-22T20:48:35.280995+00:00,close,,DOGEIRT,ICT/SMC v2,long,,,22944.5,22370.75396274407,,,,8.71,,-4997.327984499142,5152874.880495221,SL,,
2026-09-22T20:48:49.354501+00:00,close,,GRAMIRT,Supertrend+ADX,long,,,330169.5,323784.0039243272,,,,0.90862,,-5801.989444277816,5147072.891050943,SL,,
2026-09-22T20:48:49.854501+00:00,close,,GRAMIRT,Supertrend+ADX,long,,,330169.5,323784.0039243272,,,,0.90862,,-5801.989444277816,5141270.901606665,SL,,
2026-09-22T20:49:06.700436+00:00,close,,PEPEIRT,ICT/SMC v2,long,,,1.12202,1.0855957002506749,,,,178249.9,,-6492.627787887233,5134778.273818778,SL,,
2026-09-22T20:49:07.200436+00:00,close,,PEPEIRT,ICT/SMC v2,long,,,1.12202,1.0855957002506749,,,,178249.9,,-6492.627787887233,5128285.646030891,SL,,
2026-09-22T20:49:13.201641+00:00,close,,SHIBIRT,ICT/SMC v2,long,,,1.3555,1.3555,,,,147547.0,,0.0,5128285.646030891,SL,,
2026-09-22T20:49:27.723404+00:00,close,,TRXIRT,ICT/SMC v2,short,,,76896.5,76561.55781167392,,,,2.6,,870.8496896478085,5129156.495720538,TP1,,
2026-09-22T20:49:30.883354+00:00,close,,WIFIRT,ICT/SMC v2,long,,,59849.5,56607.52904281752,,,,3.34,,-10828.18299698948,5118328.312723549,SL,,
2026-09-22T20:49:31.383354+00:00,close,,WIFIRT,ICT/SMC v2,long,,,59849.5,56607.52904281752,,,,3.34,,-10828.18299698948,5107500.12972656,SL,,
2026-09-22T20:49:35.100041+00:00,close,,XLMIRT,ICT/SMC v2,long,,,48230.45,48230.45,,,,4.1468,,0.0,5107500.12972656,SL,,
2026-09-22T21:04:41.411428+00:00,close,,TRXIRT,ICT/SMC v2,short,,,76896.5,76896.5,,,,2.6,,-0.0,5107500.12972656,SL,,
2026-09-22T21:19:13.177919+00:00,open,,TIAIRT,ICT/SMC v2,long,,,109943.5,,106195.49773716676,115565.50339424988,121187.5067884998,3.6382,400000.0,,,,,
2026-09-22T21:33:57.543122+00:00,open,,PEPEIRT,ICT/SMC v2,long,,,1.103195,,1.0810836467457452,1.136362029881382,1.1695290597627646,362583.2,400000.0,,,,,
2026-09-22T22:18:38.386524+00:00,open,,DOGEIRT,ICT/SMC v2,long,,,22629.5,,22331.506366214635,23076.490450678044,23523.48090135609,17.67,400000.0,,,,,
2026-09-22T22:48:32.528203+00:00,open,,ARBIRT,Supertrend+ADX,long,,,50973.5,,48806.20963651166,54224.4355452325,57475.37109046502,11.7708,600000.0,,,,,
2026-09-22T23:03:58.530417+00:00,open,,SEIIRT,ICT/SMC v2,short,,,13794.0,,14008.087628149768,13472.868557775348,13151.737115550695,28.9,400000.0,,,,,
2026-09-22T23:18:34.371648+00:00,close,,ARBIRT,ICT/SMC v2,short,,,51891.5,51891.5,,,,3.8542,,-0.0,5107500.12972656,SL,,
2026-09-22T23:19:01.886630+00:00,open,,LINKIRT,ICT/SMC v2,short,,,2969623.5,,3006737.60699148,2913952.3395127803,2858281.1790255606,0.1346,400000.0,,,,,
2026-09-22T23:19:16.496821+00:00,open,,SUIIRT,Supertrend+ADX,long,,,234150.5,,225978.78006329303,246408.07990506044,258665.65981012088,2.5624,600000.0,,,,,
2026-09-22T23:49:29.785212+00:00,open,,XLMIRT,ICT/SMC v2,long,,,48662.5,,47915.5851479602,49782.8722780597,50903.2445561194,8.2198,400000.0,,,,,
2026-09-23T00:03:39.987266+00:00,open,,DOGSIRT,ICT/SMC v2,long,,,11.515,,11.369948272968626,11.732577590547065,11.950155181094123,34737.2,400000.0,,,,,
2026-09-23T00:04:11.746841+00:00,close,,TIAIRT,ICT/SMC v2,long,,,109943.5,115565.50339424988,,,,1.8191,,10226.986374479966,5117727.11610104,TP1,,
2026-09-23T00:18:26.557112+00:00,close,,ARBIRT,Supertrend+ADX,long,,,50973.5,54224.4355452325,,,,5.8854,,19133.056057911374,5136860.172158951,TP1,,
2026-09-23T01:19:04.476242+00:00,close,,SEIIRT,ICT/SMC v2,short,,,13794.0,14008.087628149768,,,,14.4,,-3082.8618453566537,5133777.3103135945,SL,,
2026-09-23T01:19:04.976242+00:00,close,,SEIIRT,ICT/SMC v2,short,,,13794.0,14008.087628149768,,,,14.4,,-3082.8618453566537,5130694.448468238,SL,,
2026-09-23T01:19:22.637577+00:00,open,,TRBIRT,ICT/SMC v2,long,,,4641157.5,,4558241.8455233,4765530.9817150505,4889904.463430101,0.0861,400000.0,,,,,
2026-09-23T01:33:38.566682+00:00,close,,DOGEIRT,ICT/SMC v2,long,,,22629.5,23076.490450678044,,,,8.83,,3946.925679487129,5134641.374147725,TP1,,
2026-09-23T01:49:10.734630+00:00,open,,SOLIRT,ICT/SMC v2,long,,,26786468.5,,26559602.019203834,27126768.22119425,27467067.9423885,0.014,400000.0,,,,,
2026-09-23T02:03:43.243010+00:00,open,,ETHIRT,ICT/SMC v2,long,,,623556028.5,,619216958.4544952,630064633.5682573,636573238.6365144,0.000641,400000.0,,,,,
2026-09-23T02:04:05.132195+00:00,open,,SEIIRT,ICT/SMC v2,long,,,13872.5,,13630.707571296343,14235.188643055488,14597.877286110974,28.8,400000.0,,,,,
2026-09-23T02:04:19.137614+00:00,close,,TRBIRT,ICT/SMC v2,long,,,4641157.5,4558241.8455233,,,,0.043,,-3565.3731424981147,5131076.001005227,SL,,
2026-09-23T02:04:19.579416+00:00,close,,TRBIRT,ICT/SMC v2,long,,,4641157.5,4558241.8455233,,,,0.0431,,-3573.6647079457853,5127502.336297281,SL,,
2026-09-23T02:18:52.532627+00:00,close,,HBARIRT,ICT/SMC v2,long,,,21868.0,22709.93622662667,,,,9.1457,,7700.096147859525,5135202.432445141,TP1,,
2026-09-23T03:18:36.299163+00:00,close,,DOGEIRT,ICT/SMC v2,long,,,22629.5,23523.48090135609,,,,8.84,,7902.79116798785,5143105.223613128,TP2,,
2026-09-23T03:19:19.232518+00:00,close,,XLMIRT,ICT/SMC v2,long,,,48662.5,49782.8722780597,,,,4.1099,,4604.618025597568,5147709.841638725,TP1,,
2026-09-23T03:33:30.181626+00:00,close,,ARBIRT,Supertrend+ADX,long,,,50973.5,57475.37109046502,,,,5.8854,,38266.112115822834,5185975.953754548,TP2,,
2026-09-23T03:33:45.662010+00:00,close,,FLOKIIRT,ICT/SMC v2,long,,,6.788985,6.987172546649116,,,,29459.4,,5838.486211754945,5191814.439966303,TP1,,
2026-09-23T03:48:27.353026+00:00,close,,ADAIRT,ICT/SMC v2,long,,,57130.5,58795.10929308647,,,,3.500757,,5827.392635037508,5197641.8326013405,TP1,,
2026-09-23T03:48:41.625204+00:00,close,,ETHIRT,ICT/SMC v2,long,,,623556028.5,630064633.5682573,,,,0.00032,,2082.7536218423465,5199724.586223183,TP1,,
2026-09-23T03:48:45.052644+00:00,open,,ETHIRT,Supertrend+ADX,long,,,630803386.0,,621286459.8806341,645078775.1790489,659354164.3580977,0.000951,600000.0,,,,,
2026-09-23T03:49:06.491450+00:00,close,,SEIIRT,ICT/SMC v2,long,,,13872.5,14235.188643055488,,,,14.4,,5222.716459999024,5204947.302683182,TP1,,
2026-09-23T03:49:11.892145+00:00,close,,SOLIRT,ICT/SMC v2,long,,,26786468.5,27126768.22119425,,,,0.007,,2382.098048359767,5207329.400731542,TP1,,
2026-09-23T03:49:30.090726+00:00,close,,XRPIRT,ICT/SMC v2,long,,,356470.0,367108.9421582038,,,,0.5,,5319.471079101902,5212648.871810644,TP1,,
2026-09-23T04:18:32.809960+00:00,open,,BTCIRT,ICT/SMC v2,long,,,19722643308.5,,19626699377.688824,19866559204.716766,20010475100.933533,2.028e-05,400000.0,,,,,
2026-09-23T04:34:00.802247+00:00,close,,PEPEIRT,ICT/SMC v2,long,,,1.103195,1.136362029881382,,,,181291.6,,6012.90391444359,5218661.775725087,TP1,,
2026-09-23T04:34:19.581334+00:00,open,,TRBIRT,ICT/SMC v2,long,,,4667044.5,,4596725.851926621,4772522.472110068,4878000.444220137,0.0857,400000.0,,,,,
2026-09-23T04:49:03.946648+00:00,open,,PEPEIRT,Supertrend+ADX,long,,,1.143855,,1.1031467798545762,1.204917330218136,1.265979660436272,524542.0,600000.0,,,,,
2026-09-23T04:49:25.727929+00:00,open,,WIFIRT,Supertrend+ADX,long,,,59096.0,,57051.23903396363,62163.14144905455,65230.2828981091,10.15,600000.0,,,,,
2026-09-23T04:49:28.140743+00:00,close,,XLMIRT,ICT/SMC v2,long,,,48662.5,50903.2445561194,,,,4.1099,,9209.236051195106,5227871.011776282,TP2,,
2026-09-23T05:18:50.804990+00:00,open,,GRAMIRT,ICT/SMC v2,long,,,334517.5,,331419.21588251105,339164.9261762334,343812.3523524667,1.19575,400000.0,,,,,
2026-09-23T06:03:37.666919+00:00,open,,DOGEIRT,ICT/SMC v2,long,,,23104.0,,22699.177576025235,23711.233635962144,24318.46727192429,17.31,400000.0,,,,,
2026-09-23T06:03:46.791307+00:00,close,,FLOKIIRT,ICT/SMC v2,long,,,6.788985,6.788985,,,,29459.5,,0.0,5227871.011776282,SL,,
2026-09-23T06:04:11.334041+00:00,open,,SHIBIRT,ICT/SMC v2,long,,,1.39655,,1.374164882140545,1.4301276767891822,1.4637053535783646,286420.1,400000.0,,,,,
2026-09-23T06:04:18.003967+00:00,open,,SUIIRT,ICT/SMC v2,long,,,232800.0,,228832.6355677424,238751.04664838643,244702.0932967728,1.7182,400000.0,,,,,
2026-09-23T06:18:38.066316+00:00,close,,BTCIRT,ICT/SMC v2,long,,,19722643308.5,19626699377.688824,,,,1.014e-05,,-972.8714584253275,5226898.140317857,SL,,
2026-09-23T06:18:38.566316+00:00,close,,BTCIRT,ICT/SMC v2,long,,,19722643308.5,19626699377.688824,,,,1.014e-05,,-972.8714584253275,5225925.268859432,SL,,
2026-09-23T07:33:50.751548+00:00,close,,GRAMIRT,ICT/SMC v2,long,,,334517.5,331419.21588251105,,,,0.59787,,-1852.371125323117,5224072.897734109,SL,,
2026-09-23T07:33:51.088709+00:00,close,,GRAMIRT,ICT/SMC v2,long,,,334517.5,331419.21588251105,,,,0.59788,,-1852.402108164292,5222220.495625945,SL,,
2026-09-23T07:48:32.604661+00:00,open,,ARBIRT,ICT/SMC v2,short,,,55192.0,,57156.89785913809,52244.65321129287,49297.30642258575,7.2474,400000.0,,,,,
2026-09-23T07:49:32.089767+00:00,close,,TRBIRT,ICT/SMC v2,long,,,4667044.5,4596725.851926621,,,,0.0428,,-3009.638137540619,5219210.857488404,SL,,
2026-09-23T07:49:32.453783+00:00,close,,TRBIRT,ICT/SMC v2,long,,,4667044.5,4596725.851926621,,,,0.0429,,-3016.670002347957,5216194.187486056,SL,,
2026-09-23T07:49:35.259203+00:00,open,,TRBIRT,ICT/SMC v2,long,,,4594608.5,,4522303.389708346,4703066.165437481,4811523.830874963,0.087,400000.0,,,,,
2026-09-23T07:49:40.088723+00:00,close,,WIFIRT,Supertrend+ADX,long,,,59096.0,57051.23903396363,,,,5.07,,-10366.93809780438,5205827.249388251,SL,,
2026-09-23T07:49:40.415730+00:00,close,,WIFIRT,Supertrend+ADX,long,,,59096.0,57051.23903396363,,,,5.08,,-10387.385707464744,5195439.863680786,SL,,
2026-09-23T08:04:15.339253+00:00,close,,SEIIRT,ICT/SMC v2,long,,,13872.5,13872.5,,,,14.4,,0.0,5195439.863680786,SL,,
2026-09-23T08:04:21.034344+00:00,open,,SEIIRT,ICT/SMC v2,long,,,13824.0,,13574.323692332711,14198.514461500932,14573.02892300186,28.9,400000.0,,,,,
2026-09-23T08:18:52.557665+00:00,close,,ETHIRT,ICT/SMC v2,long,,,623556028.5,623556028.5,,,,0.00032,,0.0,5195439.863680786,SL,,
2026-09-23T08:34:43.632663+00:00,close,,TIAIRT,ICT/SMC v2,long,,,109943.5,121187.5067884998,,,,1.8191,,20453.972748959983,5215893.836429747,TP2,,
2026-09-23T09:03:38.947661+00:00,close,,DOGEIRT,ICT/SMC v2,long,,,23104.0,22699.177576025235,,,,8.65,,-3501.7139673817182,5212392.122462365,SL,,
2026-09-23T09:03:39.447661+00:00,close,,DOGEIRT,ICT/SMC v2,long,,,23104.0,22699.177576025235,,,,8.65,,-3501.7139673817182,5208890.408494983,SL,,
2026-09-23T09:04:17.733664+00:00,open,,LINKIRT,Supertrend+ADX,short,,,2942284.5,,3009692.8496999503,2841171.9754500743,2740059.450900149,0.2039,600000.0,,,,,
2026-09-23T09:04:35.350700+00:00,close,,SOLIRT,ICT/SMC v2,long,,,26786468.5,26786468.5,,,,0.007,,0.0,5208890.408494983,SL,,
2026-09-23T09:04:46.215862+00:00,open,,TIAIRT,ICT/SMC v2,long,,,119969.5,,116296.86539636708,125478.45190544936,130987.40381089872,3.3341,400000.0,,,,,
2026-09-23T09:04:57.593846+00:00,open,,TRXIRT,Supertrend+ADX,short,,,78257.0,,78634.50927499184,77690.73608751222,77124.47217502446,7.66,600000.0,,,,,
2026-09-23T09:33:49.443982+00:00,open,,ETHIRT,ICT/SMC v2,short,,,624957993.0,,629054062.873348,618813888.189978,612669783.379956,0.00064,400000.0,,,,,
2026-09-23T10:03:48.960526+00:00,close,,ETHIRT,Supertrend+ADX,long,,,630803386.0,621286459.8806341,,,,0.000475,,-4520.539906698817,5204369.868588284,SL,,
2026-09-23T10:03:49.339608+00:00,close,,ETHIRT,Supertrend+ADX,long,,,630803386.0,621286459.8806341,,,,0.000476,,-4530.056832818184,5199839.811755465,SL,,
2026-09-23T10:19:23.132556+00:00,close,,PEPEIRT,Supertrend+ADX,long,,,1.143855,1.1031467798545762,,,,262271.0,,-10676.58560576046,5189163.226149705,SL,,
2026-09-23T10:19:23.632556+00:00,close,,PEPEIRT,Supertrend+ADX,long,,,1.143855,1.1031467798545762,,,,262271.0,,-10676.58560576046,5178486.640543945,SL,,
2026-09-23T10:19:25.619124+00:00,close,,PEPEIRT,ICT/SMC v2,long,,,1.103195,1.103195,,,,181291.6,,0.0,5178486.640543945,SL,,
2026-09-23T10:34:14.712906+00:00,close,,SHIBIRT,ICT/SMC v2,long,,,1.39655,1.374164882140545,,,,143210.0,,-3205.772728652545,5175280.867815292,SL,,
2026-09-23T10:34:15.212906+00:00,close,,SHIBIRT,ICT/SMC v2,long,,,1.39655,1.374164882140545,,,,143210.0,,-3205.772728652545,5172075.09508664,SL,,
2026-09-23T11:33:55.588328+00:00,close,,HBARIRT,ICT/SMC v2,long,,,21868.0,21868.0,,,,9.1458,,0.0,5172075.09508664,SL,,
2026-09-23T11:34:01.515107+00:00,close,,LINKIRT,ICT/SMC v2,short,,,2969623.5,2913952.3395127803,,,,0.0673,,3746.669100789885,5175821.76418743,TP1,,
2026-09-23T11:48:27.686268+00:00,close,,ADAIRT,ICT/SMC v2,long,,,57130.5,57130.5,,,,3.500757,,0.0,5175821.76418743,SL,,
2026-09-23T12:04:31.952174+00:00,close,,TIAIRT,ICT/SMC v2,long,,,119969.5,116296.86539636708,,,,1.667,,-6122.281884256077,5169699.482303174,SL,,
2026-09-23T12:04:32.452174+00:00,close,,TIAIRT,ICT/SMC v2,long,,,119969.5,116296.86539636708,,,,1.667,,-6122.281884256077,5163577.200418918,SL,,
2026-09-23T12:04:38.681059+00:00,close,,TRBIRT,ICT/SMC v2,long,,,4594608.5,4522303.389708346,,,,0.0435,,-3145.2722976869595,5160431.9281212315,SL,,
2026-09-23T12:04:39.181059+00:00,close,,TRBIRT,ICT/SMC v2,long,,,4594608.5,4522303.389708346,,,,0.0435,,-3145.2722976869595,5157286.655823545,SL,,
2026-09-23T12:04:50.528465+00:00,close,,XRPIRT,ICT/SMC v2,long,,,356470.0,356470.0,,,,0.6,,0.0,5157286.655823545,SL,,
2026-09-23T12:48:42.854202+00:00,open,,BTCIRT,ICT/SMC v2,short,,,19503500000.5,,19591215367.10571,19371926950.59144,19240353900.68288,2.05e-05,400000.0,,,,,
2026-09-23T13:03:39.830861+00:00,close,,DOGSIRT,ICT/SMC v2,long,,,11.515,11.369948272968626,,,,17368.6,,-2519.345426117127,5154767.3103974275,SL,,
2026-09-23T13:03:40.330861+00:00,close,,DOGSIRT,ICT/SMC v2,long,,,11.515,11.369948272968626,,,,17368.6,,-2519.345426117127,5152247.96497131,SL,,
2026-09-23T13:18:41.970898+00:00,close,,ARBIRT,ICT/SMC v2,short,,,55192.0,52244.65321129287,,,,3.6237,,10680.30055823803,5162928.265529549,TP1,,
2026-09-23T13:19:01.860184+00:00,close,,HBARIRT,Supertrend+ADX,long,,,22266.5,21443.56950194529,,,,13.4731,,-11087.424893340858,5151840.840636208,SL,,
2026-09-23T13:19:02.438553+00:00,close,,HBARIRT,Supertrend+ADX,long,,,22266.5,21443.56950194529,,,,13.4732,,-11087.507186390663,5140753.333449817,SL,,
2026-09-23T13:19:24.684917+00:00,close,,SUIIRT,ICT/SMC v2,long,,,232800.0,228832.6355677424,,,,0.8591,,-3408.362783752504,5137344.970666065,SL,,
2026-09-23T13:19:25.184917+00:00,close,,SUIIRT,ICT/SMC v2,long,,,232800.0,228832.6355677424,,,,0.8591,,-3408.362783752504,5133936.6078823125,SL,,
2026-09-23T13:34:23.884212+00:00,open,,WIFIRT,ICT/SMC v2,short,,,56013.0,,57389.58540779761,53948.12188830359,51883.24377660718,7.14,400000.0,,,,,
2026-09-23T13:48:42.459947+00:00,close,,BTCIRT,ICT/SMC v2,short,,,19503500000.5,19591215367.10571,,,,1.025e-05,,-899.082507708518,5133037.525374604,SL,,
2026-09-23T13:48:42.959947+00:00,close,,BTCIRT,ICT/SMC v2,short,,,19503500000.5,19591215367.10571,,,,1.025e-05,,-899.082507708518,5132138.442866896,SL,,
2026-09-23T14:04:15.591686+00:00,close,,TRXIRT,Supertrend+ADX,short,,,78257.0,78634.50927499184,,,,3.83,,-1445.8605232187483,5130692.582343678,SL,,
2026-09-23T14:04:16.091686+00:00,close,,TRXIRT,Supertrend+ADX,short,,,78257.0,78634.50927499184,,,,3.83,,-1445.8605232187483,5129246.72182046,SL,,
2026-09-23T14:18:32.732855+00:00,close,,DOGEIRT,Supertrend+ADX,long,,,23100.5,22295.726623179093,,,,12.98,,-10445.958431135376,5118800.763389325,SL,,
2026-09-23T14:18:33.232855+00:00,close,,DOGEIRT,Supertrend+ADX,long,,,23100.5,22295.726623179093,,,,12.98,,-10445.958431135376,5108354.80495819,SL,,
2026-09-23T14:18:40.573321+00:00,open,,DOGSIRT,ICT/SMC v2,short,,,10.975,,11.23829076252707,10.5800638562094,10.185127712418796,36446.4,400000.0,,,,,
2026-09-23T14:18:42.483983+00:00,close,,ETHIRT,ICT/SMC v2,short,,,624957993.0,618813888.189978,,,,0.00032,,1966.1135392070391,5110320.918497397,TP1,,
2026-09-23T14:18:43.211390+00:00,close,,ETHIRT,ICT/SMC v2,short,,,624957993.0,612669783.379956,,,,0.00032,,3932.2270784140783,5114253.145575811,TP2,,
2026-09-23T14:18:54.673613+00:00,close,,LINKIRT,Supertrend+ADX,short,,,2942284.5,2841171.9754500743,,,,0.1019,,10303.36625163743,5124556.511827448,TP1,,
2026-09-23T14:18:56.766879+00:00,close,,LINKIRT,ICT/SMC v2,short,,,2969623.5,2858281.1790255606,,,,0.0673,,7493.338201579771,5132049.850029028,TP2,,
2026-09-23T14:18:59.602453+00:00,open,,LINKIRT,ICT/SMC v2,short,,,2838516.5,,2895824.1965671205,2752554.95514932,2666593.4102986394,0.1409,400000.0,,,,,
2026-09-23T14:19:02.582540+00:00,close,,NOTIRT,ICT/SMC v2,long,,,112.95,112.95,,,,1770.7,,0.0,5132049.850029028,SL,,
2026-09-23T14:19:09.231501+00:00,close,,SEIIRT,ICT/SMC v2,long,,,13824.0,13574.323692332711,,,,14.4,,-3595.3388304089312,5128454.511198619,SL,,
2026-09-23T14:19:09.731501+00:00,close,,SEIIRT,ICT/SMC v2,long,,,13824.0,13574.323692332711,,,,14.4,,-3595.3388304089312,5124859.172368211,SL,,
2026-09-23T14:19:12.935180+00:00,open,,SEIIRT,Supertrend+ADX,short,,,13453.5,,14175.154139107142,12371.018791339287,11288.537582678577,44.5,600000.0,,,,,
2026-09-23T14:19:19.535232+00:00,close,,SUIIRT,Supertrend+ADX,long,,,234150.5,225978.78006329303,,,,1.2812,,-10469.607582908931,5114389.564785302,SL,,
2026-09-23T14:19:20.035232+00:00,close,,SUIIRT,Supertrend+ADX,long,,,234150.5,225978.78006329303,,,,1.2812,,-10469.607582908931,5103919.957202393,SL,,
2026-09-23T14:19:29.037915+00:00,open,,TRBIRT,ICT/SMC v2,short,,,4388105.5,,4495975.930132032,4226299.854801951,4064494.209603903,0.0911,400000.0,,,,,
2026-09-23T14:19:33.821126+00:00,close,,WIFIRT,ICT/SMC v2,short,,,56013.0,53948.12188830359,,,,3.57,,7371.61485875618,5111291.5720611485,TP1,,
2026-09-23T14:19:39.969993+00:00,open,,XRPIRT,ICT/SMC v2,short,,,350200.0,,357543.491431476,339184.76285278605,328169.5257055721,1.1,400000.0,,,,,
2026-09-23T15:03:40.210555+00:00,open,,ETHIRT,ICT/SMC v2,short,,,614533983.0,,621786678.0529544,603654940.4205683,592775897.8411366,0.00065,400000.0,,,,,
2026-09-23T15:04:02.125474+00:00,open,,SHIBIRT,ICT/SMC v2,short,,,1.31145,,1.349045994821637,1.2550560077675452,1.1986620155350904,305005.9,400000.0,,,,,
2026-09-23T15:19:10.716009+00:00,open,,TIAIRT,ICT/SMC v2,short,,,110210.5,,114811.91560929234,103308.37658606152,96406.25317212302,3.6294,400000.0,,,,,
2026-09-23T15:34:18.917092+00:00,close,,WIFIRT,ICT/SMC v2,short,,,56013.0,51883.24377660718,,,,3.57,,14743.22971751236,5126034.801778661,TP2,,
2026-09-23T16:18:58.487241+00:00,open,,PEPEIRT,ICT/SMC v2,short,,,1.01009,,1.0465462274233144,0.9554056588650284,0.9007213177300568,396004.3,400000.0,,,,,
2026-09-23T16:19:08.024529+00:00,open,,SOLIRT,ICT/SMC v2,short,,,26376771.0,,26831471.48919349,25694720.266209755,25012669.532419503,0.015,400000.0,,,,,
2026-09-23T16:19:22.520799+00:00,open,,WIFIRT,ICT/SMC v2,short,,,52396.5,,54354.98342341338,49458.77486487994,46521.04972975988,7.63,400000.0,,,,,
2026-09-23T16:19:25.577945+00:00,open,,XLMIRT,ICT/SMC v2,short,,,46832.2,,47933.95340394941,45179.56989407588,43526.939788151765,8.5411,400000.0,,,,,
2026-09-23T17:18:53.096904+00:00,open,,GRAMIRT,ICT/SMC v2,short,,,324901.5,,329598.68045321567,317855.7293201765,310809.95864035306,1.23114,400000.0,,,,,
2026-09-23T17:18:56.776688+00:00,open,,HBARIRT,ICT/SMC v2,short,,,20777.0,,21287.43997909265,20011.34003136101,19245.680062722025,19.252,400000.0,,,,,
2026-09-23T19:04:21.371096+00:00,open,,BTCIRT,ICT/SMC v2,short,,,19395815772.0,,19536707473.82109,19184478219.26836,18973140666.53672,2.062e-05,400000.0,,,,,
2026-09-23T19:05:11.407098+00:00,open,,FLOKIIRT,ICT/SMC v2,short,,,6.217795000000001,,6.351769481135852,6.016833278296224,5.8158715565924455,64331.4,400000.0,,,,,
2026-09-23T19:05:41.716774+00:00,open,,SUIIRT,ICT/SMC v2,short,,,222147.5,,227529.97844009625,214073.7823398556,206000.0646797112,1.8006,400000.0,,,,,
2026-09-23T21:48:28.193097+00:00,open,,ADAIRT,ICT/SMC v2,short,,,55022.0,,55878.58815479172,53737.117767812415,52452.23553562483,7.269819,400000.0,,,,,
2026-09-23T21:48:35.098637+00:00,close,,BTCIRT,ICT/SMC v2,short,,,19395815772.0,19536707473.82109,,,,1.031e-05,,-1452.5934457754845,5124582.208332886,SL,,
2026-09-23T21:48:35.598637+00:00,close,,BTCIRT,ICT/SMC v2,short,,,19395815772.0,19536707473.82109,,,,1.031e-05,,-1452.5934457754845,5123129.614887111,SL,,
2026-09-23T22:18:37.438730+00:00,open,,BTCIRT,ICT/SMC v2,long,,,19489782434.0,,19390025538.89568,19639417776.656487,19789053119.312973,2.052e-05,400000.0,,,,,
2026-09-23T22:18:44.663685+00:00,close,,ETHIRT,ICT/SMC v2,short,,,614533983.0,621786678.0529544,,,,0.000325,,-2357.1258922101915,5120772.488994901,SL,,
2026-09-23T22:18:45.163685+00:00,close,,ETHIRT,ICT/SMC v2,short,,,614533983.0,621786678.0529544,,,,0.000325,,-2357.1258922101915,5118415.363102691,SL,,
2026-09-23T22:19:32.198506+00:00,close,,WIFIRT,ICT/SMC v2,short,,,52396.5,54354.98342341338,,,,3.81,,-7461.821843204983,5110953.541259486,SL,,
2026-09-23T22:19:32.632822+00:00,close,,WIFIRT,ICT/SMC v2,short,,,52396.5,54354.98342341338,,,,3.82,,-7481.406677439117,5103472.134582047,SL,,
2026-09-23T23:18:39.692209+00:00,open,,DOGEIRT,ICT/SMC v2,long,,,21381.0,,21109.10881879907,21788.836771801394,22196.673543602792,18.7,400000.0,,,,,
2026-09-24T01:03:31.773760+00:00,close,,BTCIRT,ICT/SMC v2,long,,,19489782434.0,19390025538.89568,,,,1.026e-05,,-1023.5057437703678,5102448.628838277,SL,,
2026-09-24T01:03:32.273760+00:00,close,,BTCIRT,ICT/SMC v2,long,,,19489782434.0,19390025538.89568,,,,1.026e-05,,-1023.5057437703678,5101425.1230945075,SL,,
2026-09-24T01:03:57.684617+00:00,open,,NOTIRT,ICT/SMC v2,long,,,107.25,,105.95814758748377,109.18777861877436,111.1255572375487,3729.6,400000.0,,,,,
2026-09-24T01:33:39.871833+00:00,open,,ETHIRT,ICT/SMC v2,long,,,620239667.0,,616860468.4661819,625308464.8007271,630377262.6014544,0.000644,400000.0,,,,,
2026-09-24T02:48:45.019476+00:00,close,,FLOKIIRT,ICT/SMC v2,short,,,6.217795000000001,6.351769481135852,,,,32165.7,,-4309.3829678714565,5097115.740126636,SL,,
2026-09-24T02:48:45.519476+00:00,close,,FLOKIIRT,ICT/SMC v2,short,,,6.217795000000001,6.351769481135852,,,,32165.7,,-4309.3829678714565,5092806.357158764,SL,,
2026-09-24T02:48:49.788741+00:00,open,,FLOKIIRT,ICT/SMC v2,short,,,6.3649,,6.460140307361431,6.222039538957855,6.079179077915708,62844.6,400000.0,,,,,
2026-09-24T03:34:22.526871+00:00,open,,WIFIRT,ICT/SMC v2,long,,,55887.5,,54367.7357842975,58167.14632355375,60446.792647107504,7.15,400000.0,,,,,
2026-09-24T03:49:08.820882+00:00,open,,SEIIRT,ICT/SMC v2,long,,,13736.5,,13539.582556141182,14031.876165788226,14327.252331576454,29.1,400000.0,,,,,
2026-09-24T04:33:39.341657+00:00,close,,ETHIRT,ICT/SMC v2,long,,,620239667.0,616860468.4661819,,,,0.000322,,-1088.1019278894366,5091718.255230875,SL,,
2026-09-24T04:33:39.841657+00:00,close,,ETHIRT,ICT/SMC v2,long,,,620239667.0,616860468.4661819,,,,0.000322,,-1088.1019278894366,5090630.153302985,SL,,
2026-09-24T05:03:26.817610+00:00,close,,ADAIRT,ICT/SMC v2,short,,,55022.0,55878.58815479172,,,,3.634909,,-3113.619993145802,5087516.53330984,SL,,
2026-09-24T05:03:27.378960+00:00,close,,ADAIRT,ICT/SMC v2,short,,,55022.0,55878.58815479172,,,,3.63491,,-3113.6208497339567,5084402.9124601055,SL,,
2026-09-24T05:03:37.105224+00:00,close,,DOGEIRT,ICT/SMC v2,long,,,21381.0,21788.836771801394,,,,9.35,,3813.273816343036,5088216.186276449,TP1,,
2026-09-24T05:03:50.143599+00:00,close,,GRAMIRT,ICT/SMC v2,short,,,324901.5,329598.68045321567,,,,0.61557,,-2891.443371585968,5085324.742904863,SL,,
2026-09-24T05:03:50.643599+00:00,close,,GRAMIRT,ICT/SMC v2,short,,,324901.5,329598.68045321567,,,,0.61557,,-2891.443371585968,5082433.299533278,SL,,
2026-09-24T05:04:01.241269+00:00,close,,NOTIRT,ICT/SMC v2,long,,,107.25,109.18777861877436,,,,1864.8,,3613.5695682903993,5086046.869101568,TP1,,
2026-09-24T05:18:35.064889+00:00,open,,BTCIRT,ICT/SMC v2,short,,,19464831296.5,,19558563078.00637,19324233624.24044,19183635951.98088,2.054e-05,400000.0,,,,,
2026-09-24T05:19:18.158074+00:00,open,,TIAIRT,Supertrend+ADX,long,,,110938.0,,105944.04734674357,118428.92897988467,125919.85795976936,5.4084,600000.0,,,,,
2026-09-24T06:18:50.594323+00:00,close,,HBARIRT,ICT/SMC v2,short,,,20777.0,21287.43997909265,,,,9.626,,-4913.495238745927,5081133.373862823,SL,,
2026-09-24T06:18:51.094323+00:00,close,,HBARIRT,ICT/SMC v2,short,,,20777.0,21287.43997909265,,,,9.626,,-4913.495238745927,5076219.878624077,SL,,
2026-09-24T06:18:54.661674+00:00,open,,HBARIRT,ICT/SMC v2,long,,,21291.5,,21022.082529587315,21695.626205619028,22099.75241123806,18.7868,400000.0,,,,,
2026-09-24T06:33:41.066071+00:00,close,,FLOKIIRT,ICT/SMC v2,short,,,6.3649,6.460140307361431,,,,31422.3,,-2992.6695100030643,5073227.209114074,SL,,
2026-09-24T06:33:41.566071+00:00,close,,FLOKIIRT,ICT/SMC v2,short,,,6.3649,6.460140307361431,,,,31422.3,,-2992.6695100030643,5070234.539604071,SL,,
2026-09-24T06:48:29.858124+00:00,close,,BTCIRT,ICT/SMC v2,short,,,19464831296.5,19558563078.00637,,,,1.027e-05,,-962.6253960704256,5069271.9142080005,SL,,
2026-09-24T06:48:30.358124+00:00,close,,BTCIRT,ICT/SMC v2,short,,,19464831296.5,19558563078.00637,,,,1.027e-05,,-962.6253960704256,5068309.28881193,SL,,
2026-09-24T07:33:57.853381+00:00,close,,LINKIRT,ICT/SMC v2,short,,,2838516.5,2895824.1965671205,,,,0.0704,,-4034.461838325283,5064274.826973605,SL,,
2026-09-24T07:33:58.164690+00:00,close,,LINKIRT,ICT/SMC v2,short,,,2838516.5,2895824.1965671205,,,,0.0705,,-4040.1926079819946,5060234.634365623,SL,,
2026-09-24T07:34:15.410193+00:00,close,,SOLIRT,ICT/SMC v2,short,,,26376771.0,26831471.48919349,,,,0.007,,-3182.9034243544675,5057051.730941269,SL,,
2026-09-24T07:34:15.802048+00:00,close,,SOLIRT,ICT/SMC v2,short,,,26376771.0,26831471.48919349,,,,0.008,,-3637.603913547963,5053414.12702772,SL,,
2026-09-24T07:34:29.506866+00:00,close,,TRBIRT,ICT/SMC v2,short,,,4388105.5,4495975.930132032,,,,0.0455,,-4908.104571007473,5048506.022456713,SL,,
2026-09-24T07:34:29.840344+00:00,close,,TRBIRT,ICT/SMC v2,short,,,4388105.5,4495975.930132032,,,,0.0456,,-4918.891614020677,5043587.130842692,SL,,
2026-09-24T07:34:35.370561+00:00,open,,TRXIRT,ICT/SMC v2,short,,,79837.5,,80024.81395536363,79556.52906695455,79275.5581339091,5.01,400000.0,,,,,
2026-09-24T07:49:24.071565+00:00,close,,TRXIRT,ICT/SMC v2,short,,,79837.5,80024.81395536363,,,,2.5,,-468.2848884090709,5043118.845954283,SL,,
2026-09-24T07:49:24.622196+00:00,close,,TRXIRT,ICT/SMC v2,short,,,79837.5,80024.81395536363,,,,2.51,,-470.1580279627071,5042648.68792632,SL,,
2026-09-24T08:03:42.176428+00:00,close,,DOGEIRT,ICT/SMC v2,long,,,21381.0,22196.673543602792,,,,9.35,,7626.547632686105,5050275.235559006,TP2,,
2026-09-24T08:04:23.465778+00:00,close,,SUIIRT,ICT/SMC v2,short,,,222147.5,227529.97844009625,,,,0.9003,,-4845.845339618656,5045429.390219388,SL,,
2026-09-24T08:04:23.965778+00:00,close,,SUIIRT,ICT/SMC v2,short,,,222147.5,227529.97844009625,,,,0.9003,,-4845.845339618656,5040583.544879769,SL,,
2026-09-24T08:19:22.865085+00:00,open,,TRXIRT,Supertrend+ADX,short,,,79710.5,,80306.57170027091,78816.39244959364,77922.28489918726,7.52,600000.0,,,,,
2026-09-24T08:48:44.576914+00:00,open,,FLOKIIRT,Supertrend+ADX,short,,,6.367845,,6.565120168855,6.071932246717501,5.776019493435002,94223.3,600000.0,,,,,
2026-09-24T09:03:47.851308+00:00,close,,HBARIRT,ICT/SMC v2,long,,,21291.5,21022.082529587315,,,,9.3934,,-2530.7460665745184,5038052.798813194,SL,,
2026-09-24T09:03:48.351308+00:00,close,,HBARIRT,ICT/SMC v2,long,,,21291.5,21022.082529587315,,,,9.3934,,-2530.7460665745184,5035522.052746619,SL,,
2026-09-24T09:18:30.272773+00:00,open,,ADAIRT,Supertrend+ADX,short,,,55301.5,,56792.54149648303,53064.93775527547,50828.37551055093,10.849615,600000.0,,,,,
2026-09-24T09:18:39.988765+00:00,open,,DOGEIRT,Supertrend+ADX,short,,,21644.0,,22179.45120164935,20840.823197525977,20037.64639505195,27.72,600000.0,,,,,
2026-09-24T09:18:56.849917+00:00,open,,HBARIRT,Supertrend+ADX,short,,,20894.0,,21483.05483275896,20010.41775086157,19126.835501723144,28.7163,600000.0,,,,,
2026-09-24T09:19:32.593306+00:00,open,,TRBIRT,Supertrend+ADX,short,,,4409966.5,,4558689.837748453,4186881.49337732,3963796.48675464,0.136,600000.0,,,,,
2026-09-24T09:19:42.985819+00:00,close,,WIFIRT,ICT/SMC v2,long,,,55887.5,54367.7357842975,,,,3.57,,-5425.558250057912,5030096.494496562,SL,,
2026-09-24T09:19:43.471353+00:00,close,,WIFIRT,ICT/SMC v2,long,,,55887.5,54367.7357842975,,,,3.58,,-5440.755892214938,5024655.738604346,SL,,
2026-09-24T09:19:50.389168+00:00,open,,XLMIRT,Supertrend+ADX,short,,,46549.4,,47804.88322244824,44666.17516632763,42782.95033265527,12.8895,600000.0,,,,,
2026-09-24T09:34:02.397774+00:00,close,,SEIIRT,ICT/SMC v2,long,,,13736.5,13539.582556141182,,,,14.5,,-2855.30293595286,5021800.435668393,SL,,
2026-09-24T09:34:02.921792+00:00,close,,SEIIRT,ICT/SMC v2,long,,,13736.5,13539.582556141182,,,,14.6,,-2874.994680338741,5018925.4409880545,SL,,
2026-09-24T09:34:09.747280+00:00,open,,SHIBIRT,Supertrend+ADX,short,,,1.3035,,1.340115054594337,1.248577418108495,1.1936548362169896,460299.1,600000.0,,,,,
2026-09-24T10:18:41.256939+00:00,open,,BTCIRT,ICT/SMC v2,short,,,19447882538.0,,19572952802.671417,19260277140.99288,19072671743.985752,2.056e-05,400000.0,,,,,
2026-09-24T10:33:45.343561+00:00,open,,ADAIRT,ICT/SMC v2,short,,,54798.5,,55583.696379880006,53620.70543017999,52442.91086035997,7.299469,400000.0,,,,,
2026-09-24T10:49:29.401294+00:00,open,,SOLIRT,ICT/SMC v2,short,,,26483037.5,,26731560.186040152,26110253.47093977,25737469.44187954,0.015,400000.0,,,,,
2026-09-24T10:49:47.253690+00:00,open,,TRXIRT,ICT/SMC v2,short,,,79392.0,,79664.01499082585,78983.97751376122,78575.95502752243,5.03,400000.0,,,,,
2026-09-24T11:04:10.138131+00:00,open,,LINKIRT,ICT/SMC v2,short,,,2859737.0,,2889880.253378545,2814522.1199321826,2769307.2398643657,0.1398,400000.0,,,,,
2026-09-24T11:49:36.959005+00:00,close,,TRBIRT,Supertrend+ADX,short,,,4409966.5,4558689.837748453,,,,0.068,,-10113.186966894806,5008812.254021159,SL,,
2026-09-24T11:49:37.459005+00:00,close,,TRBIRT,Supertrend+ADX,short,,,4409966.5,4558689.837748453,,,,0.068,,-10113.186966894806,4998699.067054264,SL,,
2026-09-24T11:49:42.199205+00:00,close,,TRXIRT,ICT/SMC v2,short,,,79392.0,78983.97751376122,,,,2.51,,1024.1364404593478,4999723.203494724,TP1,,
2026-09-24T11:49:43.083956+00:00,close,,TRXIRT,ICT/SMC v2,short,,,79392.0,79392.0,,,,2.52,,-0.0,4999723.203494724,SL,,
2026-09-24T12:49:26.160800+00:00,open,,TRBIRT,ICT/SMC v2,long,,,4521998.0,,4439041.706893333,4646432.43966,4770866.87932,0.0884,400000.0,,,,,
2026-09-24T13:18:42.593583+00:00,close,,ADAIRT,ICT/SMC v2,short,,,54798.5,55583.696379880006,,,,3.649734,,-2865.7579243249743,4996857.445570399,SL,,
2026-09-24T13:18:42.983538+00:00,close,,ADAIRT,ICT/SMC v2,short,,,54798.5,55583.696379880006,,,,3.649735,,-2865.7587095213544,4993991.686860878,SL,,
2026-09-24T13:18:51.958948+00:00,close,,BTCIRT,ICT/SMC v2,short,,,19447882538.0,19572952802.671417,,,,1.028e-05,,-1285.7223208221692,4992705.964540056,SL,,
2026-09-24T13:18:52.458948+00:00,close,,BTCIRT,ICT/SMC v2,short,,,19447882538.0,19572952802.671417,,,,1.028e-05,,-1285.7223208221692,4991420.242219234,SL,,
2026-09-24T13:19:17.350092+00:00,close,,LINKIRT,ICT/SMC v2,short,,,2859737.0,2889880.253378545,,,,0.0699,,-2107.013411160291,4989313.228808073,SL,,
2026-09-24T13:19:17.850092+00:00,close,,LINKIRT,ICT/SMC v2,short,,,2859737.0,2889880.253378545,,,,0.0699,,-2107.013411160291,4987206.215396913,SL,,
2026-09-24T13:19:36.321503+00:00,close,,SOLIRT,ICT/SMC v2,short,,,26483037.5,26731560.186040152,,,,0.007,,-1739.6588022810631,4985466.556594632,SL,,
2026-09-24T13:19:36.792958+00:00,close,,SOLIRT,ICT/SMC v2,short,,,26483037.5,26731560.186040152,,,,0.008,,-1988.181488321215,4983478.3751063105,SL,,
2026-09-24T13:33:26.700712+00:00,close,,ADAIRT,Supertrend+ADX,short,,,55301.5,56792.54149648303,,,,5.424807,,-8088.612347411601,4975389.762758899,SL,,
2026-09-24T13:33:27.193676+00:00,close,,ADAIRT,Supertrend+ADX,short,,,55301.5,56792.54149648303,,,,5.424808,,-8088.613838453096,4967301.148920446,SL,,
2026-09-24T13:33:53.937539+00:00,open,,GRAMIRT,ICT/SMC v2,short,,,329240.0,,332462.9836675799,324405.5244986301,319571.04899726016,1.21491,400000.0,,,,,
2026-09-24T13:33:56.760454+00:00,close,,HBARIRT,Supertrend+ADX,short,,,20894.0,21483.05483275896,,,,14.3581,,-8457.708194236326,4958843.440726209,SL,,
2026-09-24T13:33:57.135483+00:00,close,,HBARIRT,Supertrend+ADX,short,,,20894.0,21483.05483275896,,,,14.3582,,-8457.7670997196,4950385.67362649,SL,,
2026-09-24T13:34:13.702220+00:00,close,,SHIBIRT,Supertrend+ADX,short,,,1.3035,1.340115054594337,,,,230149.5,,-8426.936507359338,4941958.737119131,SL,,
2026-09-24T13:34:14.202220+00:00,close,,SHIBIRT,Supertrend+ADX,short,,,1.3035,1.340115054594337,,,,230149.5,,-8426.936507359338,4933531.800611772,SL,,
2026-09-24T13:48:56.876667+00:00,open,,LINKIRT,ICT/SMC v2,short,,,2918158.5,,2948592.397714386,2872507.6534284204,2826856.806856842,0.137,400000.0,,,,,
2026-09-24T14:04:22.401250+00:00,close,,XLMIRT,Supertrend+ADX,short,,,46549.4,47804.88322244824,,,,6.4447,,-8091.212723712206,4925440.587888059,SL,,
2026-09-24T14:04:22.918242+00:00,close,,XLMIRT,Supertrend+ADX,short,,,46549.4,47804.88322244824,,,,6.4448,,-8091.338272034451,4917349.249616025,SL,,
2026-09-24T14:04:24.966389+00:00,close,,XLMIRT,ICT/SMC v2,short,,,46832.2,47933.95340394941,,,,4.2705,,-4705.037911565969,4912644.211704459,SL,,
2026-09-24T14:04:25.415358+00:00,close,,XLMIRT,ICT/SMC v2,short,,,46832.2,47933.95340394941,,,,4.2706,,-4705.148086906364,4907939.063617553,SL,,
2026-09-24T14:18:37.917168+00:00,close,,DOGEIRT,Supertrend+ADX,short,,,21644.0,22179.45120164935,,,,13.86,,-7421.3536548599905,4900517.709962693,SL,,
2026-09-24T14:18:38.417168+00:00,close,,DOGEIRT,Supertrend+ADX,short,,,21644.0,22179.45120164935,,,,13.86,,-7421.3536548599905,4893096.356307833,SL,,
2026-09-24T14:18:49.412192+00:00,close,,FLOKIIRT,Supertrend+ADX,short,,,6.367845,6.565120168855,,,,47111.6,,-9293.9488450292,4883802.407462805,SL,,
2026-09-24T14:18:49.762131+00:00,close,,FLOKIIRT,Supertrend+ADX,short,,,6.367845,6.565120168855,,,,47111.7,,-9293.968572546086,4874508.438890259,SL,,
2026-09-24T14:18:56.364018+00:00,close,,GRAMIRT,ICT/SMC v2,short,,,329240.0,332462.9836675799,,,,0.60745,,-1957.8014288714023,4872550.637461388,SL,,
2026-09-24T14:18:56.864018+00:00,close,,GRAMIRT,ICT/SMC v2,short,,,329240.0,332462.9836675799,,,,0.60745,,-1957.8014288714023,4870592.836032516,SL,,
2026-09-24T14:19:03.284838+00:00,close,,LINKIRT,Supertrend+ADX,short,,,2942284.5,2942284.5,,,,0.102,,-0.0,4870592.836032516,SL,,
2026-09-24T14:19:05.678617+00:00,close,,LINKIRT,ICT/SMC v2,short,,,2918158.5,2948592.397714386,,,,0.0685,,-2084.7219934354566,4868508.114039081,SL,,
2026-09-24T14:19:06.178617+00:00,close,,LINKIRT,ICT/SMC v2,short,,,2918158.5,2948592.397714386,,,,0.0685,,-2084.7219934354566,4866423.392045646,SL,,
2026-09-24T14:19:10.339294+00:00,close,,NOTIRT,ICT/SMC v2,long,,,107.25,111.1255572375487,,,,1864.8,,7227.139136580825,4873650.531182227,TP2,,
2026-09-24T14:19:17.078355+00:00,close,,SEIIRT,Supertrend+ADX,short,,,13453.5,14175.154139107142,,,,22.2,,-16020.72188817856,4857629.809294048,SL,,
2026-09-24T14:19:17.442868+00:00,close,,SEIIRT,Supertrend+ADX,short,,,13453.5,14175.154139107142,,,,22.3,,-16092.887302089275,4841536.921991958,SL,,
2026-09-24T14:19:36.764802+00:00,close,,TRBIRT,ICT/SMC v2,long,,,4521998.0,4646432.43966,,,,0.0442,,5500.002232971987,4847036.92422493,TP1,,
2026-09-24T14:19:46.281410+00:00,open,,XLMIRT,ICT/SMC v2,short,,,48125.7,,48719.64820490794,47234.77769263808,46343.855385276176,8.3115,400000.0,,,,,
2026-09-24T14:33:39.027267+00:00,close,,DOGSIRT,ICT/SMC v2,short,,,10.975,11.23829076252707,,,,18223.2,,-4798.000223683277,4842238.924001247,SL,,
2026-09-24T14:33:39.527267+00:00,close,,DOGSIRT,ICT/SMC v2,short,,,10.975,11.23829076252707,,,,18223.2,,-4798.000223683277,4837440.9237775635,SL,,
2026-09-24T14:33:57.802708+00:00,close,,PEPEIRT,ICT/SMC v2,short,,,1.01009,1.0465462274233144,,,,198002.1,,-7218.40958789385,4830222.51418967,SL,,
2026-09-24T14:33:58.302708+00:00,close,,PEPEIRT,ICT/SMC v2,short,,,1.01009,1.0465462274233144,,,,198002.1,,-7218.40958789385,4823004.104601776,SL,,
2026-09-24T14:34:04.739547+00:00,close,,SHIBIRT,ICT/SMC v2,short,,,1.31145,1.349045994821637,,,,152502.9,,-5733.498238684575,4817270.606363092,SL,,
2026-09-24T14:34:05.080700+00:00,close,,SHIBIRT,ICT/SMC v2,short,,,1.31145,1.349045994821637,,,,152503.0,,-5733.501998284057,4811537.104364808,SL,,
2026-09-24T14:34:16.114523+00:00,close,,TIAIRT,ICT/SMC v2,short,,,110210.5,114811.91560929234,,,,1.8147,,-8350.188906182804,4803186.915458625,SL,,
2026-09-24T14:34:16.614523+00:00,close,,TIAIRT,ICT/SMC v2,short,,,110210.5,114811.91560929234,,,,1.8147,,-8350.188906182804,4794836.726552443,SL,,
2026-09-24T14:34:29.726349+00:00,open,,WIFIRT,Supertrend+ADX,long,,,56456.0,,53804.28684800822,60433.56972798767,64411.13945597535,10.62,600000.0,,,,,
2026-09-24T14:34:32.160642+00:00,close,,XLMIRT,ICT/SMC v2,short,,,48125.7,48719.64820490794,,,,4.1557,,-2468.270555135948,4792368.455997307,SL,,
2026-09-24T14:34:32.509120+00:00,close,,XLMIRT,ICT/SMC v2,short,,,48125.7,48719.64820490794,,,,4.1558,,-2468.3299499564387,4789900.1260473505,SL,,
2026-09-24T15:03:32.392772+00:00,open,,ADAIRT,ICT/SMC v2,long,,,57626.0,,56515.13215050672,59292.30177423992,60958.60354847982,6.941311,400000.0,,,,,
2026-09-24T15:03:49.043222+00:00,open,,FLOKIIRT,ICT/SMC v2,long,,,6.596455000000001,,6.463242440896301,6.796273838655551,6.996092677311102,60638.6,400000.0,,,,,
2026-09-24T15:04:02.221271+00:00,open,,HBARIRT,ICT/SMC v2,long,,,21817.5,,21400.313380225714,22443.27992966143,23069.059859322853,18.3339,400000.0,,,,,
2026-09-24T15:04:12.360769+00:00,open,,SEIIRT,ICT/SMC v2,long,,,14055.5,,13767.523289864015,14487.465065203976,14919.430130407953,28.4,400000.0,,,,,
2026-09-24T15:04:20.161032+00:00,open,,SUIIRT,ICT/SMC v2,long,,,232254.5,,226889.24466782768,240302.3829982585,248350.26599651703,1.7222,400000.0,,,,,
2026-09-24T15:04:25.609814+00:00,open,,TIAIRT,ICT/SMC v2,long,,,112179.5,,109346.02825017132,116429.70762474302,120679.91524948605,3.5657,400000.0,,,,,
2026-09-24T15:49:17.921326+00:00,close,,TRBIRT,ICT/SMC v2,long,,,4521998.0,4770866.87932,,,,0.0442,,11000.004465944014,4800900.130513295,TP2,,
2026-09-24T16:19:36.080796+00:00,close,,HBARIRT,ICT/SMC v2,long,,,21817.5,21400.313380225714,,,,9.1669,,-3824.308024808899,4797075.822488486,SL,,
2026-09-24T16:19:36.468825+00:00,close,,HBARIRT,ICT/SMC v2,long,,,21817.5,21400.313380225714,,,,9.167,,-3824.349743470877,4793251.472745015,SL,,
2026-09-24T16:19:38.996058+00:00,open,,HBARIRT,Supertrend+ADX,short,,,21591.0,,22360.546514665453,20436.680228001824,19282.360456003647,27.7893,600000.0,,,,,
2026-09-24T16:20:23.652267+00:00,open,,WIFIRT,ICT/SMC v2,long,,,55949.5,,54702.06122228564,57820.65816657154,59691.81633314307,7.14,400000.0,,,,,
2026-09-24T16:20:29.475591+00:00,close,,XRPIRT,ICT/SMC v2,short,,,350200.0,357543.491431476,,,,0.5,,-3671.745715738012,4789579.727029277,SL,,
2026-09-24T16:20:29.812640+00:00,close,,XRPIRT,ICT/SMC v2,short,,,350200.0,357543.491431476,,,,0.6,,-4406.094858885615,4785173.632170391,SL,,
2026-09-24T16:49:13.381553+00:00,close,,TIAIRT,ICT/SMC v2,long,,,112179.5,116429.70762474302,,,,1.7828,,7577.270153391862,4792750.902323783,TP1,,
2026-09-24T17:03:41.925376+00:00,open,,DOGSIRT,ICT/SMC v2,long,,,11.325,,11.15794054629051,11.575589180564236,11.82617836112847,35320.0,400000.0,,,,,
2026-09-24T17:04:07.356176+00:00,close,,SEIIRT,ICT/SMC v2,long,,,14055.5,14487.465065203976,,,,14.2,,6133.903925896438,4798884.80624968,TP1,,
2026-09-24T18:03:36.970005+00:00,close,,DOGSIRT,ICT/SMC v2,long,,,11.325,11.15794054629051,,,,17660.0,,-2950.2699525095863,4795934.53629717,SL,,
2026-09-24T18:03:37.470005+00:00,close,,DOGSIRT,ICT/SMC v2,long,,,11.325,11.15794054629051,,,,17660.0,,-2950.2699525095863,4792984.266344661,SL,,
2026-09-24T18:04:34.272517+00:00,close,,WIFIRT,ICT/SMC v2,long,,,55949.5,54702.06122228564,,,,3.57,,-4453.356436440253,4788530.909908221,SL,,
2026-09-24T18:04:34.772517+00:00,close,,WIFIRT,ICT/SMC v2,long,,,55949.5,54702.06122228564,,,,3.57,,-4453.356436440253,4784077.553471781,SL,,
2026-09-24T18:34:22.120626+00:00,open,,TRBIRT,ICT/SMC v2,long,,,4827401.5,,4676536.939199396,5053698.341200907,5279995.182401815,0.0828,400000.0,,,,,
2026-09-24T20:19:38.184492+00:00,open,,XLMIRT,ICT/SMC v2,long,,,49657.65,,48691.53390853806,51106.82413719291,52555.99827438583,8.0551,400000.0,,,,,
2026-09-24T20:33:46.866458+00:00,open,,ETHIRT,ICT/SMC v2,long,,,626783366.0,,621389244.4590027,634874548.3114958,642965730.6229917,0.000638,400000.0,,,,,
2026-09-24T21:19:32.952061+00:00,open,,WIFIRT,ICT/SMC v2,short,,,55713.5,,56701.35569235037,54231.71646147443,52749.93292294887,7.17,400000.0,,,,,
2026-09-24T22:19:19.442865+00:00,open,,XRPIRT,ICT/SMC v2,long,,,358177.5,,353865.3153240017,364645.7770139975,371114.05402799486,1.1,400000.0,,,,,
2026-09-24T22:33:45.475395+00:00,open,,GRAMIRT,Supertrend+ADX,short,,,330465.5,,336239.726958567,321804.15956214955,313142.8191242992,1.81562,600000.0,,,,,
2026-09-24T23:18:36.645332+00:00,open,,DOGSIRT,ICT/SMC v2,short,,,11.18,,11.29588507412603,11.006172388810953,10.832344777621906,35778.1,400000.0,,,,,
2026-09-25T00:19:22.950280+00:00,close,,XLMIRT,ICT/SMC v2,long,,,49657.65,51106.82413719291,,,,4.0275,,5836.548837544442,4789914.102309326,TP1,,
2026-09-25T00:33:35.321833+00:00,open,,DOGEIRT,ICT/SMC v2,short,,,22437.0,,22678.978509985773,22074.03223502134,21711.06447004268,17.82,400000.0,,,,,
2026-09-25T00:34:04.239902+00:00,close,,SUIIRT,ICT/SMC v2,long,,,232254.5,240302.3829982585,,,,0.8611,,6930.032049800408,4796844.134359126,TP1,,
2026-09-25T00:48:56.731276+00:00,open,,NOTIRT,ICT/SMC v2,long,,,112.6,,111.52694337489638,114.20958493765544,115.81916987531086,3552.3,400000.0,,,,,
2026-09-25T01:48:55.138109+00:00,open,,HBARIRT,ICT/SMC v2,long,,,21706.5,,21417.618667275496,22139.821999086755,22573.14399817352,18.4276,400000.0,,,,,
2026-09-25T01:48:58.131598+00:00,open,,LINKIRT,ICT/SMC v2,long,,,3118174.5,,3068335.4619100005,3192933.057134999,3267691.6142699984,0.1282,400000.0,,,,,
2026-09-25T02:03:54.297429+00:00,close,,NOTIRT,ICT/SMC v2,long,,,112.6,111.52694337489638,,,,1776.1,,-1905.855871846536,4794938.278487279,SL,,
2026-09-25T02:03:54.818357+00:00,close,,NOTIRT,ICT/SMC v2,long,,,112.6,111.52694337489638,,,,1776.2,,-1905.9631775090463,4793032.31530977,SL,,
2026-09-25T02:34:15.604364+00:00,close,,TRBIRT,ICT/SMC v2,long,,,4827401.5,4676536.939199396,,,,0.0414,,-6245.792817145027,4786786.522492626,SL,,
2026-09-25T02:34:16.104364+00:00,close,,TRBIRT,ICT/SMC v2,long,,,4827401.5,4676536.939199396,,,,0.0414,,-6245.792817145027,4780540.729675481,SL,,
2026-09-25T03:04:10.893534+00:00,close,,TIAIRT,ICT/SMC v2,long,,,112179.5,112179.5,,,,1.7829,,0.0,4780540.729675481,SL,,
2026-09-25T03:19:15.338686+00:00,open,,TRBIRT,ICT/SMC v2,short,,,4648481.5,,4734030.349131948,4520158.226302078,4391834.952604156,0.086,400000.0,,,,,
2026-09-25T03:33:36.566514+00:00,open,,DOGEIRT,Supertrend+ADX,short,,,22125.0,,22640.4664412798,21351.80033808031,20578.600676160622,27.11,600000.0,,,,,
2026-09-25T03:33:39.196616+00:00,close,,DOGSIRT,ICT/SMC v2,short,,,11.18,11.006172388810953,,,,17889.0,,3109.6021365608635,4783650.331812042,TP1,,
2026-09-25T03:33:52.293444+00:00,open,,GRAMIRT,ICT/SMC v2,long,,,328921.5,,325435.9888037352,334149.7667943972,339378.03358879447,1.21609,400000.0,,,,,
2026-09-25T03:49:02.708346+00:00,open,,PEPEIRT,ICT/SMC v2,short,,,1.024655,,1.042283427014136,0.9982123594787964,0.9717697189575928,390375.2,400000.0,,,,,
2026-09-25T04:04:13.470164+00:00,close,,TRXIRT,Supertrend+ADX,short,,,79710.5,78816.39244959364,,,,3.76,,3361.844389527924,4787012.17620157,TP1,,
2026-09-25T05:19:19.680100+00:00,open,,TRXIRT,ICT/SMC v2,short,,,79031.0,,79224.27035789106,78741.09446316342,78451.18892632684,5.06,400000.0,,,,,
2026-09-25T06:48:43.555439+00:00,close,,DOGEIRT,ICT/SMC v2,short,,,22437.0,22074.03223502134,,,,8.91,,3234.042785959868,4790246.21898753,TP1,,
2026-09-25T07:03:58.112369+00:00,close,,SEIIRT,ICT/SMC v2,long,,,14055.5,14919.430130407953,,,,14.2,,12267.807851792928,4802514.026839323,TP2,,
2026-09-25T07:04:18.914729+00:00,close,,TRXIRT,ICT/SMC v2,short,,,79031.0,79224.27035789106,,,,2.53,,-488.9740054643784,4802025.052833859,SL,,
2026-09-25T07:04:19.414729+00:00,close,,TRXIRT,ICT/SMC v2,short,,,79031.0,79224.27035789106,,,,2.53,,-488.9740054643784,4801536.078828394,SL,,
2026-09-25T07:19:18.328923+00:00,open,,SEIIRT,ICT/SMC v2,long,,,14585.5,,14229.984961140855,15118.772558288714,15652.04511657743,27.4,400000.0,,,,,
2026-09-25T07:48:45.017055+00:00,close,,ETHIRT,ICT/SMC v2,long,,,626783366.0,621389244.4590027,,,,0.000319,,-1720.7247715781282,4799815.354056817,SL,,
2026-09-25T07:48:45.517055+00:00,close,,ETHIRT,ICT/SMC v2,long,,,626783366.0,621389244.4590027,,,,0.000319,,-1720.7247715781282,4798094.629285239,SL,,
2026-09-25T07:49:00.996856+00:00,close,,HBARIRT,ICT/SMC v2,long,,,21706.5,21417.618667275496,,,,9.2138,,-2661.694823457038,4795432.934461782,SL,,
2026-09-25T07:49:01.496856+00:00,close,,HBARIRT,ICT/SMC v2,long,,,21706.5,21417.618667275496,,,,9.2138,,-2661.694823457038,4792771.239638325,SL,,
2026-09-25T08:19:07.673758+00:00,close,,SEIIRT,ICT/SMC v2,long,,,14585.5,15118.772558288714,,,,13.7,,7305.834048555384,4800077.07368688,TP1,,
2026-09-25T08:33:55.407032+00:00,close,,LINKIRT,ICT/SMC v2,long,,,3118174.5,3192933.057134999,,,,0.0641,,4792.023512353434,4804869.097199233,TP1,,
2026-09-25T09:18:37.976534+00:00,open,,BTCIRT,Supertrend+ADX,long,,,19622621077.5,,19443598775.18073,19891154530.97891,20159687984.457813,3.057e-05,600000.0,,,,,
2026-09-25T09:18:44.692653+00:00,close,,DOGSIRT,ICT/SMC v2,short,,,11.18,11.18,,,,17889.1,,-0.0,4804869.097199233,SL,,
2026-09-25T09:33:34.995654+00:00,close,,DOGEIRT,ICT/SMC v2,short,,,22437.0,22437.0,,,,8.91,,-0.0,4804869.097199233,SL,,
2026-09-25T09:33:41.828008+00:00,open,,ETHIRT,Supertrend+ADX,long,,,628086331.5,,618657085.8846084,642230199.9230872,656374068.3461746,0.000955,600000.0,,,,,
2026-09-25T09:34:00.376575+00:00,close,,PEPEIRT,ICT/SMC v2,short,,,1.024655,1.042283427014136,,,,195187.6,,-3440.850360664334,4801428.246838569,SL,,
2026-09-25T09:34:00.876575+00:00,close,,PEPEIRT,ICT/SMC v2,short,,,1.024655,1.042283427014136,,,,195187.6,,-3440.850360664334,4797987.396477904,SL,,
2026-09-25T09:34:09.099114+00:00,open,,SHIBIRT,ICT/SMC v2,long,,,1.3602,,1.343527246745971,1.3852091298810438,1.4102182597620878,294074.4,400000.0,,,,,
2026-09-25T09:34:11.742195+00:00,open,,SOLIRT,Supertrend+ADX,long,,,27452913.5,,26958956.347189285,28193849.22921607,28934784.95843214,0.021,600000.0,,,,,
2026-09-25T09:34:19.849635+00:00,open,,TIAIRT,ICT/SMC v2,long,,,114501.5,,112677.19628896171,117237.95556655744,119974.41113311485,3.4934,400000.0,,,,,
2026-09-25T09:49:03.575148+00:00,close,,LINKIRT,ICT/SMC v2,long,,,3118174.5,3267691.6142699984,,,,0.0641,,9584.047024706895,4807571.4435026115,TP2,,
2026-09-25T10:19:13.270911+00:00,open,,SOLIRT,ICT/SMC v2,long,,,27399287.0,,27153683.14242457,27767692.786363143,28136098.57272629,0.014,400000.0,,,,,
2026-09-25T11:04:10.132380+00:00,close,,SUIIRT,ICT/SMC v2,long,,,232254.5,248350.26599651703,,,,0.8611,,13860.064099600815,4821431.507602212,TP2,,
2026-09-25T11:18:27.460210+00:00,close,,ADAIRT,ICT/SMC v2,long,,,57626.0,59292.30177423992,,,,3.470655,,5783.158584274639,4827214.666186486,TP1,,
2026-09-25T11:18:36.900494+00:00,close,,DOGEIRT,Supertrend+ADX,short,,,22125.0,22640.4664412798,,,,13.55,,-6984.570279341207,4820230.095907145,SL,,
2026-09-25T11:18:37.400494+00:00,close,,DOGEIRT,Supertrend+ADX,short,,,22125.0,22640.4664412798,,,,13.55,,-6984.570279341207,4813245.525627804,SL,,
2026-09-25T11:19:07.998306+00:00,close,,SOLIRT,Supertrend+ADX,long,,,27452913.5,28193849.22921607,,,,0.01,,7409.35729216069,4820654.882919964,TP1,,
2026-09-25T11:19:10.745192+00:00,close,,SOLIRT,ICT/SMC v2,long,,,27399287.0,27767692.786363143,,,,0.007,,2578.8405045420045,4823233.723424506,TP1,,
2026-09-25T11:19:11.676238+00:00,close,,SOLIRT,ICT/SMC v2,long,,,27399287.0,28136098.57272629,,,,0.007,,5157.681009084061,4828391.40443359,TP2,,
2026-09-25T11:19:33.290014+00:00,close,,XRPIRT,ICT/SMC v2,long,,,358177.5,364645.7770139975,,,,0.5,,3234.138506998745,4831625.542940589,TP1,,
2026-09-25T11:34:10.664883+00:00,close,,SEIIRT,ICT/SMC v2,long,,,14585.5,15652.04511657743,,,,13.7,,14611.668097110793,4846237.211037699,TP2,,
2026-09-25T11:34:37.551823+00:00,close,,WIFIRT,ICT/SMC v2,short,,,55713.5,56701.35569235037,,,,3.58,,-3536.5233786143285,4842700.687659085,SL,,
2026-09-25T11:34:38.034082+00:00,close,,WIFIRT,ICT/SMC v2,short,,,55713.5,56701.35569235037,,,,3.59,,-3546.4019355378323,4839154.2857235465,SL,,
2026-09-25T11:49:08.047001+00:00,close,,SHIBIRT,ICT/SMC v2,long,,,1.3602,1.3852091298810438,,,,147037.2,,3677.2724321450073,4842831.558155691,TP1,,
2026-09-25T12:03:34.101708+00:00,open,,BTCIRT,ICT/SMC v2,long,,,19611097240.5,,19501112149.811794,19776074876.53231,19941052512.56462,2.039e-05,400000.0,,,,,
2026-09-25T12:04:01.685202+00:00,open,,NOTIRT,ICT/SMC v2,long,,,113.35,,112.13984281237865,115.16523578143205,116.98047156286412,3528.8,400000.0,,,,,
2026-09-25T12:04:37.925784+00:00,open,,WIFIRT,ICT/SMC v2,long,,,56346.5,,55357.35665093611,57830.21502359584,59313.93004719168,7.09,400000.0,,,,,
2026-09-25T12:04:45.315751+00:00,close,,XRPIRT,ICT/SMC v2,long,,,358177.5,371114.05402799486,,,,0.6,,7761.932416796917,4850593.490572488,TP2,,
2026-09-25T12:18:36.030497+00:00,close,,BTCIRT,ICT/SMC v2,long,,,19611097240.5,19501112149.811794,,,,1.019e-05,,-1120.7480741128163,4849472.7424983755,SL,,
2026-09-25T12:18:36.530497+00:00,close,,BTCIRT,ICT/SMC v2,long,,,19611097240.5,19501112149.811794,,,,1.019e-05,,-1120.7480741128163,4848351.994424263,SL,,
2026-09-25T12:18:42.329047+00:00,open,,DOGEIRT,ICT/SMC v2,long,,,22430.0,,22128.41491167192,22882.37763249213,23334.755264984266,17.83,400000.0,,,,,
2026-09-25T12:18:45.701671+00:00,open,,DOGSIRT,ICT/SMC v2,long,,,11.14,,11.010250520958063,11.334624218562904,11.529248437125805,35906.6,400000.0,,,,,
2026-09-25T12:18:50.426686+00:00,open,,ETHIRT,ICT/SMC v2,long,,,623058839.5,,617750345.1059083,631021581.0911375,638984322.6822752,0.000641,400000.0,,,,,
2026-09-25T12:19:10.351423+00:00,close,,NOTIRT,ICT/SMC v2,long,,,113.35,112.13984281237865,,,,1764.4,,-2135.201341839132,4846216.7930824235,SL,,
2026-09-25T12:19:10.851423+00:00,close,,NOTIRT,ICT/SMC v2,long,,,113.35,112.13984281237865,,,,1764.4,,-2135.201341839132,4844081.591740584,SL,,
2026-09-25T12:19:18.108882+00:00,close,,SHIBIRT,ICT/SMC v2,long,,,1.3602,1.3602,,,,147037.2,,0.0,4844081.591740584,SL,,
2026-09-25T12:19:21.835134+00:00,open,,SHIBIRT,ICT/SMC v2,long,,,1.348,,1.3273736383073855,1.3789395425389213,1.4098790850778429,296735.9,400000.0,,,,,
2026-09-25T12:19:26.098859+00:00,open,,SOLIRT,ICT/SMC v2,long,,,27546202.5,,27151936.5944874,28137601.358268905,28729000.216537803,0.014,400000.0,,,,,
2026-09-25T12:19:51.592414+00:00,close,,XLMIRT,ICT/SMC v2,long,,,49657.65,52555.99827438583,,,,4.0276,,11673.38750991635,4855754.9792505,TP2,,
2026-09-25T12:33:36.504564+00:00,close,,BTCIRT,Supertrend+ADX,long,,,19622621077.5,19443598775.18073,,,,1.528e-05,,-2735.460779438462,4853019.518471061,SL,,
2026-09-25T12:33:36.876215+00:00,close,,BTCIRT,Supertrend+ADX,long,,,19622621077.5,19443598775.18073,,,,1.529e-05,,-2737.251002461655,4850282.2674686,SL,,
2026-09-25T12:34:01.232213+00:00,open,,HBARIRT,ICT/SMC v2,long,,,22179.0,,21809.106500772225,22733.84024884166,23288.680497683326,18.035,400000.0,,,,,
2026-09-25T12:34:04.490126+00:00,open,,LINKIRT,ICT/SMC v2,long,,,3245226.0,,3177001.228567746,3347563.157148381,3449900.314296762,0.1232,400000.0,,,,,
2026-09-25T12:34:09.535465+00:00,open,,PEPEIRT,ICT/SMC v2,long,,,1.04835,,1.0234438018610634,1.085709297208405,1.12306859441681,381551.9,400000.0,,,,,
2026-09-25T12:34:13.597622+00:00,open,,SEIIRT,ICT/SMC v2,long,,,15743.0,,15260.101057561224,16467.34841365816,17191.696827316322,25.4,400000.0,,,,,
2026-09-25T12:34:24.068978+00:00,open,,SUIIRT,ICT/SMC v2,long,,,263599.0,,255548.50593556635,275674.74109665054,287750.4821933011,1.5174,400000.0,,,,,
2026-09-25T12:34:47.093508+00:00,open,,XLMIRT,ICT/SMC v2,long,,,52017.850000000006,,51122.38229566636,53361.05155650048,54704.25311300095,7.6896,400000.0,,,,,
2026-09-25T12:34:50.361771+00:00,open,,XRPIRT,ICT/SMC v2,long,,,373143.0,,366178.9605383768,383589.0591924348,394035.1183848696,1.0,400000.0,,,,,
2026-09-25T12:48:48.964464+00:00,close,,DOGEIRT,ICT/SMC v2,long,,,22430.0,22882.37763249213,,,,8.91,,4030.684705504887,4854312.952174105,TP1,,
2026-09-25T12:48:56.762999+00:00,close,,ETHIRT,ICT/SMC v2,long,,,623058839.5,631021581.0911375,,,,0.00032,,2548.0773091640094,4856861.029483269,TP1,,
2026-09-25T12:49:45.622612+00:00,close,,TRXIRT,Supertrend+ADX,short,,,79710.5,77922.28489918726,,,,3.76,,6723.688779055903,4863584.718262325,TP2,,
2026-09-25T13:33:41.112672+00:00,open,,BTCIRT,Supertrend+ADX,short,,,19453865094.5,,19703169124.35612,19079909049.71582,18705953004.931644,3.084e-05,600000.0,,,,,
2026-09-25T13:34:43.024577+00:00,close,,XLMIRT,ICT/SMC v2,long,,,52017.850000000006,51122.38229566636,,,,3.8448,,-3442.894229622013,4860141.824032703,SL,,
2026-09-25T13:34:43.524577+00:00,close,,XLMIRT,ICT/SMC v2,long,,,52017.850000000006,51122.38229566636,,,,3.8448,,-3442.894229622013,4856698.929803082,SL,,
2026-09-25T13:48:46.167012+00:00,close,,ETHIRT,ICT/SMC v2,long,,,623058839.5,623058839.5,,,,0.00032,,0.0,4856698.929803082,SL,,
2026-09-25T13:48:50.745623+00:00,open,,ETHIRT,ICT/SMC v2,long,,,622473438.0,,616235094.7989435,631830952.8015847,641188467.6031694,0.000642,400000.0,,,,,
2026-09-25T13:49:07.016655+00:00,close,,HBARIRT,ICT/SMC v2,long,,,22179.0,21809.106500772225,,,,9.0175,,-3335.514629286465,4853363.415173795,SL,,
2026-09-25T13:49:07.516655+00:00,close,,HBARIRT,ICT/SMC v2,long,,,22179.0,21809.106500772225,,,,9.0175,,-3335.514629286465,4850027.900544508,SL,,
2026-09-25T13:49:51.180573+00:00,close,,XRPIRT,ICT/SMC v2,long,,,373143.0,366178.9605383768,,,,0.5,,-3482.0197308115894,4846545.880813696,SL,,
2026-09-25T13:49:51.680573+00:00,close,,XRPIRT,ICT/SMC v2,long,,,373143.0,366178.9605383768,,,,0.5,,-3482.0197308115894,4843063.8610828845,SL,,
2026-09-25T14:03:44.984825+00:00,close,,DOGEIRT,ICT/SMC v2,long,,,22430.0,22430.0,,,,8.91,,0.0,4843063.8610828845,SL,,
2026-09-25T14:03:49.001891+00:00,close,,DOGSIRT,ICT/SMC v2,long,,,11.14,11.010250520958063,,,,17953.3,,-2329.431322083578,4840734.429760801,SL,,
2026-09-25T14:03:49.501891+00:00,close,,DOGSIRT,ICT/SMC v2,long,,,11.14,11.010250520958063,,,,17953.3,,-2329.431322083578,4838404.998438717,SL,,
2026-09-25T14:03:53.429339+00:00,open,,DOGSIRT,ICT/SMC v2,long,,,11.025,,10.874313286277626,11.25103007058356,11.47706014116712,36281.1,400000.0,,,,,
2026-09-25T14:04:18.878214+00:00,open,,NOTIRT,ICT/SMC v2,long,,,110.9,,109.37882691936872,113.18175962094692,115.46351924189386,3606.8,400000.0,,,,,
2026-09-25T14:04:36.137573+00:00,close,,SUIIRT,ICT/SMC v2,long,,,263599.0,255548.50593556635,,,,0.7587,,-6107.9098466858295,4832297.088592031,SL,,
2026-09-25T14:04:36.637573+00:00,close,,SUIIRT,ICT/SMC v2,long,,,263599.0,255548.50593556635,,,,0.7587,,-6107.9098466858295,4826189.178745345,SL,,
2026-09-25T14:04:43.097003+00:00,close,,TIAIRT,ICT/SMC v2,long,,,114501.5,112677.19628896171,,,,1.7467,,-3186.511292070575,4823002.667453275,SL,,
2026-09-25T14:04:43.597003+00:00,close,,TIAIRT,ICT/SMC v2,long,,,114501.5,112677.19628896171,,,,1.7467,,-3186.511292070575,4819816.156161205,SL,,
2026-09-25T14:04:52.830299+00:00,open,,TRXIRT,ICT/SMC v2,short,,,78000.0,,78184.04435354243,77723.93346968635,77447.86693937272,5.12,400000.0,,,,,
2026-09-25T14:04:56.691298+00:00,close,,WIFIRT,ICT/SMC v2,long,,,56346.5,55357.35665093611,,,,3.54,,-3501.5674556861645,4816314.588705518,SL,,
2026-09-25T14:04:57.134490+00:00,close,,WIFIRT,ICT/SMC v2,long,,,56346.5,55357.35665093611,,,,3.55,,-3511.4588891768035,4812803.129816341,SL,,
2026-09-25T14:05:00.516156+00:00,open,,WIFIRT,ICT/SMC v2,long,,,54964.0,,53643.33590224288,56944.99614663568,58925.992293271374,7.27,400000.0,,,,,
2026-09-25T14:05:08.351009+00:00,open,,XRPIRT,ICT/SMC v2,long,,,362618.0,,355269.27554911113,373641.0866763333,384664.17335266666,1.1,400000.0,,,,,
2026-09-25T14:18:41.732663+00:00,open,,DOGEIRT,ICT/SMC v2,long,,,22435.5,,22002.928824132294,23084.35676380156,23733.21352760312,17.82,400000.0,,,,,
2026-09-25T14:18:46.447350+00:00,open,,DOGSIRT,Supertrend+ADX,short,,,11.085,,11.311155323644249,10.745767014533632,10.40653402906726,54127.1,600000.0,,,,,
2026-09-25T14:18:52.835897+00:00,close,,FLOKIIRT,ICT/SMC v2,long,,,6.596455000000001,6.463242440896301,,,,30319.3,,-4038.911543232801,4808764.218273109,SL,,
2026-09-25T14:18:53.335897+00:00,close,,FLOKIIRT,ICT/SMC v2,long,,,6.596455000000001,6.463242440896301,,,,30319.3,,-4038.911543232801,4804725.306729876,SL,,
2026-09-25T14:18:56.319637+00:00,open,,FLOKIIRT,Supertrend+ADX,short,,,6.52994,,6.710591350037096,6.258962974944355,5.98798594988871,91884.4,600000.0,,,,,
2026-09-25T14:19:45.757839+00:00,close,,TRXIRT,ICT/SMC v2,short,,,78000.0,78184.04435354243,,,,2.56,,-471.1535450686142,4804254.153184808,SL,,
2026-09-25T14:19:46.257839+00:00,close,,TRXIRT,ICT/SMC v2,short,,,78000.0,78184.04435354243,,,,2.56,,-471.1535450686142,4803782.999639739,SL,,
2026-09-25T15:03:41.727537+00:00,close,,DOGSIRT,ICT/SMC v2,long,,,11.025,11.25103007058356,,,,18140.5,,4100.298495421072,4807883.2981351605,TP1,,
2026-09-25T15:49:21.781074+00:00,open,,PEPEIRT,Supertrend+ADX,short,,,1.02531,,1.0819982225018483,0.9402776662472274,0.8552453324944549,585188.8,600000.0,,,,,
2026-09-25T15:49:39.283322+00:00,open,,TIAIRT,ICT/SMC v2,long,,,113181.5,,110382.84654255252,117379.4801861712,121577.4603723424,3.5341,400000.0,,,,,
2026-09-25T16:04:12.230187+00:00,close,,PEPEIRT,ICT/SMC v2,long,,,1.04835,1.0234438018610634,,,,190775.9,,-4751.502365533971,4803131.795769626,SL,,
2026-09-25T16:04:12.659099+00:00,close,,PEPEIRT,ICT/SMC v2,long,,,1.04835,1.0234438018610634,,,,190776.0,,-4751.504856153785,4798380.290913473,SL,,
2026-09-25T16:34:04.290765+00:00,close,,NOTIRT,ICT/SMC v2,long,,,110.9,113.18175962094692,,,,1803.4,,4114.925300415665,4802495.2162138885,TP1,,
2026-09-25T16:34:18.559415+00:00,close,,SOLIRT,ICT/SMC v2,long,,,27546202.5,28137601.358268905,,,,0.007,,4139.792007882338,4806635.008221771,TP1,,
2026-09-25T17:49:16.810978+00:00,open,,PEPEIRT,ICT/SMC v2,long,,,1.024915,,1.000672974057195,1.061278038914208,1.097641077828416,390276.2,400000.0,,,,,
2026-09-25T18:49:22.412208+00:00,close,,SEIIRT,ICT/SMC v2,long,,,15743.0,16467.34841365816,,,,12.7,,9199.224853458643,4815834.233075229,TP1,,
2026-09-25T18:49:52.401190+00:00,close,,WIFIRT,ICT/SMC v2,long,,,54964.0,56944.99614663568,,,,3.63,,7191.016012287531,4823025.249087517,TP1,,
2026-09-25T20:19:14.085903+00:00,close,,SEIIRT,ICT/SMC v2,long,,,15743.0,17191.696827316322,,,,12.7,,18398.44970691729,4841423.698794435,TP2,,
2026-09-25T20:33:45.011135+00:00,close,,DOGSIRT,Supertrend+ADX,short,,,11.085,11.311155323644249,,,,27063.5,,-6120.554601446051,4835303.144192989,SL,,
2026-09-25T20:33:45.482865+00:00,close,,DOGSIRT,Supertrend+ADX,short,,,11.085,11.311155323644249,,,,27063.6,,-6120.577216978414,4829182.566976011,SL,,
2026-09-25T20:34:02.699448+00:00,close,,GRAMIRT,ICT/SMC v2,long,,,328921.5,334149.7667943972,,,,0.60804,,3178.995341665277,4832361.562317676,TP1,,
2026-09-25T21:49:40.327789+00:00,open,,SUIIRT,ICT/SMC v2,long,,,269253.0,,262424.4144167952,279495.87837480725,289738.7567496145,1.4855,400000.0,,,,,
2026-09-25T22:48:50.126738+00:00,open,,FLOKIIRT,ICT/SMC v2,short,,,6.65752,,6.734441109199726,6.54213833620041,6.42675667240082,60082.4,400000.0,,,,,
2026-09-25T23:03:35.502133+00:00,close,,DOGEIRT,ICT/SMC v2,long,,,22435.5,23084.35676380156,,,,8.91,,5781.313765471861,4838142.876083148,TP1,,
2026-09-25T23:03:50.171528+00:00,close,,GRAMIRT,Supertrend+ADX,short,,,330465.5,336239.726958567,,,,0.90781,,-5241.900975256695,4832900.975107891,SL,,
2026-09-25T23:03:50.671528+00:00,close,,GRAMIRT,Supertrend+ADX,short,,,330465.5,336239.726958567,,,,0.90781,,-5241.900975256695,4827659.074132633,SL,,
2026-09-25T23:18:54.779065+00:00,open,,HBARIRT,ICT/SMC v2,long,,,22144.0,,21841.0723115334,22598.391532699905,23052.783065399806,18.0635,400000.0,,,,,
2026-09-25T23:19:12.314456+00:00,close,,SUIIRT,ICT/SMC v2,long,,,269253.0,279495.87837480725,,,,0.7427,,7607.385768969341,4835266.459901603,TP1,,
2026-09-25T23:33:30.316840+00:00,open,,BTCIRT,ICT/SMC v2,long,,,19485641605.0,,19412078302.93961,19595986558.09059,19706331511.18118,2.052e-05,400000.0,,,,,
2026-09-25T23:33:59.076303+00:00,close,,SHIBIRT,ICT/SMC v2,long,,,1.348,1.3789395425389213,,,,148367.9,,4590.434953460435,4839856.894855063,TP1,,
2026-09-25T23:34:01.475327+00:00,open,,SHIBIRT,Supertrend+ADX,long,,,1.38185,,1.348295260257772,1.432182109613342,1.4825142192266838,434200.5,600000.0,,,,,
2026-09-26T00:33:27.237071+00:00,close,,BTCIRT,ICT/SMC v2,long,,,19485641605.0,19412078302.93961,,,,1.026e-05,,-754.7594791396454,4839102.1353759235,SL,,
2026-09-26T00:33:27.737071+00:00,close,,BTCIRT,ICT/SMC v2,long,,,19485641605.0,19412078302.93961,,,,1.026e-05,,-754.7594791396454,4838347.375896784,SL,,
2026-09-26T00:34:22.410486+00:00,close,,WIFIRT,ICT/SMC v2,long,,,54964.0,58925.992293271374,,,,3.63,,14382.032024575088,4852729.407921359,TP2,,
2026-09-26T00:49:33.474675+00:00,open,,WIFIRT,ICT/SMC v2,long,,,58224.0,,57043.67480017227,59994.4877997416,61764.97559948317,6.87,400000.0,,,,,
2026-09-26T01:48:27.878771+00:00,close,,ADAIRT,ICT/SMC v2,long,,,57626.0,60958.60354847982,,,,3.470656,,11566.320501152775,4864295.728422511,TP2,,
2026-09-26T02:03:54.932662+00:00,close,,NOTIRT,ICT/SMC v2,long,,,110.9,115.46351924189386,,,,1803.4,,8229.850600831383,4872525.579023343,TP2,,
2026-09-26T03:33:58.080221+00:00,open,,NOTIRT,ICT/SMC v2,long,,,116.0,,114.62284089046376,118.06573866430436,120.1314773286087,3448.2,400000.0,,,,,
2026-09-26T04:03:31.459730+00:00,open,,ADAIRT,ICT/SMC v2,long,,,59895.0,,59003.84365958676,61231.73451061986,62568.46902123971,6.678353,400000.0,,,,,
2026-09-26T04:04:39.480957+00:00,open,,XLMIRT,ICT/SMC v2,long,,,51236.65,,50614.55306372387,52169.7954044142,53102.9408088284,7.8069,400000.0,,,,,
2026-09-26T04:19:24.842797+00:00,close,,GRAMIRT,ICT/SMC v2,long,,,328921.5,339378.03358879447,,,,0.60804,,6357.990683330589,4878883.569706673,TP2,,
2026-09-26T05:19:46.043558+00:00,close,,WIFIRT,ICT/SMC v2,long,,,58224.0,57043.67480017227,,,,3.43,,-4048.515435409102,4874835.054271264,SL,,
2026-09-26T05:19:46.592458+00:00,close,,WIFIRT,ICT/SMC v2,long,,,58224.0,57043.67480017227,,,,3.44,,-4060.318687407379,4870774.735583857,SL,,
2026-09-26T05:33:55.442102+00:00,close,,HBARIRT,ICT/SMC v2,long,,,22144.0,21841.0723115334,,,,9.0317,,-2735.952003923821,4868038.7835799325,SL,,
2026-09-26T05:33:55.852499+00:00,close,,HBARIRT,ICT/SMC v2,long,,,22144.0,21841.0723115334,,,,9.0318,,-2735.982296692668,4865302.80128324,SL,,
2026-09-26T05:34:18.510439+00:00,close,,SUIIRT,ICT/SMC v2,long,,,269253.0,269253.0,,,,0.7428,,0.0,4865302.80128324,SL,,
2026-09-26T05:48:56.602545+00:00,open,,GRAMIRT,ICT/SMC v2,long,,,339145.5,,335821.55369565735,344131.419456514,349117.3389130279,1.17943,400000.0,,,,,
2026-09-26T06:48:35.100453+00:00,open,,BTCIRT,ICT/SMC v2,short,,,19647014454.5,,19688521857.40468,19584753350.14297,19522492245.78596,2.035e-05,400000.0,,,,,
2026-09-26T06:48:40.259259+00:00,close,,DOGSIRT,ICT/SMC v2,long,,,11.025,11.47706014116712,,,,18140.6,,8200.642196856226,4873503.443480097,TP2,,
2026-09-26T06:48:42.948857+00:00,open,,DOGSIRT,Supertrend+ADX,long,,,11.57,,11.29015186935878,11.989772195961832,12.409544391923664,51858.2,600000.0,,,,,
2026-09-26T07:48:37.985697+00:00,close,,BTCIRT,ICT/SMC v2,short,,,19647014454.5,19584753350.14297,,,,1.017e-05,,633.1954313109457,4874136.638911407,TP1,,
2026-09-26T08:34:38.863579+00:00,close,,XLMIRT,ICT/SMC v2,long,,,51236.65,50614.55306372387,,,,3.9034,,-2428.293181060252,4871708.345730348,SL,,
2026-09-26T08:34:39.363579+00:00,close,,XLMIRT,ICT/SMC v2,long,,,51236.65,50614.55306372387,,,,3.9034,,-2428.293181060252,4869280.052549288,SL,,
2026-09-26T09:18:41.391974+00:00,open,,DOGSIRT,ICT/SMC v2,long,,,11.38,,11.258886301674384,11.561670547488422,11.743341094976843,35149.3,400000.0,,,,,
2026-09-26T09:19:38.398554+00:00,open,,TRBIRT,Supertrend+ADX,short,,,4656569.5,,4724451.354017062,4554746.718974408,4452923.937948816,0.1288,600000.0,,,,,
2026-09-26T10:18:33.925365+00:00,close,,BTCIRT,ICT/SMC v2,short,,,19647014454.5,19647014454.5,,,,1.018e-05,,-0.0,4869280.052549288,SL,,
2026-09-26T10:33:39.894256+00:00,close,,DOGSIRT,ICT/SMC v2,long,,,11.38,11.561670547488422,,,,17574.6,,3192.787203890039,4872472.839753178,TP1,,
2026-09-26T10:33:46.523211+00:00,close,,FLOKIIRT,Supertrend+ADX,short,,,6.52994,6.710591350037096,,,,45942.2,,-8299.520453674286,4864173.319299503,SL,,
2026-09-26T10:33:47.023211+00:00,close,,FLOKIIRT,Supertrend+ADX,short,,,6.52994,6.710591350037096,,,,45942.2,,-8299.520453674286,4855873.7988458285,SL,,
2026-09-26T10:33:49.107798+00:00,close,,FLOKIIRT,ICT/SMC v2,short,,,6.65752,6.734441109199726,,,,30041.2,,-2310.802425690814,4853562.996420138,SL,,
2026-09-26T10:33:49.607798+00:00,close,,FLOKIIRT,ICT/SMC v2,short,,,6.65752,6.734441109199726,,,,30041.2,,-2310.802425690814,4851252.193994447,SL,,
2026-09-26T10:34:06.469159+00:00,close,,NOTIRT,ICT/SMC v2,long,,,116.0,118.06573866430436,,,,1724.1,,3561.540031127151,4854813.734025573,TP1,,
2026-09-26T10:49:49.957277+00:00,open,,XLMIRT,ICT/SMC v2,short,,,50962.100000000006,,51394.47213556132,50313.54179665803,49664.98359331605,7.8489,400000.0,,,,,
2026-09-26T11:34:51.746722+00:00,open,,XLMIRT,Supertrend+ADX,long,,,51297.25,,50531.13659436062,52446.42010845908,53595.59021691814,11.6965,600000.0,,,,,
2026-09-26T11:49:56.824405+00:00,close,,XLMIRT,ICT/SMC v2,short,,,50962.100000000006,51394.47213556132,,,,3.9244,,-1696.8012087968289,4853116.932816776,SL,,
2026-09-26T11:49:57.257814+00:00,close,,XLMIRT,ICT/SMC v2,short,,,50962.100000000006,51394.47213556132,,,,3.9245,,-1696.8444460103851,4851420.0883707665,SL,,
2026-09-26T12:33:58.860489+00:00,open,,HBARIRT,ICT/SMC v2,short,,,21900.0,,22081.55354492779,21627.66968260832,21355.33936521664,18.2648,400000.0,,,,,
2026-09-26T13:18:59.351082+00:00,close,,GRAMIRT,ICT/SMC v2,long,,,339145.5,344131.419456514,,,,0.58971,,2940.246562700874,4854360.334933467,TP1,,
2026-09-26T13:35:19.704783+00:00,close,,XLMIRT,Supertrend+ADX,long,,,51297.25,50531.13659436062,,,,5.8482,,-4480.384418860213,4849879.950514607,SL,,
2026-09-26T13:35:20.030483+00:00,close,,XLMIRT,Supertrend+ADX,long,,,51297.25,50531.13659436062,,,,5.8483,,-4480.461030200777,4845399.489484406,SL,,
2026-09-26T13:49:31.096832+00:00,close,,TIAIRT,ICT/SMC v2,long,,,113181.5,117379.4801861712,,,,1.767,,7417.830988964517,4852817.32047337,TP1,,
2026-09-26T14:19:02.947824+00:00,close,,LINKIRT,ICT/SMC v2,long,,,3245226.0,3347563.157148381,,,,0.0616,,6303.968880340284,4859121.289353711,TP1,,
2026-09-26T14:34:47.203612+00:00,close,,TRBIRT,Supertrend+ADX,short,,,4656569.5,4724451.354017062,,,,0.0644,,-4371.5913986988,4854749.697955011,SL,,
2026-09-26T14:34:47.703612+00:00,close,,TRBIRT,Supertrend+ADX,short,,,4656569.5,4724451.354017062,,,,0.0644,,-4371.5913986988,4850378.106556312,SL,,
2026-09-26T14:49:43.484950+00:00,open,,TRXIRT,ICT/SMC v2,short,,,78664.0,,78770.18398813732,78504.72401779401,78345.44803558804,5.08,400000.0,,,,,
2026-09-26T15:03:33.603410+00:00,open,,BTCIRT,ICT/SMC v2,short,,,19623392112.0,,19656692848.935734,19573441006.5964,19523489901.1928,2.038e-05,400000.0,,,,,
2026-09-26T15:04:42.360421+00:00,close,,TIAIRT,Supertrend+ADX,long,,,110938.0,118428.92897988467,,,,2.7042,,20256.970147404136,4870635.076703716,TP1,,
2026-09-26T15:04:48.755779+00:00,close,,TRBIRT,ICT/SMC v2,short,,,4648481.5,4734030.349131948,,,,0.043,,-3678.600512673777,4866956.476191042,SL,,
2026-09-26T15:04:49.255779+00:00,close,,TRBIRT,ICT/SMC v2,short,,,4648481.5,4734030.349131948,,,,0.043,,-3678.600512673777,4863277.875678368,SL,,
2026-09-26T15:04:52.836058+00:00,close,,TRXIRT,ICT/SMC v2,short,,,78664.0,78770.18398813732,,,,2.54,,-269.7073298687831,4863008.1683485,SL,,
2026-09-26T15:04:53.336058+00:00,close,,TRXIRT,ICT/SMC v2,short,,,78664.0,78770.18398813732,,,,2.54,,-269.7073298687831,4862738.461018631,SL,,
2026-09-26T15:18:48.937891+00:00,close,,DOGSIRT,ICT/SMC v2,long,,,11.38,11.743341094976843,,,,17574.7,,6385.610741889577,4869124.071760521,TP2,,
2026-09-26T15:33:29.060889+00:00,open,,ADAIRT,Supertrend+ADX,long,,,60673.0,,59241.16084475421,62820.758732868686,64968.51746573737,9.889077,600000.0,,,,,
2026-09-26T15:33:55.767958+00:00,close,,HBARIRT,ICT/SMC v2,short,,,21900.0,22081.55354492779,,,,9.1324,,-1658.0195936985367,4867466.052166822,SL,,
2026-09-26T15:33:56.267958+00:00,close,,HBARIRT,ICT/SMC v2,short,,,21900.0,22081.55354492779,,,,9.1324,,-1658.0195936985367,4865808.032573123,SL,,
2026-09-26T16:04:34.369132+00:00,open,,WIFIRT,ICT/SMC v2,long,,,58969.0,,58096.36602225461,60277.95096661809,61586.90193323618,6.78,400000.0,,,,,
2026-09-26T16:19:32.802385+00:00,close,,SHIBIRT,ICT/SMC v2,long,,,1.348,1.4098790850778429,,,,148368.0,,9180.876094829411,4874988.908667953,TP2,,
2026-09-26T16:34:19.034033+00:00,close,,GRAMIRT,ICT/SMC v2,long,,,339145.5,349117.3389130279,,,,0.58972,,5880.592843790811,4880869.501511743,TP2,,
2026-09-26T16:49:04.356701+00:00,open,,SEIIRT,Supertrend+ADX,long,,,17398.5,,16823.3268598817,18261.259710177448,19124.019420354896,34.4,600000.0,,,,,
2026-09-26T17:19:57.422502+00:00,open,,XLMIRT,ICT/SMC v2,long,,,51046.45,,50616.49624725713,51691.38062911431,52336.311258228605,7.836,400000.0,,,,,
2026-09-26T17:34:01.984255+00:00,open,,FLOKIIRT,ICT/SMC v2,long,,,6.82453,,6.737535957954715,6.955021063067927,7.085512126135854,58612.0,400000.0,,,,,
2026-09-26T18:03:58.499251+00:00,open,,DOGSIRT,ICT/SMC v2,long,,,11.855,,11.68985465927198,12.10271801109203,12.35043602218406,33741.0,400000.0,,,,,
2026-09-26T18:19:04.987673+00:00,close,,NOTIRT,ICT/SMC v2,long,,,116.0,120.1314773286087,,,,1724.1,,7123.080062254253,4887992.581573998,TP2,,
2026-09-26T18:19:44.800519+00:00,close,,WIFIRT,ICT/SMC v2,long,,,58969.0,58096.36602225461,,,,3.39,,-2958.229184556874,4885034.352389441,SL,,
2026-09-26T18:19:45.300519+00:00,close,,WIFIRT,ICT/SMC v2,long,,,58969.0,58096.36602225461,,,,3.39,,-2958.229184556874,4882076.123204884,SL,,
2026-09-26T18:33:45.019964+00:00,close,,DOGSIRT,Supertrend+ADX,long,,,11.57,11.989772195961832,,,,25929.1,,10884.315246313929,4892960.438451198,TP1,,
2026-09-26T18:49:30.496753+00:00,close,,SEIIRT,Supertrend+ADX,long,,,17398.5,16823.3268598817,,,,17.2,,-9892.978010034738,4883067.460441163,SL,,
2026-09-26T18:49:30.996753+00:00,close,,SEIIRT,Supertrend+ADX,long,,,17398.5,16823.3268598817,,,,17.2,,-9892.978010034738,4873174.482431128,SL,,
2026-09-26T18:49:59.483977+00:00,open,,TRBIRT,ICT/SMC v2,long,,,4693188.5,,4632630.231972087,4784025.902041869,4874863.30408374,0.0852,400000.0,,,,,
2026-09-26T18:50:10.324500+00:00,close,,XRPIRT,ICT/SMC v2,long,,,362618.0,355269.27554911113,,,,0.5,,-3674.3622254444335,4869500.120205684,SL,,
2026-09-26T18:50:10.845864+00:00,close,,XRPIRT,ICT/SMC v2,long,,,362618.0,355269.27554911113,,,,0.6,,-4409.234670533321,4865090.885535151,SL,,
2026-09-26T19:03:46.428431+00:00,close,,BTCIRT,ICT/SMC v2,short,,,19623392112.0,19573441006.5964,,,,1.019e-05,,509.00176406271055,4865599.887299214,TP1,,
2026-09-26T19:04:02.946177+00:00,close,,DOGSIRT,ICT/SMC v2,long,,,11.855,12.10271801109203,,,,16870.5,,4179.126706128082,4869779.014005342,TP1,,
2026-09-26T19:04:51.546605+00:00,open,,SUIIRT,ICT/SMC v2,long,,,270880.0,,267528.8525497011,275906.7211754483,280933.4423508967,1.4766,400000.0,,,,,
2026-09-26T19:05:12.779578+00:00,open,,WIFIRT,ICT/SMC v2,long,,,57744.0,,56981.21585572112,58888.17621641832,60032.35243283663,6.92,400000.0,,,,,
2026-09-26T19:18:55.756665+00:00,open,,GRAMIRT,ICT/SMC v2,long,,,363058.5,,353925.661275414,376757.75808687904,390457.016173758,1.10175,400000.0,,,,,
2026-09-26T19:19:08.813666+00:00,open,,NOTIRT,ICT/SMC v2,long,,,120.15,,118.2097707333625,123.06034389995628,125.97068779991253,3329.1,400000.0,,,,,
2026-09-26T19:33:49.827053+00:00,close,,FLOKIIRT,ICT/SMC v2,long,,,6.82453,6.737535957954715,,,,29306.0,,-2549.44739617913,4867229.566609163,SL,,
2026-09-26T19:33:50.327053+00:00,close,,FLOKIIRT,ICT/SMC v2,long,,,6.82453,6.737535957954715,,,,29306.0,,-2549.44739617913,4864680.119212984,SL,,
2026-09-26T20:04:02.687009+00:00,close,,NOTIRT,ICT/SMC v2,long,,,120.15,118.2097707333625,,,,1664.5,,-3229.5116143181217,4861450.607598666,SL,,
2026-09-26T20:04:03.089223+00:00,close,,NOTIRT,ICT/SMC v2,long,,,120.15,118.2097707333625,,,,1664.6,,-3229.705637244785,4858220.901961422,SL,,
2026-09-26T20:18:28.803406+00:00,close,,ADAIRT,Supertrend+ADX,long,,,60673.0,59241.16084475421,,,,4.944538,,-7079.783113000711,4851141.118848421,SL,,
2026-09-26T20:18:29.225084+00:00,close,,ADAIRT,Supertrend+ADX,long,,,60673.0,59241.16084475421,,,,4.944539,,-7079.784544839866,4844061.334303581,SL,,
2026-09-26T20:18:45.204881+00:00,close,,DOGSIRT,ICT/SMC v2,long,,,11.855,11.855,,,,16870.5,,0.0,4844061.334303581,SL,,
2026-09-26T20:18:48.997264+00:00,open,,DOGSIRT,ICT/SMC v2,long,,,11.76,,11.479813961354434,12.180279057968349,12.600558115936696,34013.6,400000.0,,,,,
2026-09-26T20:19:48.902951+00:00,close,,XLMIRT,ICT/SMC v2,long,,,51046.45,50616.49624725713,,,,3.918,,-1684.558803246562,4842376.775500335,SL,,
2026-09-26T20:19:49.402951+00:00,close,,XLMIRT,ICT/SMC v2,long,,,51046.45,50616.49624725713,,,,3.918,,-1684.558803246562,4840692.216697088,SL,,
2026-09-26T20:33:24.576245+00:00,close,,ADAIRT,ICT/SMC v2,long,,,59895.0,59003.84365958676,,,,3.339176,,-2975.727864155719,4837716.488832933,SL,,
2026-09-26T20:33:24.916545+00:00,close,,ADAIRT,ICT/SMC v2,long,,,59895.0,59003.84365958676,,,,3.339177,,-2975.728755312059,4834740.760077621,SL,,
2026-09-26T20:48:43.194131+00:00,close,,DOGEIRT,ICT/SMC v2,long,,,22435.5,22435.5,,,,8.91,,0.0,4834740.760077621,SL,,
2026-09-26T20:49:19.988047+00:00,close,,PEPEIRT,ICT/SMC v2,long,,,1.024915,1.000672974057195,,,,195138.1,,-4730.542882629742,4830010.217194991,SL,,
2026-09-26T20:49:20.488047+00:00,close,,PEPEIRT,ICT/SMC v2,long,,,1.024915,1.000672974057195,,,,195138.1,,-4730.542882629742,4825279.6743123615,SL,,
2026-09-26T20:50:05.545685+00:00,close,,SUIIRT,ICT/SMC v2,long,,,270880.0,267528.8525497011,,,,0.7383,,-2474.1521625556675,4822805.522149806,SL,,
2026-09-26T20:50:06.045685+00:00,close,,SUIIRT,ICT/SMC v2,long,,,270880.0,267528.8525497011,,,,0.7383,,-2474.1521625556675,4820331.36998725,SL,,
2026-09-26T20:50:11.785949+00:00,close,,TIAIRT,ICT/SMC v2,long,,,113181.5,113181.5,,,,1.7671,,0.0,4820331.36998725,SL,,
2026-09-26T20:50:20.372869+00:00,close,,TRBIRT,ICT/SMC v2,long,,,4693188.5,4632630.231972087,,,,0.0426,,-2579.7822179890863,4817751.587769262,SL,,
2026-09-26T20:50:20.872869+00:00,close,,TRBIRT,ICT/SMC v2,long,,,4693188.5,4632630.231972087,,,,0.0426,,-2579.7822179890863,4815171.805551273,SL,,
2026-09-26T20:50:30.491497+00:00,close,,WIFIRT,ICT/SMC v2,long,,,57744.0,56981.21585572112,,,,3.46,,-2639.233139204917,4812532.572412068,SL,,
2026-09-26T20:50:30.991497+00:00,close,,WIFIRT,ICT/SMC v2,long,,,57744.0,56981.21585572112,,,,3.46,,-2639.233139204917,4809893.339272863,SL,,
2026-09-26T21:03:53.317977+00:00,close,,BTCIRT,ICT/SMC v2,short,,,19623392112.0,19623392112.0,,,,1.019e-05,,-0.0,4809893.339272863,SL,,
2026-09-26T21:33:46.182851+00:00,open,,DOGEIRT,ICT/SMC v2,short,,,22570.0,,22772.561256398363,22266.158115402453,21962.316230804907,17.72,400000.0,,,,,
2026-09-26T21:48:29.772115+00:00,open,,ADAIRT,ICT/SMC v2,short,,,58929.5,,59650.85216522545,57847.471752161815,56765.44350432364,6.787771,400000.0,,,,,
2026-09-26T21:49:06.919407+00:00,open,,SEIIRT,ICT/SMC v2,short,,,16649.0,,16942.000833167454,16209.498750248818,15769.997500497637,24.0,400000.0,,,,,
2026-09-26T21:49:17.656086+00:00,open,,SUIIRT,ICT/SMC v2,short,,,268807.0,,272613.3532458263,263097.4701312605,257387.9402625211,1.488,400000.0,,,,,
2026-09-26T21:49:32.218046+00:00,open,,XLMIRT,ICT/SMC v2,short,,,50599.600000000006,,51123.23386694544,49814.14919958185,49028.698399163695,7.9052,400000.0,,,,,
2026-09-26T22:03:32.865787+00:00,open,,ARBIRT,Supertrend+ADX,long,,,52696.0,,50698.12244797794,55692.81632803309,58689.63265606617,11.386,600000.0,,,,,
2026-09-26T23:33:56.959903+00:00,open,,HBARIRT,ICT/SMC v2,short,,,21820.5,,22013.085654561844,21531.62151815724,21242.743036314467,18.3313,400000.0,,,,,
2026-09-26T23:48:32.738586+00:00,close,,BTCIRT,Supertrend+ADX,short,,,19453865094.5,19703169124.35612,,,,1.542e-05,,-3844.268140381329,4806049.071132482,SL,,
2026-09-26T23:48:33.238586+00:00,close,,BTCIRT,Supertrend+ADX,short,,,19453865094.5,19703169124.35612,,,,1.542e-05,,-3844.268140381329,4802204.802992101,SL,,
2026-09-27T00:03:52.654208+00:00,close,,GRAMIRT,ICT/SMC v2,long,,,363058.5,376757.75808687904,,,,0.55087,,7546.510302319056,4809751.31329442,TP1,,
2026-09-27T00:34:07.880089+00:00,close,,SUIIRT,ICT/SMC v2,short,,,268807.0,272613.3532458263,,,,0.744,,-2831.926814894783,4806919.386479525,SL,,
2026-09-27T00:34:08.380089+00:00,close,,SUIIRT,ICT/SMC v2,short,,,268807.0,272613.3532458263,,,,0.744,,-2831.926814894783,4804087.45966463,SL,,
2026-09-27T01:18:42.405963+00:00,close,,DOGSIRT,ICT/SMC v2,long,,,11.76,12.180279057968349,,,,17006.8,,7147.601883056089,4811235.061547685,TP1,,
2026-09-27T01:19:05.655980+00:00,open,,NOTIRT,Supertrend+ADX,long,,,121.55,,117.611798204303,127.45730269354551,133.36460538709105,4936.2,600000.0,,,,,
2026-09-27T01:19:25.487492+00:00,open,,TIAIRT,ICT/SMC v2,short,,,114481.5,,115948.27653960318,112281.33519059524,110081.17038119047,3.494,400000.0,,,,,
2026-09-27T01:33:34.682500+00:00,close,,DOGSIRT,Supertrend+ADX,long,,,11.57,12.409544391923664,,,,25929.1,,21768.630492627904,4833003.692040313,TP2,,
2026-09-27T01:33:36.439739+00:00,close,,DOGSIRT,ICT/SMC v2,long,,,11.76,12.600558115936696,,,,17006.8,,14295.203766112209,4847298.895806425,TP2,,
2026-09-27T01:33:39.515680+00:00,open,,DOGSIRT,Supertrend+ADX,long,,,12.625,,11.751546515631215,13.935180226553175,15.24536045310635,47524.7,600000.0,,,,,
2026-09-27T01:34:07.001238+00:00,open,,SHIBIRT,ICT/SMC v2,short,,,1.3722,,1.3869702350663475,1.3500446474004788,1.3278892948009573,291502.6,400000.0,,,,,
2026-09-27T02:04:27.677886+00:00,open,,XRPIRT,ICT/SMC v2,short,,,356032.5,,358537.5092544405,352274.9861183393,348517.47223667864,1.1,400000.0,,,,,
2026-09-27T02:19:02.674613+00:00,close,,SEIIRT,ICT/SMC v2,short,,,16649.0,16942.000833167454,,,,12.0,,-3516.009998009453,4843782.885808416,SL,,
2026-09-27T02:19:03.174613+00:00,close,,SEIIRT,ICT/SMC v2,short,,,16649.0,16942.000833167454,,,,12.0,,-3516.009998009453,4840266.875810406,SL,,
2026-09-27T02:34:15.216124+00:00,open,,DOGSIRT,ICT/SMC v2,long,,,12.145,,11.771834775141826,12.704747837287258,13.26449567457452,32935.3,400000.0,,,,,
2026-09-27T02:34:58.322403+00:00,open,,TRBIRT,ICT/SMC v2,short,,,4663070.5,,4705939.319163079,4598767.2712553805,4534464.042510762,0.0857,400000.0,,,,,
2026-09-27T03:03:52.489589+00:00,close,,GRAMIRT,ICT/SMC v2,long,,,363058.5,363058.5,,,,0.55088,,0.0,4840266.875810406,SL,,
2026-09-27T04:18:48.160863+00:00,open,,FLOKIIRT,ICT/SMC v2,long,,,6.678725,,6.621500743768857,6.764561384346714,6.850397768693428,59891.6,400000.0,,,,,
2026-09-27T04:19:08.534389+00:00,open,,SEIIRT,ICT/SMC v2,long,,,16833.5,,16604.220500496172,17177.41924925574,17521.338498511486,23.7,400000.0,,,,,
2026-09-27T04:48:37.057107+00:00,close,,DOGSIRT,Supertrend+ADX,long,,,12.625,11.751546515631215,,,,23762.3,,-20755.26373161633,4819511.61207879,SL,,
2026-09-27T04:48:37.557107+00:00,close,,DOGSIRT,Supertrend+ADX,long,,,12.625,11.751546515631215,,,,23762.3,,-20755.26373161633,4798756.348347173,SL,,
2026-09-27T04:48:40.004142+00:00,close,,DOGSIRT,ICT/SMC v2,long,,,12.145,11.771834775141826,,,,16467.6,,-6145.135656874452,4792611.212690298,SL,,
2026-09-27T04:48:40.500298+00:00,close,,DOGSIRT,ICT/SMC v2,long,,,12.145,11.771834775141826,,,,16467.7,,-6145.172973396939,4786466.039716901,SL,,
2026-09-27T04:49:02.423640+00:00,close,,NOTIRT,Supertrend+ADX,long,,,121.55,117.611798204303,,,,2468.1,,-9719.875851959794,4776746.163864941,SL,,
2026-09-27T04:49:02.923640+00:00,close,,NOTIRT,Supertrend+ADX,long,,,121.55,117.611798204303,,,,2468.1,,-9719.875851959794,4767026.288012981,SL,,
2026-09-27T04:49:33.672563+00:00,close,,XLMIRT,ICT/SMC v2,short,,,50599.600000000006,49814.14919958185,,,,3.9526,,3104.5728337328005,4770130.860846714,TP1,,
2026-09-27T04:49:36.657819+00:00,close,,XRPIRT,ICT/SMC v2,short,,,356032.5,352274.9861183393,,,,0.5,,1878.7569408303527,4772009.617787545,TP1,,
2026-09-27T05:33:36.932985+00:00,close,,ETHIRT,ICT/SMC v2,long,,,622473438.0,631830952.8015847,,,,0.000321,,3003.762251308696,4775013.380038854,TP1,,
2026-09-27T05:49:06.806899+00:00,close,,SEIIRT,ICT/SMC v2,long,,,16833.5,17177.41924925574,,,,11.8,,4058.247141217748,4779071.627180072,TP1,,
2026-09-27T05:49:09.761658+00:00,open,,SEIIRT,Supertrend+ADX,long,,,17217.0,,16730.297418211623,17947.053872682565,18677.107745365127,34.8,600000.0,,,,,
2026-09-27T05:49:36.872408+00:00,close,,XRPIRT,ICT/SMC v2,short,,,356032.5,356032.5,,,,0.6,,-0.0,4779071.627180072,SL,,
2026-09-27T05:49:40.054722+00:00,open,,XRPIRT,ICT/SMC v2,short,,,355449.5,,357906.1982618648,351764.4526072028,348079.4052144056,1.1,400000.0,,,,,
2026-09-27T07:03:23.683997+00:00,close,,ADAIRT,ICT/SMC v2,short,,,58929.5,59650.85216522545,,,,3.393885,,-2448.186293276174,4776623.4408867955,SL,,
2026-09-27T07:03:24.151593+00:00,close,,ADAIRT,ICT/SMC v2,short,,,58929.5,59650.85216522545,,,,3.393886,,-2448.18701462834,4774175.253872167,SL,,
2026-09-27T07:03:43.776566+00:00,close,,FLOKIIRT,ICT/SMC v2,long,,,6.678725,6.764561384346714,,,,29945.8,,2570.439198369829,4776745.693070537,TP1,,
2026-09-27T07:03:51.259633+00:00,close,,HBARIRT,ICT/SMC v2,short,,,21820.5,22013.085654561844,,,,9.1656,,-1765.163075452041,4774980.529995086,SL,,
2026-09-27T07:03:51.694576+00:00,close,,HBARIRT,ICT/SMC v2,short,,,21820.5,22013.085654561844,,,,9.1657,,-1765.1823340174972,4773215.347661068,SL,,
2026-09-27T07:04:07.577665+00:00,close,,SHIBIRT,ICT/SMC v2,short,,,1.3722,1.3869702350663475,,,,145751.3,,-2152.7809622257264,4771062.566698842,SL,,
2026-09-27T07:04:08.077665+00:00,close,,SHIBIRT,ICT/SMC v2,short,,,1.3722,1.3869702350663475,,,,145751.3,,-2152.7809622257264,4768909.785736616,SL,,
2026-09-27T07:04:18.468821+00:00,close,,TIAIRT,ICT/SMC v2,short,,,114481.5,115948.27653960318,,,,1.747,,-2562.458614686748,4766347.327121929,SL,,
2026-09-27T07:04:18.968821+00:00,close,,TIAIRT,ICT/SMC v2,short,,,114481.5,115948.27653960318,,,,1.747,,-2562.458614686748,4763784.868507243,SL,,
2026-09-27T07:04:31.412579+00:00,close,,XLMIRT,ICT/SMC v2,short,,,50599.600000000006,50599.600000000006,,,,3.9526,,-0.0,4763784.868507243,SL,,
2026-09-27T07:19:18.493820+00:00,open,,TIAIRT,ICT/SMC v2,long,,,116385.5,,115063.63519175738,118368.29721236396,120351.09442472788,3.4368,400000.0,,,,,
2026-09-27T07:19:29.048296+00:00,open,,WIFIRT,ICT/SMC v2,long,,,57361.0,,56654.53015930549,58420.704761041765,59480.40952208353,6.97,400000.0,,,,,
2026-09-27T07:33:33.352777+00:00,close,,DOGEIRT,ICT/SMC v2,short,,,22570.0,22772.561256398363,,,,8.86,,-1794.6927316894978,4761990.175775553,SL,,
2026-09-27T07:33:33.852777+00:00,close,,DOGEIRT,ICT/SMC v2,short,,,22570.0,22772.561256398363,,,,8.86,,-1794.6927316894978,4760195.483043863,SL,,
2026-09-27T07:34:18.924818+00:00,close,,TRBIRT,ICT/SMC v2,short,,,4663070.5,4705939.319163079,,,,0.0428,,-1834.7854601797967,4758360.697583684,SL,,
2026-09-27T07:34:19.315802+00:00,close,,TRBIRT,ICT/SMC v2,short,,,4663070.5,4705939.319163079,,,,0.0429,,-1839.072342096105,4756521.625241588,SL,,
2026-09-27T07:34:31.881558+00:00,open,,XLMIRT,ICT/SMC v2,long,,,50972.85,,50565.55843734506,51583.7873439824,52194.7246879648,7.8473,400000.0,,,,,
2026-09-27T07:34:33.830550+00:00,close,,XRPIRT,ICT/SMC v2,short,,,355449.5,357906.1982618648,,,,0.5,,-1228.3491309323872,4755293.276110656,SL,,
2026-09-27T07:34:34.183496+00:00,close,,XRPIRT,ICT/SMC v2,short,,,355449.5,357906.1982618648,,,,0.6,,-1474.0189571188646,4753819.257153537,SL,,
2026-09-27T07:49:12.141026+00:00,close,,SEIIRT,ICT/SMC v2,long,,,16833.5,17521.338498511486,,,,11.8,,8116.494282435538,4761935.751435973,TP2,,
2026-09-27T07:49:31.469285+00:00,open,,TRBIRT,ICT/SMC v2,short,,,4701383.5,,4741660.364943076,4640968.202585385,4580552.905170769,0.085,400000.0,,,,,
2026-09-27T08:03:48.743168+00:00,close,,HBARIRT,Supertrend+ADX,short,,,21591.0,22360.546514665453,,,,13.8946,,-10692.541002670609,4751243.210433302,SL,,
2026-09-27T08:03:49.206759+00:00,close,,HBARIRT,Supertrend+ADX,short,,,21591.0,22360.546514665453,,,,13.8947,,-10692.617957322074,4740550.5924759805,SL,,
2026-09-27T08:04:07.117221+00:00,close,,SOLIRT,Supertrend+ADX,long,,,27452913.5,28934784.95843214,,,,0.011,,16300.586042753555,4756851.178518734,TP2,,
2026-09-27T08:04:09.710874+00:00,close,,SOLIRT,ICT/SMC v2,long,,,27546202.5,28729000.216537803,,,,0.007,,8279.584015764623,4765130.762534498,TP2,,
2026-09-27T08:04:34.405805+00:00,close,,WIFIRT,ICT/SMC v2,long,,,57361.0,58420.704761041765,,,,3.48,,3687.772568425342,4768818.535102923,TP1,,
2026-09-27T08:18:35.256179+00:00,open,,ADAIRT,ICT/SMC v2,long,,,60303.5,,59686.61263387524,61228.83104918714,62154.16209837428,6.633114,400000.0,,,,,
2026-09-27T08:18:47.572454+00:00,close,,ARBIRT,ICT/SMC v2,short,,,55192.0,55192.0,,,,3.6237,,-0.0,4768818.535102923,SL,,
2026-09-27T08:33:50.161995+00:00,open,,HBARIRT,ICT/SMC v2,long,,,22445.0,,22217.78092439604,22785.82861340593,23126.65722681188,17.8213,400000.0,,,,,
2026-09-27T08:48:37.945223+00:00,open,,BTCIRT,ICT/SMC v2,long,,,19843167958.5,,19795400517.44644,19914819120.080334,19986470281.66067,2.015e-05,400000.0,,,,,
2026-09-27T08:48:47.929347+00:00,close,,FLOKIIRT,ICT/SMC v2,long,,,6.678725,6.850397768693428,,,,29945.8,,5140.8783967396585,4773959.413499663,TP2,,
2026-09-27T09:10:25.282290+00:00,close,,HBARIRT,ICT/SMC v2,long,,,22445.0,22217.78092439604,,,,8.9106,,-2024.6582950766456,4771934.755204586,SL,,
2026-09-27T09:10:25.829640+00:00,close,,HBARIRT,ICT/SMC v2,long,,,22445.0,22217.78092439604,,,,8.9107,,-2024.6810169842056,4769910.074187602,SL,,
2026-09-27T09:19:12.989989+00:00,open,,SOLIRT,ICT/SMC v2,long,,,29034921.0,,28778191.182309743,29420015.726535384,29805110.453070767,0.013,400000.0,,,,,
2026-09-27T09:19:17.730301+00:00,open,,SUIIRT,ICT/SMC v2,long,,,294445.5,,287450.2761857288,304938.3357214068,315431.1714428136,1.3584,400000.0,,,,,
2026-09-27T09:48:33.223223+00:00,close,,BTCIRT,ICT/SMC v2,long,,,19843167958.5,19914819120.080334,,,,1.007e-05,,721.5271971139605,4770631.601384716,TP1,,
2026-09-27T09:48:56.049018+00:00,open,,NOTIRT,Supertrend+ADX,long,,,122.35,,118.88863015293188,127.54205477060216,132.7341095412043,4903.9,600000.0,,,,,
2026-09-27T10:18:59.433938+00:00,open,,NOTIRT,ICT/SMC v2,long,,,122.35,,120.58906617571137,124.99140073643294,127.63280147286588,3269.3,400000.0,,,,,
2026-09-27T11:04:56.910570+00:00,open,,XRPIRT,ICT/SMC v2,long,,,361750.0,,359296.52841063635,365430.2073840455,369110.4147680909,1.1,400000.0,,,,,
2026-09-27T11:18:35.441075+00:00,close,,BTCIRT,ICT/SMC v2,long,,,19843167958.5,19986470281.66067,,,,1.007e-05,,1443.0543942279594,4772074.6557789445,TP2,,
2026-09-27T11:18:41.700970+00:00,open,,DOGEIRT,ICT/SMC v2,long,,,22978.5,,22799.583523890946,23246.874714163587,23515.24942832717,17.4,400000.0,,,,,
2026-09-27T11:18:47.041170+00:00,open,,DOGSIRT,ICT/SMC v2,long,,,12.315,,12.04908820258065,12.713867696129023,13.112735392258047,32480.7,400000.0,,,,,
2026-09-27T13:03:45.285289+00:00,close,bot2,DOGEIRT,ICT/SMC v2,long,444.0,a,22978.5,23246.874714163587,,,,8.7,,2334.8600132232045,4774409.515792168,TP1,,
2026-09-27T13:03:46.398810+00:00,close,bot2,DOGEIRT,ICT/SMC v2,long,444.0,b,22978.5,22978.5,,,,8.7,,0.0,4774409.515792168,SL,,
2026-09-27T13:03:51.465923+00:00,close,bot2,DOGSIRT,ICT/SMC v2,long,445.0,a,12.315,12.04908820258065,,,,16240.3,,-4318.487363629457,4770091.028428539,SL,,
2026-09-27T13:03:51.949358+00:00,close,bot2,DOGSIRT,ICT/SMC v2,long,445.0,b,12.315,12.04908820258065,,,,16240.4,,-4318.513954809199,4765772.51447373,SL,,
2026-09-27T13:04:14.488294+00:00,open,bot2,HBARIRT,ICT/SMC v2,long,446.0,,22122.5,,21900.40525442216,22455.64211836677,22788.78423673353,18.0811,400000.0,,,,,3.0
2026-09-27T13:05:05.618799+00:00,close,bot2,TRBIRT,ICT/SMC v2,short,435.0,a,4701383.5,4640968.202585385,,,,0.0425,,2567.65014012113,4768340.164613851,TP1,,
2026-09-27T13:05:08.999884+00:00,open,bot2,TRBIRT,Supertrend+ADX,short,447.0,,4633624.0,,4709566.889387431,4519709.665918854,4405795.331837708,0.1294,600000.0,,,,16.98,
2026-09-27T13:05:35.111778+00:00,close,bot2,XRPIRT,ICT/SMC v2,long,443.0,a,361750.0,359296.52841063635,,,,0.5,,-1226.7357946818229,4767113.428819169,SL,,
2026-09-27T13:05:35.574444+00:00,close,bot2,XRPIRT,ICT/SMC v2,long,443.0,b,361750.0,359296.52841063635,,,,0.6,,-1472.0829536181875,4765641.345865551,SL,,
2026-09-27T13:20:04.151788+00:00,open,bot2,HBARIRT,Supertrend+ADX,short,448.0,,22012.5,,22666.45257870587,21031.5711319412,20050.64226388239,27.2572,600000.0,,,,18.0,
2026-09-27T13:20:52.128837+00:00,open,bot2,XLMIRT,Supertrend+ADX,short,449.0,,50585.3,,51733.404909779376,48863.142635330936,47140.98527066187,11.8611,600000.0,,,,16.08,
2026-09-27T13:20:54.672383+00:00,open,bot2,XRPIRT,Supertrend+ADX,short,450.0,,358910.5,,365137.65163150046,349569.7725527493,340229.0451054987,1.6,600000.0,,,,27.19,
2026-09-27T13:48:35.531260+00:00,open,bot2,BTCIRT,ICT/SMC v2,short,451.0,,19980435949.5,,20048488071.399136,19878357766.65129,19776279583.802586,2.001e-05,400000.0,,,,,4.0
2026-09-27T13:48:38.951420+00:00,open,bot2,DOGEIRT,ICT/SMC v2,short,452.0,,22958.0,,23215.78720791287,22571.319188130696,22184.63837626139,17.42,400000.0,,,,,4.0
2026-09-27T13:48:47.323271+00:00,open,bot2,FLOKIIRT,ICT/SMC v2,short,453.0,,6.73437,,6.817372914121642,6.609865628817537,6.485361257635074,59396.7,400000.0,,,,,3.0
2026-09-27T13:49:10.602627+00:00,open,bot2,SHIBIRT,ICT/SMC v2,short,454.0,,1.3977499999999998,,1.414341904228548,1.372862143657178,1.347974287314356,286174.2,400000.0,,,,,3.0
2026-09-27T13:49:35.412328+00:00,open,bot2,XRPIRT,ICT/SMC v2,short,455.0,,360140.5,,363357.3561458941,355315.2157811589,350489.9315623178,1.1,400000.0,,,,,5.0
2026-09-27T14:33:29.232611+00:00,close,bot2,ADAIRT,ICT/SMC v2,long,436.0,a,60303.5,59686.61263387524,,,,3.316557,,-2045.9421123326472,4763595.403753219,SL,,
2026-09-27T14:33:29.732611+00:00,close,bot2,ADAIRT,ICT/SMC v2,long,436.0,b,60303.5,59686.61263387524,,,,3.316557,,-2045.9421123326472,4761549.461640887,SL,,
2026-09-27T14:34:18.069972+00:00,close,bot2,SOLIRT,ICT/SMC v2,long,439.0,a,29034921.0,28778191.182309743,,,,0.006,,-1540.3789061415418,4760009.082734745,SL,,
2026-09-27T14:34:18.569972+00:00,close,bot2,SOLIRT,ICT/SMC v2,long,439.0,b,29034921.0,28778191.182309743,,,,0.006,,-1540.3789061415418,4758468.703828603,SL,,
2026-09-27T14:49:23.786040+00:00,close,bot2,TRBIRT,ICT/SMC v2,short,435.0,b,4701383.5,4580552.905170769,,,,0.0425,,5135.3002802423,4763604.004108845,TP2,,
2026-09-27T14:49:34.357383+00:00,close,bot2,XLMIRT,ICT/SMC v2,long,434.0,a,50972.85,50565.55843734506,,,,3.9236,,-1598.0491752329092,4762005.954933613,SL,,
2026-09-27T14:49:34.857383+00:00,close,bot2,XLMIRT,ICT/SMC v2,long,434.0,b,50972.85,50565.55843734506,,,,3.9236,,-1598.0491752329092,4760407.90575838,SL,,
2026-09-27T15:03:26.778097+00:00,open,bot2,ADAIRT,Supertrend+ADX,short,456.0,,59744.5,,61239.37229790674,57502.1915531399,55259.88310627979,10.042765,600000.0,,,,17.1,
2026-09-27T15:04:28.355850+00:00,close,bot2,TRBIRT,Supertrend+ADX,short,447.0,a,4633624.0,4519709.665918854,,,,0.0647,,7370.257415050141,4767778.16317343,TP1,,
2026-09-27T15:33:37.236147+00:00,close,bot2,BTCIRT,ICT/SMC v2,short,451.0,a,19980435949.5,19878357766.65129,,,,1e-05,,1020.781828487053,4768798.945001917,TP1,,
2026-09-27T15:34:03.936315+00:00,close,bot2,NOTIRT,ICT/SMC v2,long,442.0,a,122.35,120.58906617571137,,,,1634.6,,-2878.4224291821915,4765920.522572734,SL,,
2026-09-27T15:34:04.328295+00:00,close,bot2,NOTIRT,ICT/SMC v2,long,442.0,b,122.35,120.58906617571137,,,,1634.7,,-2878.5985225646205,4763041.92405017,SL,,
2026-09-27T16:34:50.657159+00:00,open,bot2,XLMIRT,ICT/SMC v2,short,457.0,,50671.15,,51245.06388421832,49810.27917367251,48949.40834734504,7.894,400000.0,,,,,4.0
2026-09-27T18:19:32.358461+00:00,close,bot2,TIAIRT,ICT/SMC v2,long,432.0,a,116385.5,118368.29721236396,,,,1.7184,,3407.2387297262085,4766449.1627798965,TP1,,
2026-09-27T18:34:47.687550+00:00,close,bot2,XLMIRT,ICT/SMC v2,short,457.0,a,50671.15,51245.06388421832,,,,3.947,,-2265.238101009724,4764183.924678887,SL,,
2026-09-27T18:34:48.187550+00:00,close,bot2,XLMIRT,ICT/SMC v2,short,457.0,b,50671.15,51245.06388421832,,,,3.947,,-2265.238101009724,4761918.686577878,SL,,
2026-09-27T20:03:36.108637+00:00,open,bot2,ARBIRT,ICT/SMC v2,long,458.0,,54382.0,,53511.78984434656,55687.31523348016,56992.63046696031,7.3553,400000.0,,,,,3.0
2026-09-27T20:03:38.298734+00:00,close,bot2,BTCIRT,ICT/SMC v2,short,451.0,b,19980435949.5,19980435949.5,,,,1e-05,,-0.0,4761918.686577878,SL,,
2026-09-27T20:19:09.163690+00:00,close,bot2,HBARIRT,ICT/SMC v2,long,446.0,a,22122.5,22455.64211836677,,,,9.0405,,3011.7713210947827,4764930.457898973,TP1,,
2026-09-27T20:19:24.076335+00:00,close,bot2,SEIIRT,Supertrend+ADX,long,430.0,a,17217.0,17947.053872682565,,,,17.4,,12702.937384676634,4777633.395283649,TP1,,
2026-09-27T20:19:33.994914+00:00,open,bot2,SOLIRT,ICT/SMC v2,long,459.0,,29223664.5,,29021622.17109784,29526727.993353244,29829791.48670648,0.013,400000.0,,,,,4.0
2026-09-27T20:34:26.025196+00:00,close,bot2,SOLIRT,ICT/SMC v2,long,459.0,a,29223664.5,29021622.17109784,,,,0.006,,-1212.2539734129534,4776421.1413102355,SL,,
2026-09-27T20:34:26.525196+00:00,close,bot2,SOLIRT,ICT/SMC v2,long,459.0,b,29223664.5,29021622.17109784,,,,0.006,,-1212.2539734129534,4775208.887336822,SL,,
2026-09-27T20:48:38.835934+00:00,open,bot2,BTCIRT,ICT/SMC v2,long,460.0,,19979079395.0,,19919462861.15008,20068504195.77488,20157928996.549763,2.002e-05,400000.0,,,,,3.0
2026-09-27T21:48:33.498489+00:00,close,bot2,ARBIRT,ICT/SMC v2,long,458.0,a,54382.0,53511.78984434656,,,,3.6776,,-3200.2848684310907,4772008.602468391,SL,,
2026-09-27T21:48:33.998489+00:00,close,bot2,ARBIRT,ICT/SMC v2,long,458.0,b,54382.0,53511.78984434656,,,,3.6776,,-3200.2848684310907,4768808.31759996,SL,,
2026-09-27T22:19:08.439773+00:00,open,bot2,SEIIRT,ICT/SMC v2,long,461.0,,17951.5,,17611.48253835524,18461.52619246713,18971.552384934268,22.2,400000.0,,,,,3.0
2026-09-27T22:19:27.311487+00:00,open,bot2,TRXIRT,Supertrend+ADX,short,462.0,,79028.0,,79295.1433812881,78627.28492806786,78226.56985613571,7.59,600000.0,,,,15.84,
2026-09-27T22:19:31.241881+00:00,close,bot2,WIFIRT,ICT/SMC v2,long,433.0,b,57361.0,57361.0,,,,3.48,,0.0,4768808.31759996,SL,,
2026-09-27T22:19:37.256975+00:00,open,bot2,XLMIRT,ICT/SMC v2,long,463.0,,50874.35,,50300.7051529766,51734.8172705351,52595.28454107019,7.8625,400000.0,,,,,3.0
2026-09-27T22:49:03.018704+00:00,open,bot2,NOTIRT,ICT/SMC v2,short,464.0,,124.0,,125.86895259809918,121.19657110285122,118.39314220570245,3225.8,400000.0,,,,,4.0
2026-09-27T23:04:04.023777+00:00,close,bot2,SEIIRT,ICT/SMC v2,long,461.0,a,17951.5,18461.52619246713,,,,11.1,,5661.290736385167,4774469.608336345,TP1,,
2026-09-27T23:19:00.433731+00:00,open,bot2,PEPEIRT,ICT/SMC v2,short,465.0,,1.028785,,1.0461253508486257,1.0027744737270614,0.9767639474541226,388808.1,400000.0,,,,,3.0
2026-09-27T23:19:20.887543+00:00,open,bot2,TRBIRT,ICT/SMC v2,short,466.0,,4601884.0,,4649931.783583273,4529812.32462509,4457740.649250179,0.0869,400000.0,,,,,3.0
2026-09-27T23:33:38.501192+00:00,open,bot2,DOGSIRT,ICT/SMC v2,short,467.0,,12.265,,12.442894409409815,11.998158385885274,11.73131677177055,32613.1,400000.0,,,,,5.0
2026-09-27T23:33:50.449226+00:00,close,bot2,HBARIRT,Supertrend+ADX,short,448.0,a,22012.5,22666.45257870587,,,,13.6286,,-8912.458114150822,4765557.150222194,SL,,
2026-09-27T23:33:50.949226+00:00,close,bot2,HBARIRT,Supertrend+ADX,short,448.0,b,22012.5,22666.45257870587,,,,13.6286,,-8912.458114150822,4756644.6921080435,SL,,
2026-09-27T23:50:53.747905+00:00,close,bot2,SEIIRT,Supertrend+ADX,long,430.0,b,17217.0,18677.107745365127,,,,17.4,,25405.87476935321,4782050.566877397,TP2,,
2026-09-27T23:51:07.172970+00:00,close,bot2,TIAIRT,ICT/SMC v2,long,432.0,b,116385.5,120351.09442472788,,,,1.7184,,6814.477459452367,4788865.044336849,TP2,,
2026-09-27T23:51:12.968298+00:00,close,bot2,TRBIRT,Supertrend+ADX,short,447.0,b,4633624.0,4633624.0,,,,0.0647,,-0.0,4788865.044336849,SL,,
2026-09-28T00:03:34.924720+00:00,close,bot2,BTCIRT,ICT/SMC v2,long,460.0,a,19979079395.0,20068504195.77488,,,,1.001e-05,,895.1422557565434,4789760.186592606,TP1,,
2026-09-28T00:03:54.775703+00:00,close,bot2,HBARIRT,ICT/SMC v2,long,446.0,b,22122.5,22788.78423673353,,,,9.0406,,6023.609270613173,4795783.795863219,TP2,,
2026-09-28T00:04:10.861050+00:00,close,bot2,SEIIRT,ICT/SMC v2,long,461.0,b,17951.5,18971.552384934268,,,,11.1,,11322.581472770376,4807106.377335989,TP2,,
2026-09-28T00:04:30.134364+00:00,close,bot2,TRXIRT,Supertrend+ADX,short,462.0,a,79028.0,79295.1433812881,,,,3.79,,-1012.473415081901,4806093.903920907,SL,,
2026-09-28T00:04:30.667758+00:00,close,bot2,TRXIRT,Supertrend+ADX,short,462.0,b,79028.0,79295.1433812881,,,,3.8,,-1015.1448488947818,4805078.759072012,SL,,
2026-09-28T00:18:44.050166+00:00,close,bot2,FLOKIIRT,ICT/SMC v2,short,453.0,a,6.73437,6.817372914121642,,,,29698.3,,-2465.0454444587594,4802613.713627554,SL,,
2026-09-28T00:18:44.550166+00:00,close,bot2,FLOKIIRT,ICT/SMC v2,short,453.0,b,6.73437,6.817372914121642,,,,29698.3,,-2465.0454444587594,4800148.668183095,SL,,
2026-09-28T00:33:32.838745+00:00,close,bot2,BTCIRT,ICT/SMC v2,long,460.0,b,19979079395.0,20157928996.549763,,,,1.001e-05,,1790.284511513125,4801938.952694608,TP2,,
2026-09-28T00:33:45.410156+00:00,open,bot2,FLOKIIRT,Supertrend+ADX,long,468.0,,6.823245,,6.613892934625981,7.137273098061028,7.451301196122057,87934.6,600000.0,,,,19.43,
2026-09-28T00:33:59.578397+00:00,close,bot2,PEPEIRT,ICT/SMC v2,short,465.0,a,1.028785,1.0461253508486257,,,,194404.0,,-3371.033566376215,4798567.919128232,SL,,
2026-09-28T00:34:00.078397+00:00,close,bot2,PEPEIRT,ICT/SMC v2,short,465.0,b,1.028785,1.0461253508486257,,,,194404.0,,-3371.033566376215,4795196.8855618555,SL,,
2026-09-28T00:34:05.936514+00:00,close,bot2,SHIBIRT,ICT/SMC v2,short,454.0,a,1.3977499999999998,1.414341904228548,,,,143087.1,,-2374.087459540679,4792822.798102315,SL,,
2026-09-28T00:34:06.436514+00:00,close,bot2,SHIBIRT,ICT/SMC v2,short,454.0,b,1.3977499999999998,1.414341904228548,,,,143087.1,,-2374.087459540679,4790448.710642774,SL,,
2026-09-28T00:34:11.357379+00:00,open,bot2,SOLIRT,ICT/SMC v2,short,469.0,,28867466.5,,29150023.80128215,28443630.54807678,28019794.59615356,0.013,400000.0,,,,,3.0
2026-09-28T00:34:13.151429+00:00,close,bot2,SUIIRT,ICT/SMC v2,long,440.0,a,294445.5,304938.3357214068,,,,0.6792,,7126.734021979495,4797575.444664753,TP1,,
2026-09-28T00:49:13.038186+00:00,close,bot2,TRBIRT,ICT/SMC v2,short,466.0,a,4601884.0,4649931.783583273,,,,0.0434,,-2085.273807514056,4795490.170857239,SL,,
2026-09-28T00:49:13.577245+00:00,close,bot2,TRBIRT,ICT/SMC v2,short,466.0,b,4601884.0,4649931.783583273,,,,0.0435,,-2090.078585872383,4793400.092271366,SL,,
2026-09-28T01:19:26.833494+00:00,close,bot2,XLMIRT,Supertrend+ADX,short,449.0,a,50585.3,51733.404909779376,,,,5.9305,,-6808.836167446571,4786591.25610392,SL,,
2026-09-28T01:19:27.244431+00:00,close,bot2,XLMIRT,Supertrend+ADX,short,449.0,b,50585.3,51733.404909779376,,,,5.9306,,-6808.950977937549,4779782.3051259825,SL,,
2026-09-28T01:19:28.961393+00:00,close,bot2,XLMIRT,ICT/SMC v2,long,463.0,a,50874.35,51734.8172705351,,,,3.9312,,3382.668933927601,4783164.9740599105,TP1,,
2026-09-28T01:34:24.855446+00:00,open,bot2,XLMIRT,Supertrend+ADX,long,470.0,,51862.75,,50785.37536029429,53478.81195955857,55094.87391911713,11.5689,600000.0,,,,15.85,
2026-09-28T02:03:34.374402+00:00,close,bot2,DOGEIRT,ICT/SMC v2,short,452.0,a,22958.0,22571.319188130696,,,,8.71,,3367.989871381641,4786532.963931292,TP1,,
2026-09-28T02:03:48.153630+00:00,open,bot2,FLOKIIRT,ICT/SMC v2,long,471.0,,6.696244999999999,,6.580386749765243,6.870032375352135,7.043819750704271,59734.9,400000.0,,,,,3.0
2026-09-28T02:19:13.925940+00:00,open,bot2,TIAIRT,ICT/SMC v2,long,472.0,,117891.5,,114954.00541080938,122297.74188378591,126703.98376757187,3.3929,400000.0,,,,,5.0
2026-09-28T02:48:36.584957+00:00,close,bot2,DOGSIRT,ICT/SMC v2,short,467.0,a,12.265,11.998158385885274,,,,16306.5,,4351.252780561787,4790884.216711854,TP1,,
2026-09-28T02:48:56.416988+00:00,close,bot2,NOTIRT,ICT/SMC v2,short,464.0,a,124.0,121.19657110285122,,,,1612.9,,4521.650468211263,4795405.867180065,TP1,,
2026-09-28T03:03:48.480854+00:00,open,bot2,GRAMIRT,ICT/SMC v2,long,473.0,,385276.0,,376124.336706358,399003.4949404631,412730.9898809262,1.03821,400000.0,,,,,4.0
2026-09-28T03:04:17.481725+00:00,open,bot2,TRBIRT,Supertrend+ADX,short,474.0,,4559443.0,,4705233.087038421,4340757.869442367,4122072.738884736,0.1315,600000.0,,,,22.68,
2026-09-28T03:33:34.954054+00:00,close,bot2,DOGSIRT,ICT/SMC v2,short,467.0,b,12.265,11.73131677177055,,,,16306.5,,8702.505561123548,4804108.372741189,TP2,,
2026-09-28T03:33:42.773894+00:00,close,bot2,FLOKIIRT,Supertrend+ADX,long,468.0,a,6.823245,6.613892934625981,,,,43967.3,,-9204.64506391911,4794903.72767727,SL,,
2026-09-28T03:33:43.273894+00:00,close,bot2,FLOKIIRT,Supertrend+ADX,long,468.0,b,6.823245,6.613892934625981,,,,43967.3,,-9204.64506391911,4785699.082613351,SL,,
2026-09-28T03:34:14.169133+00:00,close,bot2,TIAIRT,ICT/SMC v2,long,472.0,a,117891.5,114954.00541080938,,,,1.6964,,-4983.165821102975,4780715.916792247,SL,,
2026-09-28T03:34:14.470941+00:00,close,bot2,TIAIRT,ICT/SMC v2,long,472.0,b,117891.5,114954.00541080938,,,,1.6965,,-4983.459570561894,4775732.457221686,SL,,
2026-09-28T03:34:28.011170+00:00,close,bot2,XLMIRT,Supertrend+ADX,long,470.0,a,51862.75,50785.37536029429,,,,5.7844,,-6231.965865913716,4769500.491355772,SL,,
2026-09-28T03:34:28.511170+00:00,close,bot2,XLMIRT,Supertrend+ADX,long,470.0,b,51862.75,50785.37536029429,,,,5.7844,,-6231.965865913716,4763268.525489858,SL,,
2026-09-28T03:34:29.650075+00:00,close,bot2,XLMIRT,ICT/SMC v2,long,463.0,b,50874.35,50874.35,,,,3.9313,,0.0,4763268.525489858,SL,,
2026-09-28T03:34:32.379348+00:00,open,bot2,XLMIRT,Supertrend+ADX,short,475.0,,50356.35,,52284.450878364754,47464.19868245287,44572.04736490575,11.915,600000.0,,,,16.73,
2026-09-28T03:34:35.687459+00:00,close,bot2,XRPIRT,ICT/SMC v2,short,455.0,a,360140.5,355315.2157811589,,,,0.5,,2412.642109420558,4765681.1675992785,TP1,,
2026-09-28T04:04:07.919039+00:00,close,bot2,SUIIRT,ICT/SMC v2,long,440.0,b,294445.5,294445.5,,,,0.6792,,0.0,4765681.1675992785,SL,,
2026-09-28T20:18:31.009085+00:00,close,bot2,ADAIRT,Supertrend+ADX,short,456,a,59744.5,61239.37229790674,,,,5.021382,,-7506.324849007536,4758174.842750271,SL,,
2026-09-28T20:18:31.371305+00:00,close,bot2,ADAIRT,Supertrend+ADX,short,456,b,59744.5,61239.37229790674,,,,5.021382,,-7506.324849007536,4750668.517901263,SL,,
2026-09-28T20:18:39.504965+00:00,close,bot2,ARBIRT,Supertrend+ADX,long,419,a,52696.0,50698.12244797794,,,,5.693,,-11373.91690366158,4739294.600997602,SL,,
2026-09-28T20:18:39.913055+00:00,close,bot2,ARBIRT,Supertrend+ADX,long,419,b,52696.0,50698.12244797794,,,,5.693,,-11373.91690366158,4727920.68409394,SL,,
2026-09-28T20:18:46.301833+00:00,close,bot2,DOGEIRT,ICT/SMC v2,short,452,b,22958.0,22958.0,,,,8.71,,-0.0,4727920.68409394,SL,,
2026-09-28T20:18:52.858954+00:00,close,bot2,ETHIRT,Supertrend+ADX,long,350,a,628086331.5,642230199.9230872,,,,0.000477,,6746.625237812613,4734667.309331752,TP1,,
2026-09-28T20:18:53.560618+00:00,close,bot2,ETHIRT,Supertrend+ADX,long,350,b,628086331.5,656374068.3461746,,,,0.000478,,13521.538212471458,4748188.847544224,TP2,,
2026-09-28T20:18:58.400741+00:00,close,bot2,ETHIRT,ICT/SMC v2,long,371,b,622473438.0,641188467.6031694,,,,0.000321,,6007.524502617391,4754196.372046841,TP2,,
2026-09-28T20:19:03.387311+00:00,close,bot2,FLOKIIRT,ICT/SMC v2,long,471,a,6.696244999999999,6.580386749765243,,,,29867.4,,-3460.3847030615725,4750735.98734378,SL,,
2026-09-28T20:19:03.723072+00:00,close,bot2,FLOKIIRT,ICT/SMC v2,long,471,b,6.696244999999999,6.580386749765243,,,,29867.5,,-3460.396288886596,4747275.591054893,SL,,
2026-09-28T20:19:10.032304+00:00,close,bot2,GRAMIRT,ICT/SMC v2,long,473,a,385276.0,399003.4949404631,,,,0.5191,,7125.942623594397,4754401.533678488,TP1,,
2026-09-28T20:19:17.936694+00:00,close,bot2,LINKIRT,ICT/SMC v2,long,364,b,3245226.0,3449900.314296762,,,,0.0616,,12607.93776068054,4767009.471439169,TP2,,
2026-09-28T20:19:21.994182+00:00,close,bot2,NOTIRT,Supertrend+ADX,long,441,a,122.35,118.88863015293188,,,,2451.9,,-8486.932728026306,4758522.538711143,SL,,
2026-09-28T20:19:22.447392+00:00,close,bot2,NOTIRT,Supertrend+ADX,long,441,b,122.35,118.88863015293188,,,,2451.9,,-8486.932728026306,4750035.605983117,SL,,
2026-09-28T20:19:24.542474+00:00,close,bot2,NOTIRT,ICT/SMC v2,short,464,b,124.0,124.0,,,,1612.9,,-0.0,4750035.605983117,SL,,
2026-09-28T20:19:41.541547+00:00,close,bot2,SOLIRT,ICT/SMC v2,short,469,a,28867466.5,29150023.80128215,,,,0.006,,-1695.3438076928928,4748340.262175424,SL,,
2026-09-28T20:19:41.939254+00:00,close,bot2,SOLIRT,ICT/SMC v2,short,469,b,28867466.5,29150023.80128215,,,,0.006,,-1695.3438076928928,4746644.918367731,SL,,
2026-09-28T20:19:48.040588+00:00,close,bot2,TIAIRT,Supertrend+ADX,long,302,b,110938.0,110938.0,,,,2.7042,,0.0,4746644.918367731,SL,,
2026-09-28T20:20:01.526276+00:00,close,bot2,XLMIRT,Supertrend+ADX,short,475,a,50356.35,52284.450878364754,,,,5.9575,,-11486.660982858031,4735158.257384873,SL,,
2026-09-28T20:20:01.903301+00:00,close,bot2,XLMIRT,Supertrend+ADX,short,475,b,50356.35,52284.450878364754,,,,5.9575,,-11486.660982858031,4723671.596402015,SL,,
2026-09-28T20:20:07.323694+00:00,close,bot2,XRPIRT,Supertrend+ADX,short,450,a,358910.5,365137.65163150046,,,,0.8,,-4981.721305200364,4718689.875096815,SL,,
2026-09-28T20:20:07.659442+00:00,close,bot2,XRPIRT,Supertrend+ADX,short,450,b,358910.5,365137.65163150046,,,,0.8,,-4981.721305200364,4713708.153791614,SL,,
2026-09-28T20:20:10.160078+00:00,close,bot2,XRPIRT,ICT/SMC v2,short,455,b,360140.5,360140.5,,,,0.6,,-0.0,4713708.153791614,SL,,
2026-09-28T20:33:39.694489+00:00,open,bot2,DOGSIRT,ICT/SMC v2,short,476,,11.629999999999999,,11.826179649765656,11.335730525351513,11.041461050703028,34393.8,400000.0,,,,,3
2026-09-28T21:19:26.093331+00:00,open,bot2,XRPIRT,ICT/SMC v2,short,477,,363865.5,,369077.0902187867,356048.11467182,348230.72934364004,1.0,400000.0,,,,,3
2026-09-28T21:33:43.064673+00:00,close,bot2,GRAMIRT,ICT/SMC v2,long,473,b,385276.0,385276.0,,,,0.51911,,0.0,4713708.153791614,SL,,
2026-09-28T22:18:36.594217+00:00,open,bot2,BTCIRT,ICT/SMC v2,long,478,,20516428022.5,,20407175705.20063,20680306498.44905,20844184974.398106,1.949e-05,400000.0,,,,,3
2026-09-28T22:48:53.156740+00:00,open,bot2,NOTIRT,ICT/SMC v2,short,479,,121.1,,122.79279991549443,118.56080012675837,116.02160025351674,3303.0,400000.0,,,,,3
2026-09-28T23:04:24.538952+00:00,close,bot2,XRPIRT,ICT/SMC v2,short,477,a,363865.5,369077.0902187867,,,,0.5,,-2605.795109393337,4711102.358682221,SL,,
2026-09-28T23:04:25.066505+00:00,close,bot2,XRPIRT,ICT/SMC v2,short,477,b,363865.5,369077.0902187867,,,,0.5,,-2605.795109393337,4708496.563572828,SL,,
2026-09-28T23:18:38.492182+00:00,open,bot2,DOGEIRT,ICT/SMC v2,short,480,,23094.5,,23365.343961805866,22688.234057291203,22281.968114582403,17.32,400000.0,,,,,3
2026-09-28T23:18:45.826681+00:00,open,bot2,FLOKIIRT,ICT/SMC v2,short,481,,6.621565,,6.7052876749416015,6.495980987587598,6.370396975175194,60408.6,400000.0,,,,,3
2026-09-28T23:19:05.507699+00:00,open,bot2,SOLIRT,ICT/SMC v2,short,482,,29291214.0,,29568243.049231376,28875670.426152937,28460126.85230588,0.013,400000.0,,,,,4
2026-09-28T23:19:21.690854+00:00,open,bot2,XRPIRT,ICT/SMC v2,short,483,,368721.5,,373210.18569494825,361988.4714575777,355255.4429151554,1.0,400000.0,,,,,3
2026-09-28T23:48:59.466153+00:00,open,bot2,SHIBIRT,ICT/SMC v2,short,484,,1.39875,,1.417196251704389,1.3710806224434164,1.343411244886833,285969.6,400000.0,,,,,3
2026-09-29T00:03:47.670172+00:00,close,bot2,NOTIRT,ICT/SMC v2,short,479,a,121.1,122.79279991549443,,,,1651.5,,-2795.6590604390562,4705700.904512389,SL,,
2026-09-29T00:03:48.140713+00:00,close,bot2,NOTIRT,ICT/SMC v2,short,479,b,121.1,122.79279991549443,,,,1651.5,,-2795.6590604390562,4702905.24545195,SL,,
2026-09-29T00:18:41.210602+00:00,close,bot2,DOGSIRT,ICT/SMC v2,short,476,a,11.629999999999999,11.826179649765656,,,,17196.9,,-3373.68181905503,4699531.563632894,SL,,
2026-09-29T00:18:41.705567+00:00,close,bot2,DOGSIRT,ICT/SMC v2,short,476,b,11.629999999999999,11.826179649765656,,,,17196.9,,-3373.68181905503,4696157.881813839,SL,,
2026-09-29T00:34:05.287504+00:00,close,bot2,TRBIRT,Supertrend+ADX,short,474,a,4559443.0,4705233.087038421,,,,0.0657,,-9578.408718424263,4686579.473095415,SL,,
2026-09-29T00:34:05.826785+00:00,close,bot2,TRBIRT,Supertrend+ADX,short,474,b,4559443.0,4705233.087038421,,,,0.0658,,-9592.987727128106,4676986.485368287,SL,,
2026-09-29T00:48:32.334409+00:00,close,bot2,DOGEIRT,ICT/SMC v2,short,480,a,23094.5,23365.343961805866,,,,8.66,,-2345.5087092387957,4674640.976659048,SL,,
2026-09-29T00:48:32.793414+00:00,close,bot2,DOGEIRT,ICT/SMC v2,short,480,b,23094.5,23365.343961805866,,,,8.66,,-2345.5087092387957,4672295.4679498095,SL,,
2026-09-29T01:18:38.316738+00:00,open,bot2,ETHIRT,ICT/SMC v2,long,485,,662023161.5,,657778194.8846089,668390611.4230868,674758061.3461735,0.000604,400000.0,,,,,3
2026-09-29T01:19:18.763596+00:00,open,bot2,XLMIRT,ICT/SMC v2,long,486,,56026.0,,54795.37968990008,57871.930465149875,59717.86093029975,7.1395,400000.0,,,,,4
2026-09-29T01:33:31.244864+00:00,open,bot2,BTCIRT,Supertrend+ADX,short,487,,20612256134.5,,20802897075.7611,20326294722.608353,20040333310.7167,2.91e-05,600000.0,,,,15.39,
2026-09-29T01:33:50.116034+00:00,open,bot2,LINKIRT,ICT/SMC v2,long,488,,3803797.0,,3709761.2243884755,3944850.6634172867,4085904.326834574,0.1051,400000.0,,,,,3
2026-09-29T01:33:53.038217+00:00,open,bot2,NOTIRT,Supertrend+ADX,short,489,,120.94999999999999,,124.37070743398063,115.81893884902904,110.68787769805809,4960.7,600000.0,,,,17.08,
2026-09-29T01:34:17.553991+00:00,open,bot2,TRBIRT,Supertrend+ADX,short,490,,4635094.0,,4778059.943136985,4420645.085294521,4206196.170589043,0.1294,600000.0,,,,18.51,
2026-09-29T01:34:21.376242+00:00,open,bot2,TRXIRT,Supertrend+ADX,short,491,,83195.0,,83532.20966703923,82689.18549944116,82183.3709988823,7.21,600000.0,,,,19.28,
2026-09-29T01:49:19.802586+00:00,open,bot2,TRBIRT,ICT/SMC v2,long,492,,4637748.0,,4567723.974489327,4742784.038266009,4847820.076532019,0.0862,400000.0,,,,,4
2026-09-29T02:04:14.176497+00:00,close,bot2,TRXIRT,Supertrend+ADX,short,491,a,83195.0,83532.20966703923,,,,3.6,,-1213.9548013412452,4671081.513148468,SL,,
2026-09-29T02:04:14.731574+00:00,close,bot2,TRXIRT,Supertrend+ADX,short,491,b,83195.0,83532.20966703923,,,,3.61,,-1217.3268980116375,4669864.186250457,SL,,
2026-09-29T02:34:07.019691+00:00,open,bot2,PEPEIRT,ICT/SMC v2,short,493,,1.02077,,1.041333440057378,0.989924839913933,0.959079679827866,391861.0,400000.0,,,,,4
2026-09-29T03:03:41.159937+00:00,close,bot2,ETHIRT,ICT/SMC v2,long,485,a,662023161.5,657778194.8846089,,,,0.000302,,-1281.979917848123,4668582.206332608,SL,,
2026-09-29T03:03:41.660580+00:00,close,bot2,ETHIRT,ICT/SMC v2,long,485,b,662023161.5,657778194.8846089,,,,0.000302,,-1281.979917848123,4667300.22641476,SL,,
2026-09-29T03:04:14.839060+00:00,open,bot2,TIAIRT,ICT/SMC v2,short,494,,106399.5,,108841.61736309122,102736.32395536316,99073.14791072631,3.7594,400000.0,,,,,3
2026-09-29T03:18:49.144497+00:00,close,bot2,LINKIRT,ICT/SMC v2,long,488,a,3803797.0,3709761.2243884755,,,,0.0525,,-4936.878219605034,4662363.348195154,SL,,
2026-09-29T03:18:49.511909+00:00,close,bot2,LINKIRT,ICT/SMC v2,long,488,b,3803797.0,3709761.2243884755,,,,0.0526,,-4946.281797166187,4657417.066397988,SL,,
2026-09-29T03:18:56.447109+00:00,open,bot2,NOTIRT,ICT/SMC v2,short,495,,120.44999999999999,,122.23534479286687,117.77198281069967,115.09396562139932,3320.8,400000.0,,,,,3
2026-09-29T03:49:03.306332+00:00,open,bot2,SEIIRT,ICT/SMC v2,short,496,,18566.0,,18978.152747324923,17947.770879012613,17329.54175802523,21.5,400000.0,,,,,4
2026-09-29T03:49:12.699581+00:00,open,bot2,SUIIRT,ICT/SMC v2,short,497,,277926.0,,284598.6209399698,267917.06859004527,257908.13718009053,1.4392,400000.0,,,,,5
