event_time_utc,event_type,bot_name,symbol,source,direction,trade_id,lot,entry_price,exit_price,sl,tp1,tp2,quantity,notional_irt,pnl_irt,balance_after_irt,exit_reason,adx_value,signal_score,timeframe,session,candle_time,raw_direction,leverage,margin_irt,market_snapshot
2026-09-14T06:15:57.058879+00:00,open,,ADAIRT,ICT/SMC Scalp Pro,short,,,48615.5,,49087.61528683455,47907.32706974818,47199.15413949634,4.113914,200000.0,,,,,,,,,,,,
2026-09-14T06:16:24.831989+00:00,open,,SEIIRT,ICT/SMC Scalp Pro,long,,,10492.5,,10409.231795287782,10617.402307068329,10742.304614136656,19.0,200000.0,,,,,,,,,,,,
2026-09-14T06:16:27.867768+00:00,open,,SHIBIRT,ICT/SMC Scalp Pro,short,,,1.22425,,1.23608616224546,1.2064957566318102,1.1887415132636203,163365.3,200000.0,,,,,,,,,,,,
2026-09-14T06:16:31.125705+00:00,open,,SOLIRT,ICT/SMC Scalp Pro,short,,,23665168.5,,23827486.24683993,23421691.879740104,23178215.25948021,0.008,200000.0,,,,,,,,,,,,
2026-09-14T06:16:41.422318+00:00,open,,TRXIRT,Supertrend+ADX,short,,,79062.0,,79484.73048252906,78427.9042762064,77793.80855241281,7.58,600000.0,,,,,,,,,,,,
2026-09-14T06:46:31.621820+00:00,open,,XRPIRT,ICT/SMC Scalp Pro,short,,,321229.5,,323996.9303966963,317078.3544049555,312927.20880991104,0.6,200000.0,,,,,,,,,,,,
2026-09-14T07:01:06.079938+00:00,open,,DOGSIRT,ICT/SMC Scalp Pro,long,,,12.365,,12.18035509810929,12.641967352836067,12.918934705672132,16174.6,200000.0,,,,,,,,,,,,
2026-09-14T07:01:22.119535+00:00,close,,SEIIRT,ICT/SMC Scalp Pro,long,,,10492.5,10401.5,,,,9.5,,-864.5,3999135.5,SL,,,,,,,,,
2026-09-14T07:01:22.619535+00:00,close,,SEIIRT,ICT/SMC Scalp Pro,long,,,10492.5,10401.5,,,,9.5,,-864.5,3998271.0,SL,,,,,,,,,
2026-09-14T07:01:42.202220+00:00,open,,XLMIRT,ICT/SMC Scalp Pro,short,,,42842.15,,43230.378246281965,42259.807630577045,41677.465261154095,4.6682,200000.0,,,,,,,,,,,,
2026-09-14T07:15:42.269694+00:00,open,,BTCIRT,ICT/SMC Scalp Pro,short,,,18016635379.0,,18099655668.338223,17892104944.99266,17767574510.985325,1.11e-05,200000.0,,,,,,,,,,,,
2026-09-14T07:15:48.473625+00:00,open,,ETHIRT,ICT/SMC Scalp Pro,short,,,585332799.0,,588751437.4588858,580204841.3116714,575076883.6233429,0.000341,200000.0,,,,,,,,,,,,
2026-09-14T07:31:14.012682+00:00,open,,SEIIRT,ICT/SMC Scalp Pro,long,,,10405.0,,10322.720750326507,10528.418874510236,10651.837749020477,19.2,200000.0,,,,,,,,,,,,
2026-09-14T09:03:30.150213+00:00,open,,TRXIRT,ICT/SMC Scalp Pro,short,,,78996.5,,79158.75682656937,78753.11476014592,78509.72952029185,2.53,200000.0,,,,,,,,,,,,
2026-09-14T09:31:01.033395+00:00,open,,DOGEIRT,ICT/SMC Scalp Pro,short,,,19520.5,,19635.305308765484,19348.29203685177,19176.084073703536,10.24,200000.0,,,,,,,,,,,,
2026-09-14T10:00:53.337543+00:00,close,,ADAIRT,ICT/SMC Scalp Pro,short,,,48615.5,49165.5,,,,2.056957,,-1131.32635,3997139.67365,SL,,,,,,,,,
2026-09-14T10:00:53.837543+00:00,close,,ADAIRT,ICT/SMC Scalp Pro,short,,,48615.5,49165.5,,,,2.056957,,-1131.32635,3996008.3472999996,SL,,,,,,,,,
2026-09-14T10:00:59.196748+00:00,close,,BTCIRT,ICT/SMC Scalp Pro,short,,,18016635379.0,18128188382.0,,,,5.55e-06,,-619.11916665,3995389.2281333497,SL,,,,,,,,,
2026-09-14T10:00:59.696748+00:00,close,,BTCIRT,ICT/SMC Scalp Pro,short,,,18016635379.0,18128188382.0,,,,5.55e-06,,-619.11916665,3994770.1089667,SL,,,,,,,,,
2026-09-14T10:01:02.892899+00:00,close,,DOGEIRT,ICT/SMC Scalp Pro,short,,,19520.5,19647.5,,,,5.12,,-650.24,3994119.8689666996,SL,,,,,,,,,
2026-09-14T10:01:03.392899+00:00,close,,DOGEIRT,ICT/SMC Scalp Pro,short,,,19520.5,19647.5,,,,5.12,,-650.24,3993469.6289666994,SL,,,,,,,,,
2026-09-14T10:01:07.176466+00:00,open,,DOGEIRT,ICT/SMC Scalp Pro,short,,,19647.5,,19772.7173242594,19459.6740136109,19271.8480272218,10.17,200000.0,,,,,,,,,,,,
2026-09-14T10:01:14.048857+00:00,open,,FLOKIIRT,ICT/SMC Scalp Pro,short,,,5.78175,,5.829436623934203,5.710220064098694,5.638690128197388,34591.6,200000.0,,,,,,,,,,,,
2026-09-14T10:01:37.527634+00:00,close,,TRXIRT,ICT/SMC Scalp Pro,short,,,78996.5,79202.5,,,,1.26,,-259.56,3993210.0689666993,SL,,,,,,,,,
2026-09-14T10:01:38.027634+00:00,close,,TRXIRT,ICT/SMC Scalp Pro,short,,,78996.5,79202.5,,,,1.26,,-259.56,3992950.5089666992,SL,,,,,,,,,
2026-09-14T10:01:41.019083+00:00,open,,TRXIRT,ICT/SMC Scalp Pro,short,,,79202.5,,79357.32584421939,78970.2612336709,78738.02246734178,2.52,200000.0,,,,,,,,,,,,
2026-09-14T10:01:46.494156+00:00,close,,XRPIRT,ICT/SMC Scalp Pro,short,,,321229.5,325690.5,,,,0.3,,-1338.3,3991612.2089666994,SL,,,,,,,,,
2026-09-14T10:01:46.994156+00:00,close,,XRPIRT,ICT/SMC Scalp Pro,short,,,321229.5,325690.5,,,,0.3,,-1338.3,3990273.9089666996,SL,,,,,,,,,
2026-09-14T10:01:50.086829+00:00,open,,XRPIRT,ICT/SMC Scalp Pro,short,,,325690.5,,328520.6963429055,321445.2054856418,317199.9109712836,0.6,200000.0,,,,,,,,,,,,
2026-09-14T10:15:57.092101+00:00,open,,LINKIRT,ICT/SMC Scalp Pro,long,,,2652608.5,,2631885.860534453,2683692.459198321,2714776.418396642,0.0753,200000.0,,,,,,,,,,,,
2026-09-14T10:16:22.203956+00:00,close,,XLMIRT,ICT/SMC Scalp Pro,short,,,42842.15,43398.600000000006,,,,2.3341,,-1298.809945000027,3988975.0990216997,SL,,,,,,,,,
2026-09-14T10:16:22.703956+00:00,close,,XLMIRT,ICT/SMC Scalp Pro,short,,,42842.15,43398.600000000006,,,,2.3341,,-1298.809945000027,3987676.2890767,SL,,,,,,,,,
2026-09-14T10:16:25.581985+00:00,open,,XLMIRT,ICT/SMC Scalp Pro,short,,,43375.350000000006,,43801.2607682289,42736.483847656666,42097.61769531333,4.6109,200000.0,,,,,,,,,,,,
2026-09-14T10:31:01.503893+00:00,open,,GRAMIRT,ICT/SMC Scalp Pro,long,,,313627.5,,312263.3060658392,315673.79090124124,317720.08180248254,0.63769,200000.0,,,,,,,,,,,,
2026-09-14T10:46:06.348098+00:00,open,,SUIIRT,ICT/SMC Scalp Pro,short,,,168680.0,,170192.28317041098,166411.5752443835,164143.15048876702,1.1856,200000.0,,,,,,,,,,,,
2026-09-14T11:01:36.324726+00:00,close,,XLMIRT,ICT/SMC Scalp Pro,short,,,43375.350000000006,43895.100000000006,,,,2.3054,,-1198.2316500000002,3986478.0574267,SL,,,,,,,,,
2026-09-14T11:01:36.711159+00:00,close,,XLMIRT,ICT/SMC Scalp Pro,short,,,43375.350000000006,43895.100000000006,,,,2.3055,,-1198.283625,3985279.7738016997,SL,,,,,,,,,
2026-09-14T11:15:49.325408+00:00,open,,ARBIRT,ICT/SMC Scalp Pro,long,,,31265.0,,30840.0441587963,31902.43376180555,32539.867523611098,6.3969,200000.0,,,,,,,,,,,,
2026-09-14T11:15:55.128308+00:00,close,,DOGSIRT,ICT/SMC Scalp Pro,long,,,12.365,12.15,,,,8087.3,,-1738.769499999999,3983541.0043017,SL,,,,,,,,,
2026-09-14T11:15:55.628308+00:00,close,,DOGSIRT,ICT/SMC Scalp Pro,long,,,12.365,12.15,,,,8087.3,,-1738.769499999999,3981802.2348017,SL,,,,,,,,,
2026-09-14T11:16:12.359001+00:00,open,,NOTIRT,ICT/SMC Scalp Pro,short,,,103.35,,104.43951586050184,101.71572620924724,100.08145241849448,1935.1,200000.0,,,,,,,,,,,,
2026-09-14T11:16:30.152274+00:00,close,,TRXIRT,ICT/SMC Scalp Pro,short,,,79202.5,78886.5,,,,1.26,,398.16,3982200.3948017,TP1,,,,,,,,,
2026-09-14T11:16:36.436062+00:00,open,,XLMIRT,ICT/SMC Scalp Pro,short,,,44347.25,,44829.74640077707,43623.5053988344,42899.7607976688,4.5098,200000.0,,,,,,,,,,,,
2026-09-14T11:31:05.633156+00:00,open,,HBARIRT,ICT/SMC Scalp Pro,short,,,17900.0,,18030.459898514324,17704.31015222851,17508.62030445702,11.1731,200000.0,,,,,,,,,,,,
2026-09-14T11:31:26.188212+00:00,open,,TRBIRT,ICT/SMC Scalp Pro,short,,,3989419.5,,4012115.233050601,3955375.9004240977,3921332.3008481953,0.0501,200000.0,,,,,,,,,,,,
2026-09-14T12:01:39.996163+00:00,close,,TRXIRT,ICT/SMC Scalp Pro,short,,,79202.5,78738.02246734178,,,,1.26,,585.241691149353,3982785.6364928493,TP2,,,,,,,,,
2026-09-14T12:16:00.427712+00:00,close,,NOTIRT,ICT/SMC Scalp Pro,short,,,103.35,104.43951586050184,,,,967.5,,-1054.1065950355242,3981731.5298978137,SL,,,,,,,,,
2026-09-14T12:16:00.927712+00:00,close,,NOTIRT,ICT/SMC Scalp Pro,short,,,103.35,104.43951586050184,,,,967.5,,-1054.1065950355242,3980677.423302778,SL,,,,,,,,,
2026-09-14T12:16:25.684756+00:00,open,,TRXIRT,ICT/SMC Scalp Pro,short,,,79112.5,,79259.3775993048,78892.1836010428,78671.86720208559,2.52,200000.0,,,,,,,,,,,,
2026-09-14T12:31:35.444406+00:00,close,,TRXIRT,ICT/SMC Scalp Pro,short,,,79112.5,78892.1836010428,,,,1.26,,277.5986626860793,3980955.021965464,TP1,,,,,,,,,
2026-09-14T12:31:36.691116+00:00,close,,TRXIRT,ICT/SMC Scalp Pro,short,,,79112.5,79112.5,,,,1.26,,-0.0,3980955.021965464,SL,,,,,,,,,
2026-09-14T12:46:38.216370+00:00,close,,XLMIRT,ICT/SMC Scalp Pro,short,,,44347.25,44829.74640077707,,,,2.2549,,-1087.9811341122122,3979867.040831352,SL,,,,,,,,,
2026-09-14T12:46:38.716370+00:00,close,,XLMIRT,ICT/SMC Scalp Pro,short,,,44347.25,44829.74640077707,,,,2.2549,,-1087.9811341122122,3978779.05969724,SL,,,,,,,,,
2026-09-14T12:46:43.003452+00:00,open,,XLMIRT,ICT/SMC Scalp Pro,short,,,44667.9,,45268.95020501877,43766.32469247184,42864.74938494368,4.4774,200000.0,,,,,,,,,,,,
2026-09-14T13:00:59.447777+00:00,close,,DOGEIRT,ICT/SMC Scalp Pro,short,,,19647.5,19459.6740136109,,,,5.08,,954.1560108566272,3979733.215708097,TP1,,,,,,,,,
2026-09-14T13:01:04.215435+00:00,open,,DOGSIRT,Supertrend+ADX,long,,,12.02,,11.703417071335007,12.494874392997485,12.969748785994971,49916.8,600000.0,,,,,,,,,,,,
2026-09-14T13:01:09.574804+00:00,close,,FLOKIIRT,ICT/SMC Scalp Pro,short,,,5.78175,5.710220064098694,,,,17295.8,,1237.1674653618038,3980970.3831734587,TP1,,,,,,,,,
2026-09-14T13:01:19.594792+00:00,close,,LINKIRT,ICT/SMC Scalp Pro,long,,,2652608.5,2631885.860534453,,,,0.0376,,-779.1712439045735,3980191.211929554,SL,,,,,,,,,
2026-09-14T13:01:20.002188+00:00,close,,LINKIRT,ICT/SMC Scalp Pro,long,,,2652608.5,2631885.860534453,,,,0.0377,,-781.2435078511281,3979409.968421703,SL,,,,,,,,,
2026-09-14T13:01:23.485505+00:00,open,,LINKIRT,ICT/SMC Scalp Pro,long,,,2625938.5,,2606428.9941531555,2655202.7587702665,2684467.017540533,0.0761,200000.0,,,,,,,,,,,,
2026-09-14T13:01:43.462084+00:00,close,,TRBIRT,ICT/SMC Scalp Pro,short,,,3989419.5,3955375.9004240977,,,,0.025,,851.0899893975584,3980261.058411101,TP1,,,,,,,,,
2026-09-14T13:15:46.866199+00:00,open,,DOGEIRT,Supertrend+ADX,long,,,19397.5,,19121.717878269697,19811.17318259545,20224.8463651909,30.93,600000.0,,,,,,,,,,,,
2026-09-14T13:15:52.217360+00:00,close,,ETHIRT,ICT/SMC Scalp Pro,short,,,585332799.0,580204841.3116714,,,,0.00017,,871.7528070158661,3981132.811218117,TP1,,,,,,,,,
2026-09-14T13:15:54.994351+00:00,open,,ETHIRT,Supertrend+ADX,long,,,580447531.5,,573666999.4126382,590618329.6310427,600789127.7620856,0.001033,600000.0,,,,,,,,,,,,
2026-09-14T13:16:01.260484+00:00,close,,GRAMIRT,ICT/SMC Scalp Pro,long,,,313627.5,312263.3060658392,,,,0.31884,,-434.9595939678322,3980697.851624149,SL,,,,,,,,,
2026-09-14T13:16:01.760484+00:00,close,,GRAMIRT,ICT/SMC Scalp Pro,long,,,313627.5,312263.3060658392,,,,0.31884,,-434.9595939678322,3980262.892030181,SL,,,,,,,,,
2026-09-14T13:16:04.912110+00:00,open,,GRAMIRT,ICT/SMC Scalp Pro,long,,,312485.5,,310851.5521945591,314936.4217081614,317387.3434163229,0.64002,200000.0,,,,,,,,,,,,
2026-09-14T13:16:36.136334+00:00,close,,XRPIRT,ICT/SMC Scalp Pro,short,,,325690.5,321445.2054856418,,,,0.3,,1273.5883543074654,3981536.4803844886,TP1,,,,,,,,,
2026-09-14T13:30:55.442280+00:00,open,,BTCIRT,ICT/SMC Scalp Pro,short,,,18053837622.5,,18135339803.64534,17931584350.78199,17809331079.063976,1.107e-05,200000.0,,,,,,,,,,,,
2026-09-14T13:46:31.148700+00:00,open,,TRXIRT,ICT/SMC Scalp Pro,short,,,79144.5,,79289.65580171793,78926.7662974231,78709.03259484623,2.52,200000.0,,,,,,,,,,,,
2026-09-14T14:01:40.427787+00:00,close,,BTCIRT,ICT/SMC Scalp Pro,short,,,18053837622.5,18135339803.64534,,,,5.53e-06,,-450.70706173373,3981085.773322755,SL,,,,,,,,,
2026-09-14T14:01:40.795861+00:00,close,,BTCIRT,ICT/SMC Scalp Pro,short,,,18053837622.5,18135339803.64534,,,,5.54e-06,,-451.5220835451834,3980634.25123921,SL,,,,,,,,,
2026-09-14T14:01:44.981157+00:00,open,,BTCIRT,ICT/SMC Scalp Pro,short,,,18104659462.5,,18199368963.531887,17962595210.952168,17820530959.404335,1.104e-05,200000.0,,,,,,,,,,,,
2026-09-14T14:01:54.965528+00:00,open,,DOGSIRT,ICT/SMC Scalp Pro,long,,,12.065,,11.90392256018214,12.306616159726788,12.548232319453575,16576.8,200000.0,,,,,,,,,,,,
2026-09-14T14:02:34.195566+00:00,close,,TRXIRT,ICT/SMC Scalp Pro,short,,,79144.5,78926.7662974231,,,,1.26,,274.3444652468863,3980908.595704457,TP1,,,,,,,,,
2026-09-14T14:02:34.943740+00:00,close,,TRXIRT,ICT/SMC Scalp Pro,short,,,79144.5,79144.5,,,,1.26,,-0.0,3980908.595704457,SL,,,,,,,,,
2026-09-14T14:17:27.355363+00:00,open,,TRXIRT,ICT/SMC Scalp Pro,short,,,78621.0,,78779.33904712037,78383.49142931945,78145.9828586389,2.54,200000.0,,,,,,,,,,,,
2026-09-14T14:31:20.781238+00:00,close,,SEIIRT,ICT/SMC Scalp Pro,long,,,10405.0,10322.720750326507,,,,9.6,,-789.880796865531,3980118.714907591,SL,,,,,,,,,
2026-09-14T14:31:21.281238+00:00,close,,SEIIRT,ICT/SMC Scalp Pro,long,,,10405.0,10322.720750326507,,,,9.6,,-789.880796865531,3979328.8341107257,SL,,,,,,,,,
2026-09-14T14:31:27.308675+00:00,close,,SOLIRT,ICT/SMC Scalp Pro,short,,,23665168.5,23421691.879740104,,,,0.004,,973.9064810395836,3980302.7405917654,TP1,,,,,,,,,
2026-09-14T14:31:40.194911+00:00,close,,TRXIRT,ICT/SMC Scalp Pro,short,,,78621.0,78779.33904712037,,,,1.27,,-201.09058984287591,3980101.6500019226,SL,,,,,,,,,
2026-09-14T14:31:40.694911+00:00,close,,TRXIRT,ICT/SMC Scalp Pro,short,,,78621.0,78779.33904712037,,,,1.27,,-201.09058984287591,3979900.55941208,SL,,,,,,,,,
2026-09-14T14:31:45.545567+00:00,close,,XLMIRT,ICT/SMC Scalp Pro,short,,,44667.9,43766.32469247184,,,,2.2387,,2018.356640963294,3981918.916053043,TP1,,,,,,,,,
2026-09-14T14:47:54.488984+00:00,close,,HBARIRT,ICT/SMC Scalp Pro,short,,,17900.0,17704.31015222851,,,,5.5865,,1093.2213345754258,3983012.1373876184,TP1,,,,,,,,,
2026-09-14T14:53:03.679199+00:00,open,,SEIIRT,ICT/SMC Scalp Pro,long,,,10254.0,,10149.447891266513,10410.82816310023,10567.65632620046,19.5,200000.0,,,,,,,,,,,,
2026-09-14T14:53:11.242334+00:00,close,,SUIIRT,ICT/SMC Scalp Pro,short,,,168680.0,166411.5752443835,,,,0.5928,,1344.7221951294564,3984356.859582748,TP1,,,,,,,,,
2026-09-14T15:01:34.955527+00:00,close,,SHIBIRT,ICT/SMC Scalp Pro,short,,,1.22425,1.2064957566318102,,,,81682.6,,1450.212759346506,3985807.0723420945,TP1,,,,,,,,,
2026-09-14T15:15:44.231595+00:00,close,,DOGEIRT,ICT/SMC Scalp Pro,short,,,19647.5,19271.8480272218,,,,5.09,,1912.0685414410364,3987719.1408835356,TP2,,,,,,,,,
2026-09-14T15:15:52.894759+00:00,close,,ETHIRT,ICT/SMC Scalp Pro,short,,,585332799.0,575076883.6233429,,,,0.00017,,1743.505614031712,3989462.646497567,TP2,,,,,,,,,
2026-09-14T15:16:29.977221+00:00,close,,TRXIRT,Supertrend+ADX,short,,,79062.0,78427.9042762064,,,,3.79,,2403.222793177724,3991865.869290745,TP1,,,,,,,,,
2026-09-14T15:31:31.473350+00:00,close,,GRAMIRT,ICT/SMC Scalp Pro,long,,,312485.5,310851.5521945591,,,,0.32001,,-522.8796372191509,3991342.989653526,SL,,,,,,,,,
2026-09-14T15:31:31.973350+00:00,close,,GRAMIRT,ICT/SMC Scalp Pro,long,,,312485.5,310851.5521945591,,,,0.32001,,-522.8796372191509,3990820.110016307,SL,,,,,,,,,
2026-09-14T15:46:03.473550+00:00,open,,NOTIRT,ICT/SMC Scalp Pro,short,,,105.95,,107.71029789421546,103.30955315867682,100.66910631735362,1887.6,200000.0,,,,,,,,,,,,
2026-09-14T16:00:56.200669+00:00,close,,BTCIRT,ICT/SMC Scalp Pro,short,,,18104659462.5,17962595210.952168,,,,5.52e-06,,784.1946685440353,3991604.304684851,TP1,,,,,,,,,
2026-09-14T16:01:09.951306+00:00,close,,FLOKIIRT,ICT/SMC Scalp Pro,short,,,5.78175,5.638690128197388,,,,17295.8,,2474.334930723608,3994078.6396155744,TP2,,,,,,,,,
2026-09-14T16:01:17.510989+00:00,close,,HBARIRT,ICT/SMC Scalp Pro,short,,,17900.0,17508.62030445702,,,,5.5866,,2186.481807120406,3996265.121422695,TP2,,,,,,,,,
2026-09-14T16:01:27.416121+00:00,open,,PEPEIRT,ICT/SMC Scalp Pro,short,,,0.79642,,0.8085638595051875,0.7782042107422189,0.7599884214844378,251123.7,200000.0,,,,,,,,,,,,
2026-09-14T16:01:42.601435+00:00,close,,TRBIRT,ICT/SMC Scalp Pro,short,,,3989419.5,3921332.3008481953,,,,0.025,,1702.1799787951168,3997967.3014014903,TP2,,,,,,,,,
2026-09-14T16:01:45.967990+00:00,close,,TRXIRT,Supertrend+ADX,short,,,79062.0,77793.80855241281,,,,3.79,,4806.445586355447,4002773.7469878457,TP2,,,,,,,,,
2026-09-14T16:01:48.995352+00:00,open,,TRXIRT,ICT/SMC Scalp Pro,short,,,77973.0,,78151.0022313902,77705.99665291469,77438.9933058294,2.56,200000.0,,,,,,,,,,,,
2026-09-14T16:15:47.381643+00:00,close,,DOGSIRT,ICT/SMC Scalp Pro,long,,,12.065,11.90392256018214,,,,8288.4,,-1335.0742521863583,4001438.6727356594,SL,,,,,,,,,
2026-09-14T16:15:47.881643+00:00,close,,DOGSIRT,ICT/SMC Scalp Pro,long,,,12.065,11.90392256018214,,,,8288.4,,-1335.0742521863583,4000103.598483473,SL,,,,,,,,,
2026-09-14T16:15:52.122708+00:00,close,,ETHIRT,Supertrend+ADX,long,,,580447531.5,573666999.4126382,,,,0.000516,,-3498.754557078695,3996604.8439263944,SL,,,,,,,,,
2026-09-14T16:15:52.592731+00:00,close,,ETHIRT,Supertrend+ADX,long,,,580447531.5,573666999.4126382,,,,0.000517,,-3505.535089166057,3993099.3088372285,SL,,,,,,,,,
2026-09-14T16:16:23.482623+00:00,close,,TRXIRT,ICT/SMC Scalp Pro,short,,,77973.0,77705.99665291469,,,,1.28,,341.76428426919506,3993441.073121498,TP1,,,,,,,,,
2026-09-14T16:16:24.435170+00:00,close,,TRXIRT,ICT/SMC Scalp Pro,short,,,77973.0,77973.0,,,,1.28,,-0.0,3993441.073121498,SL,,,,,,,,,
2026-09-14T16:16:27.621888+00:00,open,,TRXIRT,ICT/SMC Scalp Pro,short,,,77643.0,,77825.04410152591,77369.93384771113,77096.86769542223,2.57,200000.0,,,,,,,,,,,,
2026-09-14T16:16:30.903793+00:00,open,,WIFIRT,ICT/SMC Scalp Pro,long,,,43238.5,,42688.96689170159,44062.79966244762,44887.09932489524,4.62,200000.0,,,,,,,,,,,,
2026-09-14T16:31:08.676932+00:00,open,,HBARIRT,ICT/SMC Scalp Pro,short,,,17730.5,,17888.862439698456,17492.956340452318,17255.412680904636,11.2799,200000.0,,,,,,,,,,,,
2026-09-14T16:31:33.949464+00:00,close,,TRXIRT,ICT/SMC Scalp Pro,short,,,77643.0,77825.04410152591,,,,1.28,,-233.01644995316863,3993208.056671545,SL,,,,,,,,,
2026-09-14T16:31:34.449464+00:00,close,,TRXIRT,ICT/SMC Scalp Pro,short,,,77643.0,77825.04410152591,,,,1.28,,-233.01644995316863,3992975.040221592,SL,,,,,,,,,
2026-09-14T16:46:21.389308+00:00,open,,TRXIRT,ICT/SMC Scalp Pro,short,,,78290.5,,78479.33472635028,78007.24791047457,77723.99582094917,2.55,200000.0,,,,,,,,,,,,
2026-09-14T17:01:07.567320+00:00,open,,ETHIRT,Supertrend+ADX,short,,,578982328.0,,588526886.105338,564665490.8419931,550348653.6839861,0.001036,600000.0,,,,,,,,,,,,
2026-09-14T17:01:46.285151+00:00,close,,XLMIRT,ICT/SMC Scalp Pro,short,,,44667.9,44667.9,,,,2.2387,,-0.0,3992975.040221592,SL,,,,,,,,,
2026-09-14T17:01:49.785508+00:00,close,,XRPIRT,ICT/SMC Scalp Pro,short,,,325690.5,325690.5,,,,0.3,,-0.0,3992975.040221592,SL,,,,,,,,,
2026-09-14T17:15:45.459845+00:00,open,,ARBIRT,Supertrend+ADX,short,,,31870.5,,33128.92663321712,29982.860050174328,28095.22010034865,18.8261,600000.0,,,,,,,,,,,,
2026-09-14T17:16:00.631662+00:00,open,,FLOKIIRT,ICT/SMC Scalp Pro,short,,,5.683960000000001,,5.7421448120794425,5.596682781880839,5.509405563761676,35186.7,200000.0,,,,,,,,,,,,
2026-09-14T17:16:10.401692+00:00,close,,NOTIRT,ICT/SMC Scalp Pro,short,,,105.95,107.71029789421546,,,,943.8,,-1661.3691525605464,3991313.6710690316,SL,,,,,,,,,
2026-09-14T17:16:10.901692+00:00,close,,NOTIRT,ICT/SMC Scalp Pro,short,,,105.95,107.71029789421546,,,,943.8,,-1661.3691525605464,3989652.301916471,SL,,,,,,,,,
2026-09-14T17:16:33.932336+00:00,close,,TRXIRT,ICT/SMC Scalp Pro,short,,,78290.5,78479.33472635028,,,,1.27,,-239.8201024648557,3989412.4818140063,SL,,,,,,,,,
2026-09-14T17:16:34.432336+00:00,close,,TRXIRT,ICT/SMC Scalp Pro,short,,,78290.5,78479.33472635028,,,,1.27,,-239.8201024648557,3989172.6617115415,SL,,,,,,,,,
2026-09-14T17:31:08.860803+00:00,open,,NOTIRT,ICT/SMC Scalp Pro,short,,,107.65,,109.46693935424544,104.92459096863185,102.19918193726367,1857.8,200000.0,,,,,,,,,,,,
2026-09-14T17:45:41.055445+00:00,close,,ARBIRT,ICT/SMC Scalp Pro,long,,,31265.0,31902.43376180555,,,,3.1984,,2038.768143758873,3991211.4298553,TP1,,,,,,,,,
2026-09-14T18:01:12.081426+00:00,close,,FLOKIIRT,ICT/SMC Scalp Pro,short,,,5.683960000000001,5.7421448120794425,,,,17593.3,,-1023.6628543572416,3990187.767000943,SL,,,,,,,,,
2026-09-14T18:01:12.581426+00:00,close,,FLOKIIRT,ICT/SMC Scalp Pro,short,,,5.683960000000001,5.7421448120794425,,,,17593.3,,-1023.6628543572416,3989164.104146586,SL,,,,,,,,,
2026-09-14T18:01:22.520801+00:00,close,,LINKIRT,ICT/SMC Scalp Pro,long,,,2625938.5,2655202.7587702665,,,,0.038,,1112.0418332701288,3990276.145979856,TP1,,,,,,,,,
2026-09-14T18:01:25.885745+00:00,close,,NOTIRT,ICT/SMC Scalp Pro,short,,,107.65,109.46693935424544,,,,928.9,,-1687.7549661585972,3988588.3910136977,SL,,,,,,,,,
2026-09-14T18:01:26.385745+00:00,close,,NOTIRT,ICT/SMC Scalp Pro,short,,,107.65,109.46693935424544,,,,928.9,,-1687.7549661585972,3986900.6360475393,SL,,,,,,,,,
2026-09-14T18:01:42.028796+00:00,close,,SUIIRT,ICT/SMC Scalp Pro,short,,,168680.0,168680.0,,,,0.5928,,-0.0,3986900.6360475393,SL,,,,,,,,,
2026-09-14T18:30:58.158427+00:00,close,,BTCIRT,ICT/SMC Scalp Pro,short,,,18104659462.5,18104659462.5,,,,5.52e-06,,-0.0,3986900.6360475393,SL,,,,,,,,,
2026-09-14T18:31:16.284520+00:00,close,,HBARIRT,ICT/SMC Scalp Pro,short,,,17730.5,17888.862439698456,,,,5.6399,,-893.148323655322,3986007.487723884,SL,,,,,,,,,
2026-09-14T18:31:16.769755+00:00,close,,HBARIRT,ICT/SMC Scalp Pro,short,,,17730.5,17888.862439698456,,,,5.64,,-893.1641598992918,3985114.323563985,SL,,,,,,,,,
2026-09-14T18:31:20.223528+00:00,open,,HBARIRT,ICT/SMC Scalp Pro,short,,,17921.5,,18080.91119277025,17682.383210844626,17443.266421689244,11.1597,200000.0,,,,,,,,,,,,
2026-09-14T18:31:26.782408+00:00,close,,PEPEIRT,ICT/SMC Scalp Pro,short,,,0.79642,0.8085638595051875,,,,125561.8,,-1524.8048584184496,3983589.5187055664,SL,,,,,,,,,
2026-09-14T18:31:27.382868+00:00,close,,PEPEIRT,ICT/SMC Scalp Pro,short,,,0.79642,0.8085638595051875,,,,125561.9,,-1524.8060728044,3982064.712632762,SL,,,,,,,,,
2026-09-14T18:31:31.197682+00:00,open,,PEPEIRT,ICT/SMC Scalp Pro,short,,,0.814605,,0.8275184365827886,0.7952348451258172,0.7758646902516344,245517.7,200000.0,,,,,,,,,,,,
2026-09-14T18:31:36.527379+00:00,close,,SHIBIRT,ICT/SMC Scalp Pro,short,,,1.22425,1.22425,,,,81682.6,,-0.0,3982064.712632762,SL,,,,,,,,,
2026-09-14T18:31:51.261923+00:00,close,,WIFIRT,ICT/SMC Scalp Pro,long,,,43238.5,44062.79966244762,,,,2.31,,1904.1322202540064,3983968.8448530156,TP1,,,,,,,,,
2026-09-14T18:46:10.002026+00:00,close,,SOLIRT,ICT/SMC Scalp Pro,short,,,23665168.5,23665168.5,,,,0.004,,-0.0,3983968.8448530156,SL,,,,,,,,,
2026-09-14T18:46:27.747686+00:00,open,,XRPIRT,ICT/SMC Scalp Pro,short,,,337338.0,,341486.4460732483,331115.3308901275,324892.6617802551,0.5,200000.0,,,,,,,,,,,,
2026-09-14T19:16:22.082811+00:00,open,,TRXIRT,ICT/SMC Scalp Pro,short,,,77958.5,,78162.23786098884,77652.89320851675,77347.28641703348,2.56,200000.0,,,,,,,,,,,,
2026-09-14T19:31:29.628334+00:00,close,,TRXIRT,ICT/SMC Scalp Pro,short,,,77958.5,77652.89320851675,,,,1.28,,391.1766930985637,3984360.0215461142,TP1,,,,,,,,,
2026-09-14T19:31:30.697054+00:00,close,,TRXIRT,ICT/SMC Scalp Pro,short,,,77958.5,77958.5,,,,1.28,,-0.0,3984360.0215461142,SL,,,,,,,,,
2026-09-14T19:46:02.720505+00:00,close,,LINKIRT,ICT/SMC Scalp Pro,long,,,2625938.5,2684467.017540533,,,,0.0381,,2229.936518294311,3986589.9580644085,TP2,,,,,,,,,
2026-09-14T20:01:35.118260+00:00,open,,TRBIRT,ICT/SMC Scalp Pro,long,,,3929727.0,,3908231.4727592,3961970.290861199,3994213.581722399,0.0508,200000.0,,,,,,,,,,,,
2026-09-14T20:15:51.263056+00:00,close,,ETHIRT,Supertrend+ADX,short,,,578982328.0,588526886.105338,,,,0.000518,,-4944.081098565072,3981645.8769658436,SL,,,,,,,,,
2026-09-14T20:15:51.763056+00:00,close,,ETHIRT,Supertrend+ADX,short,,,578982328.0,588526886.105338,,,,0.000518,,-4944.081098565072,3976701.7958672787,SL,,,,,,,,,
2026-09-14T20:30:50.670978+00:00,open,,ADAIRT,ICT/SMC Scalp Pro,short,,,49412.5,,50017.75669930065,48504.61495104903,47596.729902098064,4.047558,200000.0,,,,,,,,,,,,
2026-09-14T20:30:58.114949+00:00,close,,ARBIRT,ICT/SMC Scalp Pro,long,,,31265.0,32539.867523611098,,,,3.1984,,4077.5362875177343,3980779.3321547965,TP2,,,,,,,,,
2026-09-14T20:31:12.508317+00:00,open,,ETHIRT,ICT/SMC Scalp Pro,short,,,596901565.5,,602706223.5623686,588194578.4064472,579487591.3128942,0.000335,200000.0,,,,,,,,,,,,
2026-09-14T20:31:19.709376+00:00,close,,HBARIRT,ICT/SMC Scalp Pro,short,,,17921.5,18080.91119277025,,,,5.5798,,-889.4825734194444,3979889.849581377,SL,,,,,,,,,
2026-09-14T20:31:20.337377+00:00,close,,HBARIRT,ICT/SMC Scalp Pro,short,,,17921.5,18080.91119277025,,,,5.5799,,-889.4985145387216,3979000.3510668385,SL,,,,,,,,,
2026-09-14T20:31:35.347087+00:00,open,,SHIBIRT,ICT/SMC Scalp Pro,short,,,1.237,,1.2518981030776872,1.2146528453834695,1.1923056907669392,161681.4,200000.0,,,,,,,,,,,,
2026-09-14T20:31:38.549633+00:00,open,,SOLIRT,ICT/SMC Scalp Pro,short,,,24044627.5,,24246543.037860308,23741754.193209536,23438880.88641908,0.008,200000.0,,,,,,,,,,,,
2026-09-14T20:31:44.988396+00:00,open,,TIAIRT,ICT/SMC Scalp Pro,short,,,84556.5,,85545.05911074008,83073.66133388986,81590.82266777974,2.3652,200000.0,,,,,,,,,,,,
2026-09-14T20:31:49.606521+00:00,close,,TRBIRT,ICT/SMC Scalp Pro,long,,,3929727.0,3961970.290861199,,,,0.0254,,818.9795878744465,3979819.330654713,TP1,,,,,,,,,
2026-09-14T20:31:55.302933+00:00,close,,WIFIRT,ICT/SMC Scalp Pro,long,,,43238.5,44887.09932489524,,,,2.31,,3808.264440507996,3983627.595095221,TP2,,,,,,,,,
2026-09-14T20:31:59.473736+00:00,open,,WIFIRT,ICT/SMC Scalp Pro,short,,,44782.0,,45330.33153656553,43959.50269515171,43137.00539030341,4.46,200000.0,,,,,,,,,,,,
2026-09-14T20:32:03.407414+00:00,close,,XRPIRT,ICT/SMC Scalp Pro,short,,,337338.0,341486.4460732483,,,,0.2,,-829.6892146496568,3982797.9058805713,SL,,,,,,,,,
2026-09-14T20:32:03.988234+00:00,close,,XRPIRT,ICT/SMC Scalp Pro,short,,,337338.0,341486.4460732483,,,,0.3,,-1244.5338219744851,3981553.372058597,SL,,,,,,,,,
2026-09-14T20:32:07.683934+00:00,open,,XRPIRT,ICT/SMC Scalp Pro,short,,,341055.5,,345856.5563756769,333853.9154364847,326652.3308729693,0.5,200000.0,,,,,,,,,,,,
2026-09-14T20:46:01.819584+00:00,open,,HBARIRT,ICT/SMC Scalp Pro,short,,,18155.5,,18332.52135794583,17889.967963081253,17624.435926162507,11.0159,200000.0,,,,,,,,,,,,
2026-09-14T21:01:48.607233+00:00,open,,TRXIRT,ICT/SMC Scalp Pro,long,,,77984.0,,77793.95103977564,78269.07344033653,78554.14688067307,2.56,200000.0,,,,,,,,,,,,
2026-09-14T21:15:35.263692+00:00,close,,ADAIRT,ICT/SMC Scalp Pro,short,,,49412.5,48504.61495104903,,,,2.023779,,1837.358696480948,3983390.7307550777,TP1,,,,,,,,,
2026-09-14T21:15:49.927720+00:00,close,,ETHIRT,ICT/SMC Scalp Pro,short,,,596901565.5,588194578.4064472,,,,0.000167,,1454.066844623322,3984844.797599701,TP1,,,,,,,,,
2026-09-14T21:16:16.289862+00:00,open,,SUIIRT,ICT/SMC Scalp Pro,long,,,168320.0,,166341.46580962508,171287.80128556237,174255.60257112476,1.1882,200000.0,,,,,,,,,,,,
2026-09-14T21:16:19.336430+00:00,close,,TIAIRT,ICT/SMC Scalp Pro,short,,,84556.5,83073.66133388986,,,,1.1826,,1753.605006541851,3986598.4026062433,TP1,,,,,,,,,
2026-09-14T21:16:25.113596+00:00,close,,TRBIRT,ICT/SMC Scalp Pro,long,,,3929727.0,3929727.0,,,,0.0254,,0.0,3986598.4026062433,SL,,,,,,,,,
2026-09-14T21:16:28.871062+00:00,close,,TRXIRT,ICT/SMC Scalp Pro,long,,,77984.0,77793.95103977564,,,,1.28,,-243.2626690871828,3986355.139937156,SL,,,,,,,,,
2026-09-14T21:16:29.371062+00:00,close,,TRXIRT,ICT/SMC Scalp Pro,long,,,77984.0,77793.95103977564,,,,1.28,,-243.2626690871828,3986111.8772680685,SL,,,,,,,,,
2026-09-14T21:16:31.929469+00:00,open,,TRXIRT,Supertrend+ADX,long,,,77709.0,,77241.26337097265,78410.60494354102,79112.20988708205,7.72,600000.0,,,,,,,,,,,,
2026-09-14T21:16:33.818028+00:00,open,,TRXIRT,ICT/SMC Scalp Pro,long,,,77709.0,,77512.17301580778,78004.24047628832,78299.48095257665,2.57,200000.0,,,,,,,,,,,,
2026-09-14T21:16:36.785021+00:00,close,,WIFIRT,ICT/SMC Scalp Pro,short,,,44782.0,43959.50269515171,,,,2.23,,1834.1689898116945,3987946.04625788,TP1,,,,,,,,,
2026-09-14T21:16:41.551612+00:00,close,,XRPIRT,ICT/SMC Scalp Pro,short,,,341055.5,333853.9154364847,,,,0.2,,1440.3169127030649,3989386.3631705833,TP1,,,,,,,,,
2026-09-14T21:46:09.470036+00:00,close,,SOLIRT,ICT/SMC Scalp Pro,short,,,24044627.5,23741754.193209536,,,,0.004,,1211.4932271618543,3990597.856397745,TP1,,,,,,,,,
2026-09-14T21:46:22.632329+00:00,close,,TRXIRT,ICT/SMC Scalp Pro,long,,,77709.0,78004.24047628832,,,,1.28,,377.907809649054,3990975.7642073943,TP1,,,,,,,,,
2026-09-14T21:46:23.270990+00:00,close,,TRXIRT,ICT/SMC Scalp Pro,long,,,77709.0,77709.0,,,,1.28,,0.0,3990975.7642073943,SL,,,,,,,,,
2026-09-14T21:46:30.434209+00:00,open,,WIFIRT,Supertrend+ADX,long,,,43611.0,,42415.64416389225,45404.03375416163,47197.067508323256,13.75,600000.0,,,,,,,,,,,,
2026-09-14T22:00:55.272278+00:00,open,,ARBIRT,ICT/SMC Scalp Pro,long,,,31193.0,,30592.247984236623,32094.128023645066,32995.25604729013,6.4116,200000.0,,,,,,,,,,,,
2026-09-14T22:15:59.839122+00:00,close,,HBARIRT,ICT/SMC Scalp Pro,short,,,18155.5,17889.967963081253,,,,5.5079,,1462.5239061447644,3992438.288113539,TP1,,,,,,,,,
2026-09-14T22:16:12.452088+00:00,close,,SHIBIRT,ICT/SMC Scalp Pro,short,,,1.237,1.2146528453834695,,,,80840.7,,1806.559622208546,3994244.8477357477,TP1,,,,,,,,,
2026-09-14T22:31:17.019375+00:00,open,,SEIIRT,Supertrend+ADX,long,,,10255.0,,10054.546920451883,10555.679619322174,10856.359238644343,58.5,600000.0,,,,,,,,,,,,
2026-09-14T23:01:18.578785+00:00,open,,GRAMIRT,ICT/SMC Scalp Pro,long,,,312344.0,,310400.0076722959,315259.9884915562,318175.97698311234,0.64031,200000.0,,,,,,,,,,,,
2026-09-14T23:15:58.739938+00:00,close,,GRAMIRT,ICT/SMC Scalp Pro,long,,,312344.0,310400.0076722959,,,,0.32015,,-622.3691437144657,3993622.478592033,SL,,,,,,,,,
2026-09-14T23:15:59.124970+00:00,close,,GRAMIRT,ICT/SMC Scalp Pro,long,,,312344.0,310400.0076722959,,,,0.32016,,-622.3885836377428,3993000.0900083953,SL,,,,,,,,,
2026-09-14T23:16:32.111595+00:00,open,,TRXIRT,ICT/SMC Scalp Pro,long,,,78018.5,,77849.80102866101,78271.54845700847,78524.59691401695,2.56,200000.0,,,,,,,,,,,,
2026-09-14T23:31:27.032816+00:00,close,,SUIIRT,ICT/SMC Scalp Pro,long,,,168320.0,166341.46580962508,,,,0.5941,,-1175.4471625017406,3991824.6428458937,SL,,,,,,,,,
2026-09-14T23:31:27.532816+00:00,close,,SUIIRT,ICT/SMC Scalp Pro,long,,,168320.0,166341.46580962508,,,,0.5941,,-1175.4471625017406,3990649.195683392,SL,,,,,,,,,
2026-09-14T23:31:40.448188+00:00,close,,TRXIRT,ICT/SMC Scalp Pro,long,,,78018.5,77849.80102866101,,,,1.28,,-215.93468331390991,3990433.261000078,SL,,,,,,,,,
2026-09-14T23:31:40.948188+00:00,close,,TRXIRT,ICT/SMC Scalp Pro,long,,,78018.5,77849.80102866101,,,,1.28,,-215.93468331390991,3990217.326316764,SL,,,,,,,,,
2026-09-15T00:01:08.140294+00:00,close,,ETHIRT,ICT/SMC Scalp Pro,short,,,596901565.5,579487591.3128942,,,,0.000168,,2925.54766343377,3993142.873980198,TP2,,,,,,,,,
2026-09-15T00:31:12.850792+00:00,close,,PEPEIRT,ICT/SMC Scalp Pro,short,,,0.814605,0.7952348451258172,,,,122758.8,,2377.8569681688327,3995520.7309483667,TP1,,,,,,,,,
2026-09-15T00:31:40.313874+00:00,close,,WIFIRT,ICT/SMC Scalp Pro,short,,,44782.0,43137.00539030341,,,,2.23,,3668.337979623389,3999189.0689279903,TP2,,,,,,,,,
2026-09-15T00:31:45.799211+00:00,close,,XRPIRT,ICT/SMC Scalp Pro,short,,,341055.5,326652.3308729693,,,,0.3,,4320.950738109212,4003510.0196660995,TP2,,,,,,,,,
2026-09-15T00:45:41.459909+00:00,close,,ARBIRT,ICT/SMC Scalp Pro,long,,,31193.0,30592.247984236623,,,,3.2058,,-1925.8908121342345,4001584.128853965,SL,,,,,,,,,
2026-09-15T00:45:41.959909+00:00,close,,ARBIRT,ICT/SMC Scalp Pro,long,,,31193.0,30592.247984236623,,,,3.2058,,-1925.8908121342345,3999658.2380418307,SL,,,,,,,,,
2026-09-15T00:45:50.816240+00:00,close,,DOGSIRT,Supertrend+ADX,long,,,12.02,11.703417071335007,,,,24958.4,,-7901.403366792302,3991756.8346750382,SL,,,,,,,,,
2026-09-15T00:45:51.316240+00:00,close,,DOGSIRT,Supertrend+ADX,long,,,12.02,11.703417071335007,,,,24958.4,,-7901.403366792302,3983855.4313082458,SL,,,,,,,,,
2026-09-15T00:45:55.484429+00:00,open,,DOGSIRT,ICT/SMC Scalp Pro,long,,,11.635,,11.534386498816517,11.785920251775226,11.936840503550448,17189.5,200000.0,,,,,,,,,,,,
2026-09-15T00:46:24.374056+00:00,close,,TIAIRT,ICT/SMC Scalp Pro,short,,,84556.5,81590.82266777974,,,,1.1826,,3507.2100130836848,3987362.6413213294,TP2,,,,,,,,,
2026-09-15T01:01:27.944935+00:00,close,,SOLIRT,ICT/SMC Scalp Pro,short,,,24044627.5,23438880.88641908,,,,0.004,,2422.986454323694,3989785.6277756533,TP2,,,,,,,,,
2026-09-15T01:16:19.026051+00:00,close,,SHIBIRT,ICT/SMC Scalp Pro,short,,,1.237,1.1923056907669392,,,,80840.7,,3613.11924441711,3993398.7470200704,TP2,,,,,,,,,
2026-09-15T01:31:05.880635+00:00,open,,GRAMIRT,ICT/SMC Scalp Pro,long,,,309576.0,,307819.417338416,312210.87399237603,314845.74798475206,0.64604,200000.0,,,,,,,,,,,,
2026-09-15T02:16:05.134164+00:00,open,,NOTIRT,ICT/SMC Scalp Pro,long,,,105.1,,103.78401074696238,107.0739838795564,109.04796775911284,1902.9,200000.0,,,,,,,,,,,,
2026-09-15T02:16:24.176444+00:00,open,,TIAIRT,ICT/SMC Scalp Pro,long,,,81533.0,,80692.37466778723,82793.93799831916,84054.87599663834,2.4529,200000.0,,,,,,,,,,,,
2026-09-15T02:16:36.632149+00:00,open,,XLMIRT,ICT/SMC Scalp Pro,short,,,45094.8,,45685.83399140018,44208.24901289972,43321.69802579945,4.4351,200000.0,,,,,,,,,,,,
2026-09-15T03:15:41.839005+00:00,close,,ADAIRT,ICT/SMC Scalp Pro,short,,,49412.5,47596.729902098064,,,,2.023779,,3674.7173929618816,3997073.4644130324,TP2,,,,,,,,,
2026-09-15T03:15:46.478103+00:00,open,,ADAIRT,ICT/SMC Scalp Pro,long,,,47482.0,,47049.53574237452,48130.69638643823,48779.39277287645,4.212122,200000.0,,,,,,,,,,,,
2026-09-15T03:15:55.334958+00:00,open,,DOGEIRT,ICT/SMC Scalp Pro,long,,,19218.5,,19101.43637467925,19394.095437981123,19569.69087596224,10.4,200000.0,,,,,,,,,,,,
2026-09-15T03:15:57.981398+00:00,close,,DOGSIRT,ICT/SMC Scalp Pro,long,,,11.635,11.785920251775226,,,,8594.7,,1297.1142879325323,3998370.578700965,TP1,,,,,,,,,
2026-09-15T03:16:28.532197+00:00,close,,TIAIRT,ICT/SMC Scalp Pro,long,,,81533.0,80692.37466778723,,,,1.2264,,-1030.9429074257462,3997339.635793539,SL,,,,,,,,,
2026-09-15T03:16:29.048062+00:00,close,,TIAIRT,ICT/SMC Scalp Pro,long,,,81533.0,80692.37466778723,,,,1.2265,,-1031.0269699589674,3996308.60882358,SL,,,,,,,,,
2026-09-15T03:16:39.892599+00:00,close,,WIFIRT,Supertrend+ADX,long,,,43611.0,42415.64416389225,,,,6.87,,-8212.094594060258,3988096.5142295198,SL,,,,,,,,,
2026-09-15T03:16:40.566281+00:00,close,,WIFIRT,Supertrend+ADX,long,,,43611.0,42415.64416389225,,,,6.88,,-8224.048152421334,3979872.4660770986,SL,,,,,,,,,
2026-09-15T03:31:02.858186+00:00,close,,DOGSIRT,ICT/SMC Scalp Pro,long,,,11.635,11.635,,,,8594.8,,0.0,3979872.4660770986,SL,,,,,,,,,
2026-09-15T04:01:05.412392+00:00,open,,ETHIRT,ICT/SMC Scalp Pro,long,,,574601159.5,,571042292.8644162,579939459.4533757,585277759.4067513,0.000348,200000.0,,,,,,,,,,,,
2026-09-15T04:01:32.773944+00:00,open,,TIAIRT,ICT/SMC Scalp Pro,long,,,80553.5,,79708.74146905591,81820.63779641614,83087.77559283226,2.4828,200000.0,,,,,,,,,,,,
2026-09-15T04:15:42.012711+00:00,open,,BTCIRT,ICT/SMC Scalp Pro,long,,,17776895821.5,,17711339550.341026,17875230228.23846,17973564634.97692,1.125e-05,200000.0,,,,,,,,,,,,
2026-09-15T04:15:43.833438+00:00,close,,DOGEIRT,Supertrend+ADX,long,,,19397.5,19121.717878269697,,,,15.46,,-4263.591601950478,3975608.874475148,SL,,,,,,,,,
2026-09-15T04:15:44.333438+00:00,close,,DOGEIRT,Supertrend+ADX,long,,,19397.5,19121.717878269697,,,,15.46,,-4263.591601950478,3971345.2828731975,SL,,,,,,,,,
2026-09-15T04:15:45.791958+00:00,close,,DOGEIRT,ICT/SMC Scalp Pro,long,,,19218.5,19101.43637467925,,,,5.2,,-608.7308516678925,3970736.5520215295,SL,,,,,,,,,
2026-09-15T04:15:46.291958+00:00,close,,DOGEIRT,ICT/SMC Scalp Pro,long,,,19218.5,19101.43637467925,,,,5.2,,-608.7308516678925,3970127.8211698616,SL,,,,,,,,,
2026-09-15T04:15:59.008808+00:00,close,,GRAMIRT,ICT/SMC Scalp Pro,long,,,309576.0,307819.417338416,,,,0.32302,,-567.41133134487,3969560.4098385167,SL,,,,,,,,,
2026-09-15T04:15:59.508808+00:00,close,,GRAMIRT,ICT/SMC Scalp Pro,long,,,309576.0,307819.417338416,,,,0.32302,,-567.41133134487,3968992.998507172,SL,,,,,,,,,
2026-09-15T04:16:14.409080+00:00,close,,SEIIRT,ICT/SMC Scalp Pro,long,,,10254.0,10149.447891266513,,,,19.5,,-2038.766120303003,3966954.232386869,SL,,,,,,,,,
2026-09-15T04:16:15.409080+00:00,close,,SEIIRT,ICT/SMC Scalp Pro,long,,a,10254.0,10149.447891266513,,,,19.5,,-2038.766120303003,3964915.466266566,SL,,,,,,,,,
2026-09-15T04:16:21.091025+00:00,open,,SOLIRT,ICT/SMC Scalp Pro,long,,,23305228.5,,23166040.947045024,23514009.829432465,23722791.158864927,0.008,200000.0,,,,,,,,,,,,
2026-09-15T04:16:24.642071+00:00,open,,SUIIRT,ICT/SMC Scalp Pro,long,,,163830.0,,162429.94625960643,165930.08061059035,168030.16122118072,1.2207,200000.0,,,,,,,,,,,,
2026-09-15T04:31:34.132858+00:00,close,,XLMIRT,ICT/SMC Scalp Pro,short,,,45094.8,44208.24901289972,,,,2.2175,,1965.9268138948696,3966881.393080461,TP1,,,,,,,,,
2026-09-15T04:45:35.831862+00:00,close,,ADAIRT,ICT/SMC Scalp Pro,long,,,47482.0,47049.53574237452,,,,2.106061,,-910.7961068789856,3965970.5969735817,SL,,,,,,,,,
2026-09-15T04:45:36.331862+00:00,close,,ADAIRT,ICT/SMC Scalp Pro,long,,,47482.0,47049.53574237452,,,,2.106061,,-910.7961068789856,3965059.8008667026,SL,,,,,,,,,
2026-09-15T05:15:45.635867+00:00,close,,ETHIRT,ICT/SMC Scalp Pro,long,,,574601159.5,571042292.8644162,,,,0.000174,,-619.242794591574,3964440.558072111,SL,,,,,,,,,
2026-09-15T05:15:46.135867+00:00,close,,ETHIRT,ICT/SMC Scalp Pro,long,,,574601159.5,571042292.8644162,,,,0.000174,,-619.242794591574,3963821.3152775196,SL,,,,,,,,,
2026-09-15T05:15:55.329325+00:00,close,,HBARIRT,ICT/SMC Scalp Pro,short,,,18155.5,17624.435926162507,,,,5.508,,2925.1009186969127,3966746.4161962164,TP2,,,,,,,,,
2026-09-15T05:16:10.837662+00:00,open,,SHIBIRT,ICT/SMC Scalp Pro,long,,,1.18675,,1.1759057498995062,1.2030163751507406,1.219282750301481,168527.4,200000.0,,,,,,,,,,,,
2026-09-15T05:16:12.950526+00:00,close,,SOLIRT,ICT/SMC Scalp Pro,long,,,23305228.5,23166040.947045024,,,,0.004,,-556.7502118199021,3966189.6659843964,SL,,,,,,,,,
2026-09-15T05:16:13.450526+00:00,close,,SOLIRT,ICT/SMC Scalp Pro,long,,,23305228.5,23166040.947045024,,,,0.004,,-556.7502118199021,3965632.9157725764,SL,,,,,,,,,
2026-09-15T05:30:45.949215+00:00,close,,BTCIRT,ICT/SMC Scalp Pro,long,,,17776895821.5,17711339550.341026,,,,5.62e-06,,-368.4262439134322,3965264.489528663,SL,,,,,,,,,
2026-09-15T05:30:46.460708+00:00,close,,BTCIRT,ICT/SMC Scalp Pro,long,,,17776895821.5,17711339550.341026,,,,5.63e-06,,-369.0818066250219,3964895.4077220378,SL,,,,,,,,,
2026-09-15T06:01:23.499543+00:00,close,,SUIIRT,ICT/SMC Scalp Pro,long,,,163830.0,162429.94625960643,,,,0.6103,,-854.4527977621982,3964040.9549242756,SL,,,,,,,,,
2026-09-15T06:01:23.999543+00:00,close,,SUIIRT,ICT/SMC Scalp Pro,long,,,163830.0,162429.94625960643,,,,0.6103,,-854.4527977621982,3963186.5021265135,SL,,,,,,,,,
2026-09-15T06:01:39.277334+00:00,open,,WIFIRT,ICT/SMC Scalp Pro,long,,,42068.5,,41632.30612663448,42722.79081004829,43377.08162009656,4.75,200000.0,,,,,,,,,,,,
2026-09-15T06:15:59.514210+00:00,close,,NOTIRT,ICT/SMC Scalp Pro,long,,,105.1,107.0739838795564,,,,951.4,,1878.0482630099723,3965064.5503895236,TP1,,,,,,,,,
2026-09-15T07:01:13.065393+00:00,close,,NOTIRT,ICT/SMC Scalp Pro,long,,,105.1,105.1,,,,951.5,,0.0,3965064.5503895236,SL,,,,,,,,,
2026-09-15T07:01:39.583394+00:00,close,,WIFIRT,ICT/SMC Scalp Pro,long,,,42068.5,41632.30612663448,,,,2.37,,-1033.7794798762968,3964030.7709096475,SL,,,,,,,,,
2026-09-15T07:01:40.069512+00:00,close,,WIFIRT,ICT/SMC Scalp Pro,long,,,42068.5,41632.30612663448,,,,2.38,,-1038.141418609952,3962992.6294910377,SL,,,,,,,,,
2026-09-15T07:46:12.204764+00:00,open,,SUIIRT,ICT/SMC Scalp Pro,long,,,162673.0,,161283.49569944682,164757.25645082974,166841.51290165947,1.2294,200000.0,,,,,,,,,,,,
2026-09-15T08:00:57.584635+00:00,open,,BTCIRT,ICT/SMC Scalp Pro,long,,,17668479839.0,,17598431925.609787,17773551709.085323,17878623579.170647,1.131e-05,200000.0,,,,,,,,,,,,
2026-09-15T08:01:01.603298+00:00,open,,DOGSIRT,Supertrend+ADX,long,,,11.465,,11.071942073357016,12.054586889964478,12.644173779928952,52333.1,600000.0,,,,,,,,,,,,
2026-09-15T08:01:04.030573+00:00,open,,DOGSIRT,ICT/SMC Scalp Pro,long,,,11.465,,11.314235967044173,11.691146049433742,11.917292098867486,17444.3,200000.0,,,,,,,,,,,,
2026-09-15T08:01:13.801994+00:00,open,,HBARIRT,ICT/SMC Scalp Pro,long,,,17608.0,,17457.300843165227,17834.048735252156,18060.09747050432,11.3584,200000.0,,,,,,,,,,,,
2026-09-15T08:01:16.684483+00:00,open,,LINKIRT,ICT/SMC Scalp Pro,long,,,2604521.5,,2585343.4014752186,2633288.647787172,2662055.795574344,0.0767,200000.0,,,,,,,,,,,,
2026-09-15T08:01:33.865668+00:00,close,,TIAIRT,ICT/SMC Scalp Pro,long,,,80553.5,79708.74146905591,,,,1.2414,,-1048.6832403139947,3961943.9462507237,SL,,,,,,,,,
2026-09-15T08:01:34.365668+00:00,close,,TIAIRT,ICT/SMC Scalp Pro,long,,,80553.5,79708.74146905591,,,,1.2414,,-1048.6832403139947,3960895.2630104097,SL,,,,,,,,,
2026-09-15T08:01:37.688359+00:00,open,,TIAIRT,ICT/SMC Scalp Pro,long,,,79386.0,,78583.1031530588,80590.34527041182,81794.69054082363,2.5193,200000.0,,,,,,,,,,,,
2026-09-15T08:15:41.471087+00:00,close,,BTCIRT,ICT/SMC Scalp Pro,long,,,17668479839.0,17598431925.609787,,,,5.65e-06,,-395.7707106547035,3960499.492299755,SL,,,,,,,,,
2026-09-15T08:15:41.891433+00:00,close,,BTCIRT,ICT/SMC Scalp Pro,long,,,17668479839.0,17598431925.609787,,,,5.66e-06,,-396.47118978860567,3960103.0211099666,SL,,,,,,,,,
2026-09-15T08:16:09.398105+00:00,close,,SEIIRT,Supertrend+ADX,long,,,10255.0,10054.546920451883,,,,29.2,,-5853.22992280496,3954249.7911871616,SL,,,,,,,,,
2026-09-15T08:16:09.740130+00:00,close,,SEIIRT,Supertrend+ADX,long,,,10255.0,10054.546920451883,,,,29.3,,-5873.275230759771,3948376.515956402,SL,,,,,,,,,
2026-09-15T08:16:26.421691+00:00,open,,TRBIRT,Supertrend+ADX,long,,,3860598.0,,3803392.3806582536,3946406.42901262,4032214.8580252393,0.1554,600000.0,,,,,,,,,,,,
2026-09-15T08:16:28.124809+00:00,open,,TRBIRT,ICT/SMC Scalp Pro,long,,,3860254.5,,3837631.6278321617,3894188.8082517576,3928123.116503516,0.0518,200000.0,,,,,,,,,,,,
2026-09-15T08:45:45.294912+00:00,close,,DOGSIRT,ICT/SMC Scalp Pro,long,,,11.465,11.314235967044173,,,,8722.1,,-1314.978971844035,3947061.5369845578,SL,,,,,,,,,
2026-09-15T08:45:45.794912+00:00,close,,DOGSIRT,ICT/SMC Scalp Pro,long,,,11.465,11.314235967044173,,,,8722.1,,-1314.978971844035,3945746.5580127137,SL,,,,,,,,,
2026-09-15T08:46:21.618133+00:00,close,,TRBIRT,ICT/SMC Scalp Pro,long,,,3860254.5,3837631.6278321617,,,,0.0259,,-585.9323891470112,3945160.6256235666,SL,,,,,,,,,
2026-09-15T08:46:22.118133+00:00,close,,TRBIRT,ICT/SMC Scalp Pro,long,,,3860254.5,3837631.6278321617,,,,0.0259,,-585.9323891470112,3944574.6932344195,SL,,,,,,,,,
2026-09-15T08:46:25.355069+00:00,open,,TRBIRT,ICT/SMC Scalp Pro,long,,,3832556.5,,3807367.2945575975,3870340.308163604,3908124.116327207,0.0521,200000.0,,,,,,,,,,,,
2026-09-15T09:01:40.356424+00:00,close,,TRXIRT,Supertrend+ADX,long,,,77709.0,77241.26337097265,,,,3.86,,-1805.4633880455688,3942769.2298463737,SL,,,,,,,,,
2026-09-15T09:01:40.856424+00:00,close,,TRXIRT,Supertrend+ADX,long,,,77709.0,77241.26337097265,,,,3.86,,-1805.4633880455688,3940963.766458328,SL,,,,,,,,,
2026-09-15T10:01:09.654464+00:00,close,,HBARIRT,ICT/SMC Scalp Pro,long,,,17608.0,17834.048735252156,,,,5.6792,,1283.7759772440438,3942247.542435572,TP1,,,,,,,,,
2026-09-15T10:15:47.936267+00:00,open,,DOGSIRT,ICT/SMC Scalp Pro,long,,,11.2,,11.000726883886593,11.49890967417011,11.79781934834022,17857.1,200000.0,,,,,,,,,,,,
2026-09-15T11:30:51.976097+00:00,open,,BTCIRT,ICT/SMC Scalp Pro,long,,,17706452350.0,,17642005952.948727,17803121945.576912,17899791541.15382,1.129e-05,200000.0,,,,,,,,,,,,
2026-09-15T11:31:04.292867+00:00,open,,FLOKIIRT,ICT/SMC Scalp Pro,long,,,5.550675,,5.52005288699176,5.596608169512361,5.642541339024722,36031.6,200000.0,,,,,,,,,,,,
2026-09-15T11:31:25.492665+00:00,open,,SOLIRT,ICT/SMC Scalp Pro,long,,,23140820.5,,23026774.48780947,23311889.51828579,23482958.536571577,0.008,200000.0,,,,,,,,,,,,
2026-09-15T11:31:31.671797+00:00,close,,TIAIRT,ICT/SMC Scalp Pro,long,,,79386.0,78583.1031530588,,,,1.2596,,-1011.328868407144,3941236.2135671647,SL,,,,,,,,,
2026-09-15T11:31:32.171797+00:00,close,,TIAIRT,ICT/SMC Scalp Pro,long,,,79386.0,78583.1031530588,,,,1.2596,,-1011.328868407144,3940224.8846987574,SL,,,,,,,,,
2026-09-15T11:31:35.628949+00:00,open,,TIAIRT,ICT/SMC Scalp Pro,long,,,78423.5,,77587.80329603056,79677.04505595416,80930.59011190833,2.5502,200000.0,,,,,,,,,,,,
2026-09-15T11:31:39.879100+00:00,close,,TRBIRT,Supertrend+ADX,long,,,3860598.0,3803392.3806582536,,,,0.0777,,-4444.876622853699,3935780.0080759036,SL,,,,,,,,,
2026-09-15T11:31:40.379100+00:00,close,,TRBIRT,Supertrend+ADX,long,,,3860598.0,3803392.3806582536,,,,0.0777,,-4444.876622853699,3931335.13145305,SL,,,,,,,,,
2026-09-15T11:31:42.641248+00:00,close,,TRBIRT,ICT/SMC Scalp Pro,long,,,3832556.5,3807367.2945575975,,,,0.026,,-654.9193415024653,3930680.2121115476,SL,,,,,,,,,
2026-09-15T11:31:43.183652+00:00,close,,TRBIRT,ICT/SMC Scalp Pro,long,,,3832556.5,3807367.2945575975,,,,0.0261,,-657.4382620467056,3930022.773849501,SL,,,,,,,,,
2026-09-15T11:31:46.452206+00:00,open,,TRBIRT,ICT/SMC Scalp Pro,long,,,3790471.0,,3762511.60298555,3832410.095521675,3874349.19104335,0.0527,200000.0,,,,,,,,,,,,
2026-09-15T11:45:41.097398+00:00,open,,ADAIRT,ICT/SMC Scalp Pro,long,,,46852.5,,46532.5112335864,47332.4831496204,47812.466299240805,4.268715,200000.0,,,,,,,,,,,,
2026-09-15T11:45:50.058974+00:00,open,,DOGEIRT,ICT/SMC Scalp Pro,long,,,18951.0,,18855.365975993227,19094.45103601016,19237.902072020323,10.55,200000.0,,,,,,,,,,,,
2026-09-15T12:00:59.737431+00:00,open,,ARBIRT,ICT/SMC Scalp Pro,short,,,31602.5,,32034.134697104484,30955.04795434328,30307.595908686548,6.3286,200000.0,,,,,,,,,,,,
2026-09-15T12:01:02.040425+00:00,close,,BTCIRT,ICT/SMC Scalp Pro,long,,,17706452350.0,17642005952.948727,,,,5.64e-06,,-363.47767936918166,3929659.296170132,SL,,,,,,,,,
2026-09-15T12:01:02.580133+00:00,close,,BTCIRT,ICT/SMC Scalp Pro,long,,,17706452350.0,17642005952.948727,,,,5.65e-06,,-364.1221433396944,3929295.174026792,SL,,,,,,,,,
2026-09-15T12:01:06.860393+00:00,close,,DOGEIRT,ICT/SMC Scalp Pro,long,,,18951.0,18855.365975993227,,,,5.27,,-503.9913065156935,3928791.182720276,SL,,,,,,,,,
2026-09-15T12:01:07.332752+00:00,close,,DOGEIRT,ICT/SMC Scalp Pro,long,,,18951.0,18855.365975993227,,,,5.28,,-504.9476467557613,3928286.2350735203,SL,,,,,,,,,
2026-09-15T12:01:17.950531+00:00,close,,FLOKIIRT,ICT/SMC Scalp Pro,long,,,5.550675,5.52005288699176,,,,18015.8,,-551.6818635338547,3927734.5532099865,SL,,,,,,,,,
2026-09-15T12:01:18.450531+00:00,close,,FLOKIIRT,ICT/SMC Scalp Pro,long,,,5.550675,5.52005288699176,,,,18015.8,,-551.6818635338547,3927182.8713464527,SL,,,,,,,,,
2026-09-15T12:15:47.398238+00:00,close,,DOGSIRT,Supertrend+ADX,long,,,11.465,11.071942073357016,,,,26166.5,,-10284.950237503674,3916897.921108949,SL,,,,,,,,,
2026-09-15T12:15:47.907801+00:00,close,,DOGSIRT,Supertrend+ADX,long,,,11.465,11.071942073357016,,,,26166.6,,-10284.989543296337,3906612.9315656526,SL,,,,,,,,,
2026-09-15T12:31:09.525268+00:00,open,,HBARIRT,Supertrend+ADX,short,,,17881.0,,18232.547474559546,17353.67878816068,16826.35757632136,33.5551,600000.0,,,,,,,,,,,,
2026-09-15T12:45:47.013700+00:00,close,,ARBIRT,ICT/SMC Scalp Pro,short,,,31602.5,32034.134697104484,,,,3.1643,,-1365.821672047719,3905247.109893605,SL,,,,,,,,,
2026-09-15T12:45:47.513700+00:00,close,,ARBIRT,ICT/SMC Scalp Pro,short,,,31602.5,32034.134697104484,,,,3.1643,,-1365.821672047719,3903881.2882215576,SL,,,,,,,,,
2026-09-15T13:01:01.090141+00:00,close,,DOGSIRT,ICT/SMC Scalp Pro,long,,,11.2,11.000726883886593,,,,8928.5,,-1779.2100172185517,3902102.078204339,SL,,,,,,,,,
2026-09-15T13:01:01.590141+00:00,close,,DOGSIRT,ICT/SMC Scalp Pro,long,,,11.2,11.000726883886593,,,,8928.5,,-1779.2100172185517,3900322.86818712,SL,,,,,,,,,
2026-09-15T13:01:14.863603+00:00,close,,HBARIRT,ICT/SMC Scalp Pro,long,,,17608.0,18060.09747050432,,,,5.6792,,2567.551954488129,3902890.4201416085,TP2,,,,,,,,,
2026-09-15T13:01:52.581681+00:00,open,,XRPIRT,Supertrend+ADX,short,,,326536.5,,332711.0527961831,317274.67080572527,308012.84161145054,1.8,600000.0,,,,,,,,,,,,
2026-09-15T13:01:54.700303+00:00,open,,XRPIRT,ICT/SMC Scalp Pro,short,,,326586.0,,329268.40365797165,322562.39451304247,318538.78902608494,0.6,200000.0,,,,,,,,,,,,
2026-09-15T13:15:34.861593+00:00,close,,ADAIRT,ICT/SMC Scalp Pro,long,,,46852.5,47332.4831496204,,,,2.134357,,1024.4553952743454,3903914.875536883,TP1,,,,,,,,,
2026-09-15T13:16:05.323881+00:00,open,,PEPEIRT,Supertrend+ADX,short,,,0.797615,,0.8204229183481239,0.7634031224778143,0.7291912449556286,752242.6,600000.0,,,,,,,,,,,,
2026-09-15T13:16:28.991512+00:00,close,,XLMIRT,ICT/SMC Scalp Pro,short,,,45094.8,45094.8,,,,2.2176,,-0.0,3903914.875536883,SL,,,,,,,,,
2026-09-15T13:16:32.660651+00:00,close,,XRPIRT,Supertrend+ADX,short,,,326536.5,332711.0527961831,,,,0.9,,-5557.097516564786,3898357.778020318,SL,,,,,,,,,
2026-09-15T13:16:33.160651+00:00,close,,XRPIRT,Supertrend+ADX,short,,,326536.5,332711.0527961831,,,,0.9,,-5557.097516564786,3892800.6805037535,SL,,,,,,,,,
2026-09-15T13:16:34.415984+00:00,close,,XRPIRT,ICT/SMC Scalp Pro,short,,,326586.0,329268.40365797165,,,,0.3,,-804.7210973914945,3891995.959406362,SL,,,,,,,,,
2026-09-15T13:16:34.915984+00:00,close,,XRPIRT,ICT/SMC Scalp Pro,short,,,326586.0,329268.40365797165,,,,0.3,,-804.7210973914945,3891191.2383089704,SL,,,,,,,,,
2026-09-15T13:31:46.778555+00:00,open,,XRPIRT,ICT/SMC Scalp Pro,short,,,327538.5,,331356.46173288923,321811.5574006661,316084.61480133224,0.6,200000.0,,,,,,,,,,,,
2026-09-15T13:45:39.424646+00:00,close,,ADAIRT,ICT/SMC Scalp Pro,long,,,46852.5,46852.5,,,,2.134358,,0.0,3891191.2383089704,SL,,,,,,,,,
2026-09-15T13:45:55.560775+00:00,open,,ETHIRT,ICT/SMC Scalp Pro,long,,,561096288.5,,557314651.7038057,566768743.6942915,572441198.8885831,0.000356,200000.0,,,,,,,,,,,,
2026-09-15T13:46:19.441242+00:00,close,,SOLIRT,ICT/SMC Scalp Pro,long,,,23140820.5,23026774.48780947,,,,0.004,,-456.18404876211287,3890735.0542602083,SL,,,,,,,,,
2026-09-15T13:46:19.941242+00:00,close,,SOLIRT,ICT/SMC Scalp Pro,long,,,23140820.5,23026774.48780947,,,,0.004,,-456.18404876211287,3890278.870211446,SL,,,,,,,,,
2026-09-15T13:46:23.384738+00:00,open,,SOLIRT,ICT/SMC Scalp Pro,long,,,22936595.5,,22797968.192747854,23144536.460878216,23352477.421756435,0.008,200000.0,,,,,,,,,,,,
2026-09-15T13:46:37.510424+00:00,open,,TRXIRT,ICT/SMC Scalp Pro,long,,,77407.5,,77257.89933550816,77631.90099673774,77856.30199347548,2.58,200000.0,,,,,,,,,,,,
2026-09-15T13:46:43.094232+00:00,close,,XRPIRT,ICT/SMC Scalp Pro,short,,,327538.5,321811.5574006661,,,,0.3,,1718.0827798001642,3891996.9529912462,TP1,,,,,,,,,
2026-09-15T13:46:44.242798+00:00,close,,XRPIRT,ICT/SMC Scalp Pro,short,,,327538.5,327538.5,,,,0.3,,-0.0,3891996.9529912462,SL,,,,,,,,,
2026-09-15T14:01:40.860708+00:00,close,,TRBIRT,ICT/SMC Scalp Pro,long,,,3790471.0,3832410.095521675,,,,0.0263,,1102.9982122200513,3893099.9512034664,TP1,,,,,,,,,
2026-09-15T14:15:47.984452+00:00,open,,BTCIRT,ICT/SMC Scalp Pro,long,,,17492646333.5,,17399093231.767445,17632975986.098835,17773305638.69767,1.143e-05,200000.0,,,,,,,,,,,,
2026-09-15T14:15:57.349199+00:00,open,,FLOKIIRT,ICT/SMC Scalp Pro,long,,,5.532765,,5.488097930231034,5.599765604653448,5.666766209306895,36148.2,200000.0,,,,,,,,,,,,
2026-09-15T14:16:08.322357+00:00,open,,LINKIRT,Supertrend+ADX,long,,,2596873.5,,2540545.401519144,2681365.647721284,2765857.795442567,0.231,600000.0,,,,,,,,,,,,
2026-09-15T14:16:33.401684+00:00,close,,TRXIRT,ICT/SMC Scalp Pro,long,,,77407.5,77257.89933550816,,,,1.29,,-192.9848571944709,3892906.966346272,SL,,,,,,,,,
2026-09-15T14:16:33.901684+00:00,close,,TRXIRT,ICT/SMC Scalp Pro,long,,,77407.5,77257.89933550816,,,,1.29,,-192.9848571944709,3892713.981489077,SL,,,,,,,,,
2026-09-15T14:31:03.523354+00:00,open,,GRAMIRT,ICT/SMC Scalp Pro,long,,,304855.0,,303007.69807360874,307625.9528895869,310396.90577917383,0.65604,200000.0,,,,,,,,,,,,
2026-09-15T14:31:09.760426+00:00,close,,LINKIRT,ICT/SMC Scalp Pro,long,,,2604521.5,2585343.4014752186,,,,0.0383,,-734.521173499128,3891979.460315578,SL,,,,,,,,,
2026-09-15T14:31:10.578506+00:00,close,,LINKIRT,ICT/SMC Scalp Pro,long,,,2604521.5,2585343.4014752186,,,,0.0384,,-736.4389833516061,3891243.0213322267,SL,,,,,,,,,
2026-09-15T14:31:14.354535+00:00,open,,LINKIRT,ICT/SMC Scalp Pro,long,,,2583199.5,,2559502.821475292,2618744.5177870626,2654289.5355741256,0.0774,200000.0,,,,,,,,,,,,
2026-09-15T14:31:24.066325+00:00,close,,SHIBIRT,ICT/SMC Scalp Pro,long,,,1.18675,1.1759057498995062,,,,84263.7,,-913.776637192973,3890329.244695034,SL,,,,,,,,,
2026-09-15T14:31:24.566325+00:00,close,,SHIBIRT,ICT/SMC Scalp Pro,long,,,1.18675,1.1759057498995062,,,,84263.7,,-913.776637192973,3889415.468057841,SL,,,,,,,,,
2026-09-15T14:45:36.471711+00:00,open,,ADAIRT,Supertrend+ADX,long,,,46008.5,,44492.51830499822,48282.47254250266,50556.445085005325,13.041068,600000.0,,,,,,,,,,,,
2026-09-15T14:45:38.968321+00:00,open,,ADAIRT,ICT/SMC Scalp Pro,long,,,46008.5,,45449.60109436235,46846.84835845648,47685.19671691295,4.347022,200000.0,,,,,,,,,,,,
2026-09-15T14:45:44.643580+00:00,close,,BTCIRT,ICT/SMC Scalp Pro,long,,,17492646333.5,17399093231.767445,,,,5.71e-06,,-534.1882108928913,3888881.279846948,SL,,,,,,,,,
2026-09-15T14:45:45.103979+00:00,close,,BTCIRT,ICT/SMC Scalp Pro,long,,,17492646333.5,17399093231.767445,,,,5.72e-06,,-535.1237419102168,3888346.156105038,SL,,,,,,,,,
2026-09-15T14:45:48.631063+00:00,open,,BTCIRT,ICT/SMC Scalp Pro,long,,,17346651127.0,,17241513133.52401,17504358117.213985,17662065107.42797,1.152e-05,200000.0,,,,,,,,,,,,
2026-09-15T14:45:51.422159+00:00,open,,DOGEIRT,ICT/SMC Scalp Pro,long,,,18625.5,,18458.9685144912,18875.297228263207,19125.09445652641,10.73,200000.0,,,,,,,,,,,,
2026-09-15T14:45:55.714834+00:00,close,,ETHIRT,ICT/SMC Scalp Pro,long,,,561096288.5,557314651.7038057,,,,0.000178,,-673.131349722588,3887673.0247553154,SL,,,,,,,,,
2026-09-15T14:45:56.214834+00:00,close,,ETHIRT,ICT/SMC Scalp Pro,long,,,561096288.5,557314651.7038057,,,,0.000178,,-673.131349722588,3886999.893405593,SL,,,,,,,,,
2026-09-15T14:45:59.497094+00:00,open,,ETHIRT,ICT/SMC Scalp Pro,long,,,551282189.0,,546636330.8567499,558250976.2148752,565219763.4297502,0.000362,200000.0,,,,,,,,,,,,
2026-09-15T14:46:02.313511+00:00,close,,FLOKIIRT,ICT/SMC Scalp Pro,long,,,5.532765,5.488097930231034,,,,18074.1,,-807.3170857112553,3886192.5763198817,SL,,,,,,,,,
2026-09-15T14:46:02.813511+00:00,close,,FLOKIIRT,ICT/SMC Scalp Pro,long,,,5.532765,5.488097930231034,,,,18074.1,,-807.3170857112553,3885385.2592341704,SL,,,,,,,,,
2026-09-15T14:46:05.807457+00:00,open,,FLOKIIRT,ICT/SMC Scalp Pro,long,,,5.443339999999999,,5.392505372721273,5.5195919409180885,5.595843881836178,36742.1,200000.0,,,,,,,,,,,,
2026-09-15T14:46:21.492761+00:00,close,,PEPEIRT,ICT/SMC Scalp Pro,short,,,0.814605,0.7758646902516344,,,,122758.9,,4755.71781036864,3890140.977044539,TP2,,,,,,,,,
2026-09-15T14:46:25.974953+00:00,open,,SEIIRT,ICT/SMC Scalp Pro,long,,,9856.5,,9771.313432686466,9984.2798509703,10112.0597019406,20.2,200000.0,,,,,,,,,,,,
2026-09-15T14:46:29.411881+00:00,open,,SHIBIRT,ICT/SMC Scalp Pro,long,,,1.1599499999999998,,1.1469308612509863,1.1794787081235198,1.19900741624704,172421.2,200000.0,,,,,,,,,,,,
2026-09-15T14:46:31.639683+00:00,close,,SOLIRT,ICT/SMC Scalp Pro,long,,,22936595.5,22797968.192747854,,,,0.004,,-554.5092290085852,3889586.4678155305,SL,,,,,,,,,
2026-09-15T14:46:32.139683+00:00,close,,SOLIRT,ICT/SMC Scalp Pro,long,,,22936595.5,22797968.192747854,,,,0.004,,-554.5092290085852,3889031.958586522,SL,,,,,,,,,
2026-09-15T14:46:35.780980+00:00,open,,SOLIRT,ICT/SMC Scalp Pro,long,,,22564654.0,,22376340.45813788,22847124.312793177,23129594.62558635,0.008,200000.0,,,,,,,,,,,,
2026-09-15T14:46:38.313620+00:00,close,,SUIIRT,ICT/SMC Scalp Pro,long,,,162673.0,161283.49569944682,,,,0.6147,,-854.1282935500379,3888177.830292972,SL,,,,,,,,,
2026-09-15T14:46:38.813620+00:00,close,,SUIIRT,ICT/SMC Scalp Pro,long,,,162673.0,161283.49569944682,,,,0.6147,,-854.1282935500379,3887323.7019994217,SL,,,,,,,,,
2026-09-15T14:46:41.792827+00:00,open,,SUIIRT,ICT/SMC Scalp Pro,long,,,160280.5,,158518.0259960946,162924.2110058581,165567.9220117162,1.2478,200000.0,,,,,,,,,,,,
2026-09-15T14:46:44.725218+00:00,close,,TIAIRT,ICT/SMC Scalp Pro,long,,,78423.5,77587.80329603056,,,,1.2751,,-1065.5968672314364,3886258.10513219,SL,,,,,,,,,
2026-09-15T14:46:45.225218+00:00,close,,TIAIRT,ICT/SMC Scalp Pro,long,,,78423.5,77587.80329603056,,,,1.2751,,-1065.5968672314364,3885192.5082649584,SL,,,,,,,,,
2026-09-15T14:46:48.024228+00:00,open,,TIAIRT,ICT/SMC Scalp Pro,long,,,77070.0,,76037.07177294989,78619.39234057517,80168.78468115036,2.595,200000.0,,,,,,,,,,,,
2026-09-15T14:46:52.350837+00:00,close,,TRBIRT,ICT/SMC Scalp Pro,long,,,3790471.0,3790471.0,,,,0.0263,,0.0,3885192.5082649584,SL,,,,,,,,,
2026-09-15T14:46:55.848428+00:00,open,,TRBIRT,ICT/SMC Scalp Pro,long,,,3777872.5,,3743941.238721318,3828769.391918023,3879666.283836045,0.0529,200000.0,,,,,,,,,,,,
2026-09-15T14:46:58.432230+00:00,open,,TRXIRT,Supertrend+ADX,long,,,77076.0,,76724.07325781339,77603.8901132799,78131.78022655981,7.78,600000.0,,,,,,,,,,,,
2026-09-15T15:01:08.349765+00:00,close,,ETHIRT,ICT/SMC Scalp Pro,long,,,551282189.0,546636330.8567499,,,,0.000181,,-840.9003239282696,3884351.60794103,SL,,,,,,,,,
2026-09-15T15:01:08.849765+00:00,close,,ETHIRT,ICT/SMC Scalp Pro,long,,,551282189.0,546636330.8567499,,,,0.000181,,-840.9003239282696,3883510.7076171017,SL,,,,,,,,,
2026-09-15T15:01:18.412307+00:00,close,,GRAMIRT,ICT/SMC Scalp Pro,long,,,304855.0,303007.69807360874,,,,0.32802,,-605.9519778948602,3882904.755639207,SL,,,,,,,,,
2026-09-15T15:01:18.912307+00:00,close,,GRAMIRT,ICT/SMC Scalp Pro,long,,,304855.0,303007.69807360874,,,,0.32802,,-605.9519778948602,3882298.8036613124,SL,,,,,,,,,
2026-09-15T15:01:26.761731+00:00,close,,LINKIRT,ICT/SMC Scalp Pro,long,,,2583199.5,2559502.821475292,,,,0.0387,,-917.061458906214,3881381.7422024063,SL,,,,,,,,,
2026-09-15T15:01:27.261731+00:00,close,,LINKIRT,ICT/SMC Scalp Pro,long,,,2583199.5,2559502.821475292,,,,0.0387,,-917.061458906214,3880464.6807435,SL,,,,,,,,,
2026-09-15T15:01:30.420196+00:00,open,,LINKIRT,ICT/SMC Scalp Pro,long,,,2544076.0,,2515172.028193266,2587431.9577101003,2630787.9154202007,0.0786,200000.0,,,,,,,,,,,,
2026-09-15T15:01:34.592080+00:00,close,,PEPEIRT,Supertrend+ADX,short,,,0.797615,0.7634031224778143,,,,376121.3,,12867.815849085258,3893332.4965925855,TP1,,,,,,,,,
2026-09-15T15:01:47.556543+00:00,close,,SUIIRT,ICT/SMC Scalp Pro,long,,,160280.5,158518.0259960946,,,,0.6239,,-1099.60753103658,3892232.8890615487,SL,,,,,,,,,
2026-09-15T15:01:48.056543+00:00,close,,SUIIRT,ICT/SMC Scalp Pro,long,,,160280.5,158518.0259960946,,,,0.6239,,-1099.60753103658,3891133.281530512,SL,,,,,,,,,
2026-09-15T15:01:51.645581+00:00,open,,SUIIRT,ICT/SMC Scalp Pro,long,,,158818.0,,156817.3780678465,161818.9328982303,164819.86579646054,1.2593,200000.0,,,,,,,,,,,,
2026-09-15T15:01:53.836376+00:00,close,,TIAIRT,ICT/SMC Scalp Pro,long,,,77070.0,76037.07177294989,,,,1.2975,,-1340.2243745975225,3889793.0571559146,SL,,,,,,,,,
2026-09-15T15:01:54.336376+00:00,close,,TIAIRT,ICT/SMC Scalp Pro,long,,,77070.0,76037.07177294989,,,,1.2975,,-1340.2243745975225,3888452.832781317,SL,,,,,,,,,
2026-09-15T15:02:01.883881+00:00,close,,TRXIRT,Supertrend+ADX,long,,,77076.0,76724.07325781339,,,,3.89,,-1368.995027105912,3887083.8377542114,SL,,,,,,,,,
2026-09-15T15:02:02.383881+00:00,close,,TRXIRT,Supertrend+ADX,long,,,77076.0,76724.07325781339,,,,3.89,,-1368.995027105912,3885714.8427271056,SL,,,,,,,,,
2026-09-15T15:02:05.774582+00:00,open,,TRXIRT,ICT/SMC Scalp Pro,long,,,76748.5,,76591.23428544714,76984.3985718293,77220.29714365858,2.6,200000.0,,,,,,,,,,,,
2026-09-15T15:15:50.005091+00:00,open,,DOGSIRT,ICT/SMC Scalp Pro,long,,,10.63,,10.45087340229822,10.898689896552668,11.167379793105331,18814.6,200000.0,,,,,,,,,,,,
2026-09-15T15:16:30.494036+00:00,close,,TRXIRT,ICT/SMC Scalp Pro,long,,,76748.5,76984.3985718293,,,,1.3,,306.6681433780861,3886021.5108704837,TP1,,,,,,,,,
2026-09-15T15:16:31.348567+00:00,close,,TRXIRT,ICT/SMC Scalp Pro,long,,,76748.5,76748.5,,,,1.3,,0.0,3886021.5108704837,SL,,,,,,,,,
2026-09-15T15:30:52.757811+00:00,close,,ARBIRT,Supertrend+ADX,short,,,31870.5,33128.92663321712,,,,9.413,,-11845.569898472726,3874175.940972011,SL,,,,,,,,,
2026-09-15T15:30:53.244517+00:00,close,,ARBIRT,Supertrend+ADX,short,,,31870.5,33128.92663321712,,,,9.4131,,-11845.695741136047,3862330.245230875,SL,,,,,,,,,
2026-09-15T15:30:56.965437+00:00,open,,ARBIRT,ICT/SMC Scalp Pro,short,,,33295.0,,34283.75478413368,31811.867823799483,30328.73564759897,6.0069,200000.0,,,,,,,,,,,,
2026-09-15T15:30:59.100377+00:00,close,,BTCIRT,ICT/SMC Scalp Pro,long,,,17346651127.0,17504358117.213985,,,,5.76e-06,,908.392263632556,3863238.6374945077,TP1,,,,,,,,,
2026-09-15T15:30:59.986434+00:00,close,,BTCIRT,ICT/SMC Scalp Pro,long,,,17346651127.0,17346651127.0,,,,5.76e-06,,0.0,3863238.6374945077,SL,,,,,,,,,
2026-09-15T15:31:11.876977+00:00,close,,FLOKIIRT,ICT/SMC Scalp Pro,long,,,5.443339999999999,5.5195919409180885,,,,18371.0,,1400.8244066062184,3864639.461901114,TP1,,,,,,,,,
2026-09-15T15:31:21.592497+00:00,close,,LINKIRT,ICT/SMC Scalp Pro,long,,,2544076.0,2587431.9577101003,,,,0.0393,,1703.8891380069433,3866343.351039121,TP1,,,,,,,,,
2026-09-15T15:31:34.164820+00:00,close,,SOLIRT,ICT/SMC Scalp Pro,long,,,22564654.0,22847124.312793177,,,,0.004,,1129.8812511727065,3867473.2322902936,TP1,,,,,,,,,
2026-09-15T15:31:43.441417+00:00,close,,TRBIRT,ICT/SMC Scalp Pro,long,,,3777872.5,3828769.391918023,,,,0.0264,,1343.677946635798,3868816.9102369295,TP1,,,,,,,,,
2026-09-15T15:46:05.784301+00:00,close,,SEIIRT,ICT/SMC Scalp Pro,long,,,9856.5,9984.2798509703,,,,10.1,,1290.576494800037,3870107.4867317295,TP1,,,,,,,,,
2026-09-15T15:46:25.403981+00:00,open,,WIFIRT,ICT/SMC Scalp Pro,long,,,41088.0,,40500.59264027328,41969.11103959008,42850.22207918016,4.86,200000.0,,,,,,,,,,,,
2026-09-15T16:00:56.564594+00:00,close,,ARBIRT,ICT/SMC Scalp Pro,short,,,33295.0,34283.75478413368,,,,3.0034,,-2969.626118667089,3867137.8606130625,SL,,,,,,,,,
2026-09-15T16:00:57.004681+00:00,close,,ARBIRT,ICT/SMC Scalp Pro,short,,,33295.0,34283.75478413368,,,,3.0035,,-2969.7249941455025,3864168.135618917,SL,,,,,,,,,
2026-09-15T16:16:33.975621+00:00,open,,TRXIRT,ICT/SMC Scalp Pro,long,,,77114.0,,76945.0093845996,77367.48592310061,77620.97184620121,2.59,200000.0,,,,,,,,,,,,
2026-09-15T16:31:24.926714+00:00,close,,SUIIRT,ICT/SMC Scalp Pro,long,,,158818.0,161818.9328982303,,,,0.6296,,1889.387352725796,3866057.522971643,TP1,,,,,,,,,
2026-09-15T16:31:35.250216+00:00,close,,TRXIRT,ICT/SMC Scalp Pro,long,,,77114.0,77367.48592310061,,,,1.29,,326.99684079978965,3866384.519812443,TP1,,,,,,,,,
2026-09-15T16:31:36.323630+00:00,close,,TRXIRT,ICT/SMC Scalp Pro,long,,,77114.0,77114.0,,,,1.29,,0.0,3866384.519812443,SL,,,,,,,,,
2026-09-15T16:45:50.751088+00:00,open,,ARBIRT,ICT/SMC Scalp Pro,short,,,35609.5,,36981.243353913815,33551.88496912928,31494.269938258552,5.6164,200000.0,,,,,,,,,,,,
2026-09-15T16:46:20.567627+00:00,close,,SHIBIRT,ICT/SMC Scalp Pro,long,,,1.1599499999999998,1.1794787081235198,,,,86210.6,,1683.5816445535363,3868068.1014569965,TP1,,,,,,,,,
2026-09-15T16:46:32.948892+00:00,close,,TRBIRT,ICT/SMC Scalp Pro,long,,,3777872.5,3879666.283836045,,,,0.0265,,2697.5352716552006,3870765.636728652,TP2,,,,,,,,,
2026-09-15T17:45:46.248762+00:00,close,,DOGEIRT,ICT/SMC Scalp Pro,long,,,18625.5,18875.297228263207,,,,5.36,,1338.9131434907908,3872104.5498721427,TP1,,,,,,,,,
2026-09-15T18:00:51.650115+00:00,close,,ADAIRT,ICT/SMC Scalp Pro,long,,,46008.5,46846.84835845648,,,,2.173511,,1822.1593789371063,3873926.7092510797,TP1,,,,,,,,,
2026-09-15T18:01:38.105784+00:00,open,,TIAIRT,ICT/SMC Scalp Pro,long,,,77398.0,,76308.96779386782,79031.54830919828,80665.09661839656,2.584,200000.0,,,,,,,,,,,,
2026-09-15T18:15:43.780050+00:00,close,,ARBIRT,ICT/SMC Scalp Pro,short,,,35609.5,33551.88496912928,,,,2.8082,,5778.194529691161,3879704.903780771,TP1,,,,,,,,,
2026-09-15T18:16:30.270541+00:00,open,,TRXIRT,ICT/SMC Scalp Pro,long,,,76196.5,,75934.29890733944,76589.80163899083,76983.10327798167,2.62,200000.0,,,,,,,,,,,,
2026-09-15T18:31:38.743975+00:00,close,,TRXIRT,ICT/SMC Scalp Pro,long,,,76196.5,76589.80163899083,,,,1.31,,515.2251470779871,3880220.128927849,TP1,,,,,,,,,
2026-09-15T18:31:39.699498+00:00,close,,TRXIRT,ICT/SMC Scalp Pro,long,,,76196.5,76196.5,,,,1.31,,0.0,3880220.128927849,SL,,,,,,,,,
2026-09-15T18:45:34.465727+00:00,close,,ADAIRT,ICT/SMC Scalp Pro,long,,,46008.5,46008.5,,,,2.173511,,0.0,3880220.128927849,SL,,,,,,,,,
2026-09-15T18:45:38.446209+00:00,open,,ADAIRT,ICT/SMC Scalp Pro,long,,,45400.5,,44636.15165131832,46547.022523022526,47693.545046045045,4.405237,200000.0,,,,,,,,,,,,
2026-09-15T18:45:44.846631+00:00,open,,BTCIRT,Supertrend+ADX,long,,,17444404516.5,,16967523542.15156,18159725978.02265,18875047439.545315,3.439e-05,600000.0,,,,,,,,,,,,
2026-09-15T18:45:47.065272+00:00,open,,BTCIRT,ICT/SMC Scalp Pro,long,,,17444404516.5,,17284950816.433575,17683585066.59964,17922765616.699276,1.146e-05,200000.0,,,,,,,,,,,,
2026-09-15T18:45:49.491734+00:00,close,,DOGEIRT,ICT/SMC Scalp Pro,long,,,18625.5,18625.5,,,,5.37,,0.0,3880220.128927849,SL,,,,,,,,,
2026-09-15T18:45:53.277458+00:00,open,,DOGEIRT,ICT/SMC Scalp Pro,long,,,18308.0,,18072.59976191911,18661.100357121337,19014.200714242663,10.92,200000.0,,,,,,,,,,,,
2026-09-15T18:45:55.964666+00:00,close,,DOGSIRT,ICT/SMC Scalp Pro,long,,,10.63,10.45087340229822,,,,9407.3,,-1685.0976425599358,3878535.0312852887,SL,,,,,,,,,
2026-09-15T18:45:56.464666+00:00,close,,DOGSIRT,ICT/SMC Scalp Pro,long,,,10.63,10.45087340229822,,,,9407.3,,-1685.0976425599358,3876849.9336427287,SL,,,,,,,,,
2026-09-15T18:46:01.833626+00:00,open,,ETHIRT,ICT/SMC Scalp Pro,long,,,547616875.0,,540804794.8795013,557834995.180748,568053115.3614959,0.000365,200000.0,,,,,,,,,,,,
2026-09-15T18:46:03.989545+00:00,close,,FLOKIIRT,ICT/SMC Scalp Pro,long,,,5.443339999999999,5.443339999999999,,,,18371.1,,0.0,3876849.9336427287,SL,,,,,,,,,
2026-09-15T18:46:07.629527+00:00,open,,FLOKIIRT,ICT/SMC Scalp Pro,long,,,5.42944,,5.35623080773436,5.539253788398458,5.649067576796917,36836.2,200000.0,,,,,,,,,,,,
2026-09-15T18:46:12.992485+00:00,open,,GRAMIRT,ICT/SMC Scalp Pro,long,,,303218.0,,300484.76159977925,307317.85760033113,311417.7152006623,0.65959,200000.0,,,,,,,,,,,,
2026-09-15T18:46:14.939671+00:00,close,,HBARIRT,Supertrend+ADX,short,,,17881.0,17353.67878816068,,,,16.7775,,8847.131631634196,3885697.065274363,TP1,,,,,,,,,
2026-09-15T18:46:18.091038+00:00,open,,HBARIRT,ICT/SMC Scalp Pro,long,,,17169.5,,16881.490202923826,17601.51469561426,18033.529391228523,11.6485,200000.0,,,,,,,,,,,,
2026-09-15T18:46:20.056041+00:00,close,,LINKIRT,Supertrend+ADX,long,,,2596873.5,2540545.401519144,,,,0.1155,,-6505.8953745388735,3879191.169899824,SL,,,,,,,,,
2026-09-15T18:46:20.556041+00:00,close,,LINKIRT,Supertrend+ADX,long,,,2596873.5,2540545.401519144,,,,0.1155,,-6505.8953745388735,3872685.274525285,SL,,,,,,,,,
2026-09-15T18:46:22.142749+00:00,close,,LINKIRT,ICT/SMC Scalp Pro,long,,,2544076.0,2544076.0,,,,0.0393,,0.0,3872685.274525285,SL,,,,,,,,,
2026-09-15T18:46:25.733447+00:00,open,,LINKIRT,ICT/SMC Scalp Pro,long,,,2527547.5,,2489004.4355310854,2585362.0967033724,2643176.6934067444,0.0791,200000.0,,,,,,,,,,,,
2026-09-15T18:46:32.400507+00:00,open,,PEPEIRT,ICT/SMC Scalp Pro,long,,,0.76302,,0.7465310938720067,0.7877533591919902,0.8124867183839802,262116.3,200000.0,,,,,,,,,,,,
2026-09-15T18:46:34.644476+00:00,close,,SEIIRT,ICT/SMC Scalp Pro,long,,,9856.5,9856.5,,,,10.1,,0.0,3872685.274525285,SL,,,,,,,,,
2026-09-15T18:46:38.490552+00:00,close,,SHIBIRT,ICT/SMC Scalp Pro,long,,,1.1599499999999998,1.1599499999999998,,,,86210.6,,0.0,3872685.274525285,SL,,,,,,,,,
2026-09-15T18:46:41.645008+00:00,open,,SHIBIRT,ICT/SMC Scalp Pro,long,,,1.14695,,1.1291419285540478,1.1736621071689282,1.200374214337856,174375.5,200000.0,,,,,,,,,,,,
2026-09-15T18:46:43.944140+00:00,close,,SOLIRT,ICT/SMC Scalp Pro,long,,,22564654.0,22564654.0,,,,0.004,,0.0,3872685.274525285,SL,,,,,,,,,
2026-09-15T18:46:47.378323+00:00,open,,SOLIRT,ICT/SMC Scalp Pro,long,,,22368869.0,,22093560.58066225,22781831.629006617,23194794.25801323,0.008,200000.0,,,,,,,,,,,,
2026-09-15T18:46:49.381599+00:00,close,,SUIIRT,ICT/SMC Scalp Pro,long,,,158818.0,158818.0,,,,0.6297,,0.0,3872685.274525285,SL,,,,,,,,,
2026-09-15T18:46:52.727738+00:00,open,,SUIIRT,ICT/SMC Scalp Pro,long,,,157388.0,,154881.4932762663,161147.76008560057,164907.52017120115,1.2707,200000.0,,,,,,,,,,,,
2026-09-15T18:46:55.441036+00:00,close,,TIAIRT,ICT/SMC Scalp Pro,long,,,77398.0,76308.96779386782,,,,1.292,,-1407.0296103227747,3871278.2449149624,SL,,,,,,,,,
2026-09-15T18:46:55.941036+00:00,close,,TIAIRT,ICT/SMC Scalp Pro,long,,,77398.0,76308.96779386782,,,,1.292,,-1407.0296103227747,3869871.2153046397,SL,,,,,,,,,
2026-09-15T18:47:02.026386+00:00,open,,TRBIRT,Supertrend+ADX,long,,,3803003.5,,3668231.126698046,4005162.05995293,4207320.619905861,0.1577,600000.0,,,,,,,,,,,,
2026-09-15T18:47:07.930401+00:00,close,,WIFIRT,ICT/SMC Scalp Pro,long,,,41088.0,40500.59264027328,,,,2.43,,-1427.3998841359291,3868443.8154205037,SL,,,,,,,,,
2026-09-15T18:47:08.430401+00:00,close,,WIFIRT,ICT/SMC Scalp Pro,long,,,41088.0,40500.59264027328,,,,2.43,,-1427.3998841359291,3867016.415536368,SL,,,,,,,,,
2026-09-15T18:47:11.173525+00:00,open,,WIFIRT,ICT/SMC Scalp Pro,long,,,40260.0,,39495.40052665552,41406.89921001672,42553.79842003345,4.96,200000.0,,,,,,,,,,,,
2026-09-15T19:16:19.576835+00:00,open,,SEIIRT,ICT/SMC Scalp Pro,long,,,9755.5,,9607.473701141766,9977.53944828735,10199.578896574702,20.5,200000.0,,,,,,,,,,,,
2026-09-15T19:30:55.449222+00:00,close,,DOGEIRT,ICT/SMC Scalp Pro,long,,,18308.0,18661.100357121337,,,,5.46,,1927.9279498824992,3868944.3434862504,TP1,,,,,,,,,
2026-09-15T19:31:00.792459+00:00,close,,ETHIRT,ICT/SMC Scalp Pro,long,,,547616875.0,557834995.180748,,,,0.000182,,1859.6978728961333,3870804.0413591466,TP1,,,,,,,,,
2026-09-15T20:31:43.558468+00:00,open,,XRPIRT,ICT/SMC Scalp Pro,long,,,294336.0,,286023.5440572158,306804.6839141764,319273.36782835267,0.6,200000.0,,,,,,,,,,,,
2026-09-15T21:01:16.848927+00:00,close,,GRAMIRT,ICT/SMC Scalp Pro,long,,,303218.0,307317.85760033113,,,,0.32979,,1352.092038013204,3872156.1333971596,TP1,,,,,,,,,
2026-09-15T21:16:07.624322+00:00,open,,NOTIRT,ICT/SMC Scalp Pro,long,,,100.05,,98.1753029643906,102.86204555341406,105.67409110682816,1999.0,200000.0,,,,,,,,,,,,
2026-09-15T22:15:52.631352+00:00,close,,FLOKIIRT,ICT/SMC Scalp Pro,long,,,5.42944,5.35623080773436,,,,18418.1,,-1348.3742240677705,3870807.759173092,SL,,,,,,,,,
2026-09-15T22:15:53.131352+00:00,close,,FLOKIIRT,ICT/SMC Scalp Pro,long,,,5.42944,5.35623080773436,,,,18418.1,,-1348.3742240677705,3869459.3849490243,SL,,,,,,,,,
2026-09-15T22:16:07.339104+00:00,close,,NOTIRT,ICT/SMC Scalp Pro,long,,,100.05,98.1753029643906,,,,999.5,,-1873.7596870915825,3867585.6252619326,SL,,,,,,,,,
2026-09-15T22:16:07.839104+00:00,close,,NOTIRT,ICT/SMC Scalp Pro,long,,,100.05,98.1753029643906,,,,999.5,,-1873.7596870915825,3865711.865574841,SL,,,,,,,,,
2026-09-15T23:16:11.321043+00:00,close,,PEPEIRT,ICT/SMC Scalp Pro,long,,,0.76302,0.7877533591919902,,,,131058.1,,3241.5070623197653,3868953.3726371606,TP1,,,,,,,,,
2026-09-15T23:16:35.849187+00:00,close,,WIFIRT,ICT/SMC Scalp Pro,long,,,40260.0,41406.89921001672,,,,2.48,,2844.310040841474,3871797.682678002,TP1,,,,,,,,,
2026-09-16T00:01:52.286844+00:00,open,,TRBIRT,ICT/SMC Scalp Pro,short,,,3800994.5,,3848048.8064293,3730413.04035605,3659831.5807121,0.0526,200000.0,,,,,,,,,,,,
2026-09-16T00:31:33.438499+00:00,close,,TRBIRT,ICT/SMC Scalp Pro,short,,,3800994.5,3848048.8064293,,,,0.0263,,-1237.5282590905897,3870560.1544189113,SL,,,,,,,,,
2026-09-16T00:31:33.938499+00:00,close,,TRBIRT,ICT/SMC Scalp Pro,short,,,3800994.5,3848048.8064293,,,,0.0263,,-1237.5282590905897,3869322.6261598207,SL,,,,,,,,,
2026-09-16T01:01:10.047819+00:00,close,,GRAMIRT,ICT/SMC Scalp Pro,long,,,303218.0,303218.0,,,,0.3298,,0.0,3869322.6261598207,SL,,,,,,,,,
2026-09-16T01:16:27.892810+00:00,open,,TRXIRT,ICT/SMC Scalp Pro,long,,,76675.5,,76491.05295003056,76952.17057495414,77228.84114990832,2.6,200000.0,,,,,,,,,,,,
2026-09-16T01:46:26.253340+00:00,close,,TRXIRT,ICT/SMC Scalp Pro,long,,,76675.5,76952.17057495414,,,,1.3,,359.6717474403864,3869682.297907261,TP1,,,,,,,,,
2026-09-16T01:46:26.884441+00:00,close,,TRXIRT,ICT/SMC Scalp Pro,long,,,76675.5,76675.5,,,,1.3,,0.0,3869682.297907261,SL,,,,,,,,,
2026-09-16T02:00:50.942803+00:00,close,,ADAIRT,Supertrend+ADX,long,,,46008.5,44492.51830499822,,,,6.520534,,-9885.01018563672,3859797.2877216246,SL,,,,,,,,,
2026-09-16T02:00:51.442803+00:00,close,,ADAIRT,Supertrend+ADX,long,,,46008.5,44492.51830499822,,,,6.520534,,-9885.01018563672,3849912.277535988,SL,,,,,,,,,
2026-09-16T02:00:53.520680+00:00,close,,ADAIRT,ICT/SMC Scalp Pro,long,,,45400.5,44636.15165131832,,,,2.202618,,-1683.5674310765537,3848228.7101049116,SL,,,,,,,,,
2026-09-16T02:00:54.020680+00:00,close,,ADAIRT,ICT/SMC Scalp Pro,long,,,45400.5,44636.15165131832,,,,2.202618,,-1683.5674310765537,3846545.142673835,SL,,,,,,,,,
2026-09-16T02:01:04.059787+00:00,close,,DOGEIRT,ICT/SMC Scalp Pro,long,,,18308.0,18308.0,,,,5.46,,0.0,3846545.142673835,SL,,,,,,,,,
2026-09-16T02:01:26.478255+00:00,open,,NOTIRT,ICT/SMC Scalp Pro,long,,,97.25,,95.87863738347436,99.30704392478845,101.36408784957688,2056.5,200000.0,,,,,,,,,,,,
2026-09-16T02:01:44.740874+00:00,open,,TIAIRT,ICT/SMC Scalp Pro,long,,,74354.0,,73472.23931679978,75676.64102480034,76999.28204960065,2.6898,200000.0,,,,,,,,,,,,
2026-09-16T02:01:57.405548+00:00,open,,XLMIRT,ICT/SMC Scalp Pro,long,,,40281.4,,39674.25934167779,41192.1109874833,42102.8219749666,4.965,200000.0,,,,,,,,,,,,
2026-09-16T03:15:35.814407+00:00,close,,ARBIRT,ICT/SMC Scalp Pro,short,,,35609.5,35609.5,,,,2.8082,,-0.0,3846545.142673835,SL,,,,,,,,,
2026-09-16T03:30:51.289586+00:00,open,,DOGEIRT,ICT/SMC Scalp Pro,long,,,18518.0,,18352.95780164336,18765.563297534954,19013.12659506992,10.8,200000.0,,,,,,,,,,,,
2026-09-16T04:31:28.807139+00:00,close,,TIAIRT,ICT/SMC Scalp Pro,long,,,74354.0,75676.64102480034,,,,1.3449,,1778.819914253974,3848323.962588089,TP1,,,,,,,,,
2026-09-16T06:45:46.995059+00:00,open,,DOGSIRT,ICT/SMC Scalp Pro,short,,,10.705,,10.79733258084782,10.566501128728271,10.42800225745654,18682.8,200000.0,,,,,,,,,,,,
2026-09-16T06:46:00.607544+00:00,close,,LINKIRT,ICT/SMC Scalp Pro,long,,,2527547.5,2489004.4355310854,,,,0.0395,,-1522.4510465221283,3846801.511541567,SL,,,,,,,,,
2026-09-16T06:46:00.943797+00:00,close,,LINKIRT,ICT/SMC Scalp Pro,long,,,2527547.5,2489004.4355310854,,,,0.0396,,-1526.30535296902,3845275.2061885977,SL,,,,,,,,,
2026-09-16T06:46:13.970776+00:00,close,,SHIBIRT,ICT/SMC Scalp Pro,long,,,1.14695,1.1291419285540478,,,,87187.7,,-1552.6447908082368,3843722.5613977895,SL,,,,,,,,,
2026-09-16T06:46:14.323643+00:00,close,,SHIBIRT,ICT/SMC Scalp Pro,long,,,1.14695,1.1291419285540478,,,,87187.8,,-1552.6465716153816,3842169.9148261743,SL,,,,,,,,,
2026-09-16T07:00:57.065089+00:00,open,,ARBIRT,ICT/SMC Scalp Pro,short,,,35033.0,,36094.72389366548,33440.414159501786,31847.828319003565,5.7089,200000.0,,,,,,,,,,,,
2026-09-16T07:16:05.716377+00:00,open,,LINKIRT,ICT/SMC Scalp Pro,long,,,2488946.5,,2465806.9997414765,2523655.750387785,2558365.000775571,0.0803,200000.0,,,,,,,,,,,,
2026-09-16T07:31:21.483422+00:00,open,,SHIBIRT,ICT/SMC Scalp Pro,long,,,1.1213000000000002,,1.1104883768270049,1.137517434759493,1.153734869518986,178364.3,200000.0,,,,,,,,,,,,
2026-09-16T07:31:37.595699+00:00,open,,TRBIRT,ICT/SMC Scalp Pro,long,,,3777634.0,,3747669.7377517903,3822580.393372315,3867526.78674463,0.0529,200000.0,,,,,,,,,,,,
2026-09-16T07:45:43.884527+00:00,close,,DOGEIRT,ICT/SMC Scalp Pro,long,,,18518.0,18352.95780164336,,,,5.4,,-891.2278711258427,3841278.6869550482,SL,,,,,,,,,
2026-09-16T07:45:44.384527+00:00,close,,DOGEIRT,ICT/SMC Scalp Pro,long,,,18518.0,18352.95780164336,,,,5.4,,-891.2278711258427,3840387.459083922,SL,,,,,,,,,
2026-09-16T07:46:11.870458+00:00,close,,SEIIRT,ICT/SMC Scalp Pro,long,,,9755.5,9607.473701141766,,,,10.2,,-1509.8682483539912,3838877.590835568,SL,,,,,,,,,
2026-09-16T07:46:12.188741+00:00,close,,SEIIRT,ICT/SMC Scalp Pro,long,,,9755.5,9607.473701141766,,,,10.3,,-1524.6708782398148,3837352.919957328,SL,,,,,,,,,
2026-09-16T08:00:58.405821+00:00,close,,DOGSIRT,ICT/SMC Scalp Pro,short,,,10.705,10.566501128728271,,,,9341.4,,1293.7733560977272,3838646.693313426,TP1,,,,,,,,,
2026-09-16T08:01:13.762289+00:00,close,,LINKIRT,ICT/SMC Scalp Pro,long,,,2488946.5,2465806.9997414765,,,,0.0401,,-927.8939603667924,3837718.799353059,SL,,,,,,,,,
2026-09-16T08:01:14.109486+00:00,close,,LINKIRT,ICT/SMC Scalp Pro,long,,,2488946.5,2465806.9997414765,,,,0.0402,,-930.2079103926447,3836788.5914426665,SL,,,,,,,,,
2026-09-16T08:01:26.225760+00:00,open,,SEIIRT,ICT/SMC Scalp Pro,long,,,9608.0,,9537.355777519491,9713.966333720762,9819.932667441522,20.8,200000.0,,,,,,,,,,,,
2026-09-16T08:15:37.432850+00:00,open,,ADAIRT,ICT/SMC Scalp Pro,long,,,44429.0,,44009.53768631325,45058.193470530125,45687.38694106024,4.501564,200000.0,,,,,,,,,,,,
2026-09-16T08:16:03.386564+00:00,close,,NOTIRT,ICT/SMC Scalp Pro,long,,,97.25,95.87863738347436,,,,1028.2,,-1410.035042311653,3835378.556400355,SL,,,,,,,,,
2026-09-16T08:16:03.884864+00:00,close,,NOTIRT,ICT/SMC Scalp Pro,long,,,97.25,95.87863738347436,,,,1028.3,,-1410.1721785733052,3833968.3842217815,SL,,,,,,,,,
2026-09-16T08:16:07.246091+00:00,open,,NOTIRT,ICT/SMC Scalp Pro,long,,,95.65,,94.63975905269967,97.16536142095048,98.68072284190096,2090.9,200000.0,,,,,,,,,,,,
2026-09-16T08:16:33.078630+00:00,close,,TRBIRT,ICT/SMC Scalp Pro,long,,,3777634.0,3747669.7377517903,,,,0.0264,,-791.0565233527354,3833177.3276984286,SL,,,,,,,,,
2026-09-16T08:16:33.580459+00:00,close,,TRBIRT,ICT/SMC Scalp Pro,long,,,3777634.0,3747669.7377517903,,,,0.0265,,-794.0529495775564,3832383.274748851,SL,,,,,,,,,
2026-09-16T08:16:37.473030+00:00,open,,TRBIRT,ICT/SMC Scalp Pro,long,,,3746373.5,,3715482.866146657,3792709.450780015,3839045.401560029,0.0533,200000.0,,,,,,,,,,,,
2026-09-16T08:30:49.270006+00:00,close,,BTCIRT,ICT/SMC Scalp Pro,long,,,17444404516.5,17284950816.433575,,,,5.73e-06,,-913.6697013806172,3831469.6050474704,SL,,,,,,,,,
2026-09-16T08:30:49.770006+00:00,close,,BTCIRT,ICT/SMC Scalp Pro,long,,,17444404516.5,17284950816.433575,,,,5.73e-06,,-913.6697013806172,3830555.93534609,SL,,,,,,,,,
2026-09-16T08:30:52.911390+00:00,open,,BTCIRT,ICT/SMC Scalp Pro,long,,,17290166201.5,,17214665569.66022,17403417149.25967,17516668097.019337,1.156e-05,200000.0,,,,,,,,,,,,
2026-09-16T08:30:56.256978+00:00,open,,DOGEIRT,ICT/SMC Scalp Pro,long,,,18200.0,,18068.088220311307,18397.867669533043,18595.735339066083,10.98,200000.0,,,,,,,,,,,,
2026-09-16T08:30:58.747072+00:00,close,,DOGSIRT,ICT/SMC Scalp Pro,short,,,10.705,10.42800225745654,,,,9341.4,,2587.5467121954707,3833143.4820582853,TP2,,,,,,,,,
2026-09-16T08:31:02.126266+00:00,open,,DOGSIRT,ICT/SMC Scalp Pro,long,,,10.31,,10.185415647464126,10.496876528803808,10.683753057607616,19398.6,200000.0,,,,,,,,,,,,
2026-09-16T08:31:04.362671+00:00,close,,ETHIRT,ICT/SMC Scalp Pro,long,,,547616875.0,547616875.0,,,,0.000182,,0.0,3833143.4820582853,SL,,,,,,,,,
2026-09-16T08:31:27.642970+00:00,close,,SHIBIRT,ICT/SMC Scalp Pro,long,,,1.1213000000000002,1.1104883768270049,,,,89182.1,,-964.2032589763872,3832179.278799309,SL,,,,,,,,,
2026-09-16T08:31:28.142970+00:00,close,,SHIBIRT,ICT/SMC Scalp Pro,long,,,1.1213000000000002,1.1104883768270049,,,,89182.1,,-964.2032589763872,3831215.0755403326,SL,,,,,,,,,
2026-09-16T08:31:37.687130+00:00,close,,TIAIRT,ICT/SMC Scalp Pro,long,,,74354.0,74354.0,,,,1.3449,,0.0,3831215.0755403326,SL,,,,,,,,,
2026-09-16T09:15:43.892864+00:00,close,,BTCIRT,ICT/SMC Scalp Pro,long,,,17290166201.5,17403417149.25967,,,,5.78e-06,,654.590478050894,3831869.6660183836,TP1,,,,,,,,,
2026-09-16T09:45:35.822134+00:00,close,,ARBIRT,ICT/SMC Scalp Pro,short,,,35033.0,36094.72389366548,,,,2.8544,,-3030.584682078734,3828839.081336305,SL,,,,,,,,,
2026-09-16T09:45:36.261518+00:00,close,,ARBIRT,ICT/SMC Scalp Pro,short,,,35033.0,36094.72389366548,,,,2.8545,,-3030.6908544681005,3825808.390481837,SL,,,,,,,,,
2026-09-16T10:16:04.215866+00:00,open,,LINKIRT,ICT/SMC Scalp Pro,long,,,2484748.5,,2463668.438348081,2516368.5924778786,2547988.6849557566,0.0804,200000.0,,,,,,,,,,,,
2026-09-16T11:01:25.021835+00:00,close,,NOTIRT,ICT/SMC Scalp Pro,long,,,95.65,97.16536142095048,,,,1045.4,,1584.1588294616358,3827392.549311299,TP1,,,,,,,,,
2026-09-16T11:01:26.072161+00:00,close,,NOTIRT,ICT/SMC Scalp Pro,long,,,95.65,98.68072284190096,,,,1045.5,,3168.6207312074466,3830561.1700425064,TP2,,,,,,,,,
2026-09-16T12:01:00.750419+00:00,close,,DOGEIRT,ICT/SMC Scalp Pro,long,,,18200.0,18397.867669533043,,,,5.49,,1086.2935057364073,3831647.463548243,TP1,,,,,,,,,
2026-09-16T12:30:57.784722+00:00,close,,DOGSIRT,ICT/SMC Scalp Pro,long,,,10.31,10.185415647464126,,,,9699.3,,-1208.3810105511925,3830439.082537692,SL,,,,,,,,,
2026-09-16T12:30:58.284722+00:00,close,,DOGSIRT,ICT/SMC Scalp Pro,long,,,10.31,10.185415647464126,,,,9699.3,,-1208.3810105511925,3829230.701527141,SL,,,,,,,,,
2026-09-16T12:31:25.575855+00:00,open,,SHIBIRT,ICT/SMC Scalp Pro,long,,,1.10685,,1.0959266335607871,1.1232350496588193,1.1396200993176386,180692.9,200000.0,,,,,,,,,,,,
2026-09-16T12:46:32.411128+00:00,close,,TRBIRT,ICT/SMC Scalp Pro,long,,,3746373.5,3715482.866146657,,,,0.0266,,-821.6908604989197,3828409.0106666423,SL,,,,,,,,,
2026-09-16T12:46:32.791438+00:00,close,,TRBIRT,ICT/SMC Scalp Pro,long,,,3746373.5,3715482.866146657,,,,0.0267,,-824.7799238842541,3827584.230742758,SL,,,,,,,,,
2026-09-16T13:15:38.581186+00:00,close,,ADAIRT,ICT/SMC Scalp Pro,long,,,44429.0,44009.53768631325,,,,2.250782,,-944.1182253244956,3826640.1125174337,SL,,,,,,,,,
2026-09-16T13:15:39.081186+00:00,close,,ADAIRT,ICT/SMC Scalp Pro,long,,,44429.0,44009.53768631325,,,,2.250782,,-944.1182253244956,3825695.9942921093,SL,,,,,,,,,
2026-09-16T13:15:44.800144+00:00,open,,ARBIRT,ICT/SMC Scalp Pro,short,,,39462.5,,40670.93078589187,37649.85382116219,35837.2076423244,5.0681,200000.0,,,,,,,,,,,,
2026-09-16T13:15:51.132941+00:00,close,,DOGEIRT,ICT/SMC Scalp Pro,long,,,18200.0,18200.0,,,,5.49,,0.0,3825695.9942921093,SL,,,,,,,,,
2026-09-16T13:16:00.241754+00:00,open,,FLOKIIRT,ICT/SMC Scalp Pro,long,,,5.30818,,5.2716991955254375,5.362901206711844,5.417622413423687,37677.6,200000.0,,,,,,,,,,,,
2026-09-16T13:16:06.501381+00:00,close,,HBARIRT,ICT/SMC Scalp Pro,long,,,17169.5,16881.490202923826,,,,5.8242,,-1677.426660131055,3824018.567631978,SL,,,,,,,,,
2026-09-16T13:16:06.944459+00:00,close,,HBARIRT,ICT/SMC Scalp Pro,long,,,17169.5,16881.490202923826,,,,5.8243,,-1677.4554611107628,3822341.112170867,SL,,,,,,,,,
2026-09-16T13:31:10.114767+00:00,open,,HBARIRT,ICT/SMC Scalp Pro,long,,,16889.0,,16772.059167838317,17064.411248242523,17239.82249648505,11.842,200000.0,,,,,,,,,,,,
2026-09-16T13:31:13.080272+00:00,close,,LINKIRT,ICT/SMC Scalp Pro,long,,,2484748.5,2463668.438348081,,,,0.0402,,-847.4184784071452,3821493.69369246,SL,,,,,,,,,
2026-09-16T13:31:13.580272+00:00,close,,LINKIRT,ICT/SMC Scalp Pro,long,,,2484748.5,2463668.438348081,,,,0.0402,,-847.4184784071452,3820646.275214053,SL,,,,,,,,,
2026-09-16T13:31:40.135245+00:00,open,,TRBIRT,ICT/SMC Scalp Pro,long,,,3755730.5,,3717027.130459535,3813785.5543106976,3871840.608621396,0.0532,200000.0,,,,,,,,,,,,
2026-09-16T13:45:56.122311+00:00,close,,HBARIRT,Supertrend+ADX,short,,,17881.0,16826.35757632136,,,,16.7776,,17694.368727510762,3838340.643941564,TP2,,,,,,,,,
2026-09-16T13:45:57.929735+00:00,close,,HBARIRT,ICT/SMC Scalp Pro,long,,,16889.0,16772.059167838317,,,,5.921,,-692.4066672293246,3837648.2372743348,SL,,,,,,,,,
2026-09-16T13:45:58.429735+00:00,close,,HBARIRT,ICT/SMC Scalp Pro,long,,,16889.0,16772.059167838317,,,,5.921,,-692.4066672293246,3836955.8306071055,SL,,,,,,,,,
2026-09-16T14:01:15.806271+00:00,open,,LINKIRT,Supertrend+ADX,long,,,2459045.0,,2413443.455514041,2527447.3167289384,2595849.6334578763,0.2439,600000.0,,,,,,,,,,,,
2026-09-16T14:15:38.301327+00:00,close,,ARBIRT,ICT/SMC Scalp Pro,short,,,39462.5,37649.85382116219,,,,2.534,,4593.245417175003,3841549.0760242804,TP1,,,,,,,,,
2026-09-16T14:15:51.030453+00:00,close,,FLOKIIRT,ICT/SMC Scalp Pro,long,,,5.30818,5.2716991955254375,,,,18838.8,,-687.2545793353897,3840861.821444945,SL,,,,,,,,,
2026-09-16T14:15:51.530453+00:00,close,,FLOKIIRT,ICT/SMC Scalp Pro,long,,,5.30818,5.2716991955254375,,,,18838.8,,-687.2545793353897,3840174.5668656095,SL,,,,,,,,,
2026-09-16T14:15:55.298491+00:00,open,,FLOKIIRT,ICT/SMC Scalp Pro,long,,,5.263199999999999,,5.222416854267809,5.324374718598284,5.385549437196568,37999.6,200000.0,,,,,,,,,,,,
2026-09-16T14:16:01.799246+00:00,open,,HBARIRT,ICT/SMC Scalp Pro,long,,,16705.0,,16564.934797341724,16915.097803987413,17125.19560797483,11.9724,200000.0,,,,,,,,,,,,
2026-09-16T14:16:12.621557+00:00,close,,SEIIRT,ICT/SMC Scalp Pro,long,,,9608.0,9537.355777519491,,,,10.4,,-734.6999137972715,3839439.866951812,SL,,,,,,,,,
2026-09-16T14:16:13.121557+00:00,close,,SEIIRT,ICT/SMC Scalp Pro,long,,,9608.0,9537.355777519491,,,,10.4,,-734.6999137972715,3838705.1670380146,SL,,,,,,,,,
2026-09-16T14:16:16.360474+00:00,open,,SEIIRT,ICT/SMC Scalp Pro,long,,,9534.5,,9457.557442185538,9649.913836721693,9765.327673443386,20.9,200000.0,,,,,,,,,,,,
2026-09-16T14:16:23.875480+00:00,open,,SOLIRT,Supertrend+ADX,long,,,22279453.5,,21934247.83548612,22797261.99677082,23315070.493541643,0.026,600000.0,,,,,,,,,,,,
2026-09-16T14:16:29.465845+00:00,open,,TIAIRT,ICT/SMC Scalp Pro,long,,,75011.0,,74192.94264590101,76238.08603114849,77465.17206229697,2.6662,200000.0,,,,,,,,,,,,
2026-09-16T14:32:12.769919+00:00,open,,TRXIRT,ICT/SMC Scalp Pro,short,,,76852.5,,76993.34743036362,76641.22885445457,76429.95770890915,2.6,200000.0,,,,,,,,,,,,
2026-09-16T14:46:26.685763+00:00,close,,TRXIRT,ICT/SMC Scalp Pro,short,,,76852.5,76993.34743036362,,,,1.3,,-183.1016594727029,3838522.065378542,SL,,,,,,,,,
2026-09-16T14:46:27.185763+00:00,close,,TRXIRT,ICT/SMC Scalp Pro,short,,,76852.5,76993.34743036362,,,,1.3,,-183.1016594727029,3838338.9637190695,SL,,,,,,,,,
2026-09-16T15:01:21.328152+00:00,close,,PEPEIRT,ICT/SMC Scalp Pro,long,,,0.76302,0.76302,,,,131058.1,,0.0,3838338.9637190695,SL,,,,,,,,,
2026-09-16T15:01:28.398950+00:00,close,,SHIBIRT,ICT/SMC Scalp Pro,long,,,1.10685,1.0959266335607871,,,,90346.4,,-986.8868336636924,3837352.076885406,SL,,,,,,,,,
2026-09-16T15:01:28.865473+00:00,close,,SHIBIRT,ICT/SMC Scalp Pro,long,,,1.10685,1.0959266335607871,,,,90346.5,,-986.8879260003364,3836365.1889594058,SL,,,,,,,,,
2026-09-16T15:01:43.200636+00:00,open,,TIAIRT,Supertrend+ADX,long,,,74861.0,,73258.98571861323,77264.02142208014,79667.0428441603,8.0148,600000.0,,,,,,,,,,,,
2026-09-16T15:01:49.334304+00:00,close,,TRBIRT,ICT/SMC Scalp Pro,long,,,3755730.5,3717027.130459535,,,,0.0266,,-1029.5096297763707,3835335.6793296295,SL,,,,,,,,,
2026-09-16T15:01:49.834304+00:00,close,,TRBIRT,ICT/SMC Scalp Pro,long,,,3755730.5,3717027.130459535,,,,0.0266,,-1029.5096297763707,3834306.1696998533,SL,,,,,,,,,
2026-09-16T15:16:28.635662+00:00,open,,TRXIRT,ICT/SMC Scalp Pro,short,,,77023.0,,77163.819821736,76811.77026739599,76600.54053479199,2.59,200000.0,,,,,,,,,,,,
2026-09-16T15:46:30.214235+00:00,close,,TRXIRT,ICT/SMC Scalp Pro,short,,,77023.0,77163.819821736,,,,1.29,,-181.6575700394453,3834124.512129814,SL,,,,,,,,,
2026-09-16T15:46:30.714235+00:00,close,,TRXIRT,ICT/SMC Scalp Pro,short,,,77023.0,77163.819821736,,,,1.29,,-181.6575700394453,3833942.8545597745,SL,,,,,,,,,
2026-09-16T15:46:34.970037+00:00,open,,TRXIRT,ICT/SMC Scalp Pro,short,,,77194.5,,77336.41031628294,76981.63452557559,76768.76905115116,2.59,200000.0,,,,,,,,,,,,
2026-09-16T16:01:14.732884+00:00,close,,HBARIRT,ICT/SMC Scalp Pro,long,,,16705.0,16564.934797341724,,,,5.9862,,-838.4583161529698,3833104.3962436216,SL,,,,,,,,,
2026-09-16T16:01:15.232884+00:00,close,,HBARIRT,ICT/SMC Scalp Pro,long,,,16705.0,16564.934797341724,,,,5.9862,,-838.4583161529698,3832265.9379274687,SL,,,,,,,,,
2026-09-16T16:01:46.999634+00:00,open,,TRBIRT,ICT/SMC Scalp Pro,long,,,3722439.0,,3670329.629163267,3800603.0562551,3878767.1125102,0.0537,200000.0,,,,,,,,,,,,
2026-09-16T16:01:48.897435+00:00,close,,TRXIRT,ICT/SMC Scalp Pro,short,,,77194.5,77336.41031628294,,,,1.29,,-183.06430800499453,3832082.8736194638,SL,,,,,,,,,
2026-09-16T16:01:49.397435+00:00,close,,TRXIRT,ICT/SMC Scalp Pro,short,,,77194.5,77336.41031628294,,,,1.29,,-183.06430800499453,3831899.809311459,SL,,,,,,,,,
2026-09-16T16:16:29.338568+00:00,open,,TRXIRT,ICT/SMC Scalp Pro,short,,,77317.0,,77467.82084380223,77090.76873429667,76864.53746859332,2.58,200000.0,,,,,,,,,,,,
2026-09-16T16:30:47.215749+00:00,close,,ARBIRT,ICT/SMC Scalp Pro,short,,,39462.5,35837.2076423244,,,,2.5341,,9186.853363585738,3841086.6626750445,TP2,,,,,,,,,
2026-09-16T16:31:38.094992+00:00,close,,TRXIRT,ICT/SMC Scalp Pro,short,,,77317.0,77467.82084380223,,,,1.29,,-194.5588885048723,3840892.1037865398,SL,,,,,,,,,
2026-09-16T16:31:38.594992+00:00,close,,TRXIRT,ICT/SMC Scalp Pro,short,,,77317.0,77467.82084380223,,,,1.29,,-194.5588885048723,3840697.544898035,SL,,,,,,,,,
2026-09-16T17:16:00.552648+00:00,open,,NOTIRT,ICT/SMC Scalp Pro,long,,,96.55,,95.34214862361824,98.36177706457264,100.17355412914526,2071.4,200000.0,,,,,,,,,,,,
2026-09-16T17:45:39.504892+00:00,open,,ADAIRT,ICT/SMC Scalp Pro,long,,,43985.0,,43513.99555062136,44691.50667406796,45398.01334813594,4.547004,200000.0,,,,,,,,,,,,
2026-09-16T17:45:49.521016+00:00,open,,DOGEIRT,ICT/SMC Scalp Pro,long,,,18082.0,,17934.69298361254,18302.960524581194,18523.92104916239,11.06,200000.0,,,,,,,,,,,,
2026-09-16T17:45:54.964762+00:00,open,,ETHIRT,ICT/SMC Scalp Pro,long,,,546700056.5,,542644781.7211734,552782968.66824,558865880.8364797,0.000365,200000.0,,,,,,,,,,,,
2026-09-16T17:45:57.785430+00:00,close,,FLOKIIRT,ICT/SMC Scalp Pro,long,,,5.263199999999999,5.222416854267809,,,,18999.8,,-774.8716122824655,3839922.6732857525,SL,,,,,,,,,
2026-09-16T17:45:58.285430+00:00,close,,FLOKIIRT,ICT/SMC Scalp Pro,long,,,5.263199999999999,5.222416854267809,,,,18999.8,,-774.8716122824655,3839147.80167347,SL,,,,,,,,,
2026-09-16T17:46:01.937616+00:00,open,,FLOKIIRT,ICT/SMC Scalp Pro,long,,,5.208575,,5.162551212971891,5.277610680542162,5.346646361084325,38398.2,200000.0,,,,,,,,,,,,
2026-09-16T18:15:34.176211+00:00,close,,ADAIRT,ICT/SMC Scalp Pro,long,,,43985.0,44691.50667406796,,,,2.273502,,1606.2443365068582,3840754.046009977,TP1,,,,,,,,,
2026-09-16T18:15:35.393702+00:00,close,,ADAIRT,ICT/SMC Scalp Pro,long,,,43985.0,43985.0,,,,2.273502,,0.0,3840754.046009977,SL,,,,,,,,,
2026-09-16T18:15:44.770467+00:00,close,,DOGEIRT,ICT/SMC Scalp Pro,long,,,18082.0,18302.960524581194,,,,5.53,,1221.9117009340057,3841975.957710911,TP1,,,,,,,,,
2026-09-16T18:15:50.299195+00:00,close,,ETHIRT,ICT/SMC Scalp Pro,long,,,546700056.5,552782968.66824,,,,0.000182,,1107.0900146196711,3843083.047725531,TP1,,,,,,,,,
2026-09-16T18:15:51.010351+00:00,close,,ETHIRT,ICT/SMC Scalp Pro,long,,,546700056.5,546700056.5,,,,0.000182,,0.0,3843083.047725531,SL,,,,,,,,,
2026-09-16T18:15:55.318092+00:00,close,,FLOKIIRT,ICT/SMC Scalp Pro,long,,,5.208575,5.277610680542162,,,,19199.1,,1325.4229342970334,3844408.470659828,TP1,,,,,,,,,
2026-09-16T18:31:05.927907+00:00,open,,LINKIRT,ICT/SMC Scalp Pro,short,,,2493735.0,,2527022.644750796,2443803.5328738065,2393872.065747613,0.0802,200000.0,,,,,,,,,,,,
2026-09-16T18:45:44.171925+00:00,close,,DOGEIRT,ICT/SMC Scalp Pro,long,,,18082.0,18523.92104916239,,,,5.53,,2443.823401868011,3846852.2940616957,TP2,,,,,,,,,
2026-09-16T18:45:48.477060+00:00,open,,DOGEIRT,ICT/SMC Scalp Pro,short,,,18467.5,,18726.402581924973,18079.14612711254,17690.792254225085,10.82,200000.0,,,,,,,,,,,,
2026-09-16T18:46:00.074953+00:00,open,,GRAMIRT,ICT/SMC Scalp Pro,long,,,298781.5,,295892.9327886515,303114.3508170228,307447.20163404546,0.66938,200000.0,,,,,,,,,,,,
2026-09-16T18:46:14.731199+00:00,close,,SEIIRT,ICT/SMC Scalp Pro,long,,,9534.5,9649.913836721693,,,,10.4,,1200.3039019056057,3848052.5979636014,TP1,,,,,,,,,
2026-09-16T18:46:24.088290+00:00,close,,SUIIRT,ICT/SMC Scalp Pro,long,,,157388.0,161147.76008560057,,,,0.6353,,2388.575582382045,3850441.1735459836,TP1,,,,,,,,,
2026-09-16T18:46:25.275955+00:00,close,,SUIIRT,ICT/SMC Scalp Pro,long,,,157388.0,157388.0,,,,0.6354,,0.0,3850441.1735459836,SL,,,,,,,,,
2026-09-16T18:46:29.175194+00:00,open,,SUIIRT,ICT/SMC Scalp Pro,short,,,160672.0,,163614.79321905258,156257.81017142115,151843.62034284227,1.2447,200000.0,,,,,,,,,,,,
2026-09-16T18:46:45.272694+00:00,close,,XLMIRT,ICT/SMC Scalp Pro,long,,,40281.4,41192.1109874833,,,,2.4825,,2260.8400264273023,3852702.013572411,TP1,,,,,,,,,
2026-09-16T19:01:23.171624+00:00,close,,NOTIRT,ICT/SMC Scalp Pro,long,,,96.55,98.36177706457264,,,,1035.7,,1876.457505777881,3854578.471078189,TP1,,,,,,,,,
2026-09-16T19:30:49.551116+00:00,close,,BTCIRT,ICT/SMC Scalp Pro,long,,,17290166201.5,17290166201.5,,,,5.78e-06,,0.0,3854578.471078189,SL,,,,,,,,,
2026-09-16T19:46:23.317690+00:00,close,,TIAIRT,ICT/SMC Scalp Pro,long,,,75011.0,76238.08603114849,,,,1.3331,,1635.8283881240477,3856214.2994663133,TP1,,,,,,,,,
2026-09-16T20:15:46.178288+00:00,close,,FLOKIIRT,ICT/SMC Scalp Pro,long,,,5.208575,5.346646361084325,,,,19199.1,,2650.845868594067,3858865.1453349073,TP2,,,,,,,,,
2026-09-16T20:16:00.198742+00:00,close,,LINKIRT,ICT/SMC Scalp Pro,short,,,2493735.0,2527022.644750796,,,,0.0401,,-1334.8345545068926,3857530.3107804004,SL,,,,,,,,,
2026-09-16T20:16:00.698742+00:00,close,,LINKIRT,ICT/SMC Scalp Pro,short,,,2493735.0,2527022.644750796,,,,0.0401,,-1334.8345545068926,3856195.4762258935,SL,,,,,,,,,
2026-09-16T20:16:19.549760+00:00,close,,SUIIRT,ICT/SMC Scalp Pro,short,,,160672.0,163614.79321905258,,,,0.6223,,-1831.3002202164173,3854364.176005677,SL,,,,,,,,,
2026-09-16T20:16:19.927341+00:00,close,,SUIIRT,ICT/SMC Scalp Pro,short,,,160672.0,163614.79321905258,,,,0.6224,,-1831.594499538323,3852532.5815061387,SL,,,,,,,,,
2026-09-16T20:16:24.111454+00:00,open,,SUIIRT,ICT/SMC Scalp Pro,short,,,164597.0,,167838.5518790892,159734.6721813662,154872.34436273237,1.215,200000.0,,,,,,,,,,,,
2026-09-16T20:31:14.912704+00:00,close,,SEIIRT,ICT/SMC Scalp Pro,long,,,9534.5,9765.327673443386,,,,10.4,,2400.6078038112114,3854933.18930995,TP2,,,,,,,,,
2026-09-16T20:31:35.692741+00:00,close,,TRBIRT,ICT/SMC Scalp Pro,long,,,3722439.0,3800603.0562551,,,,0.0268,,2094.796707636676,3857027.9860175867,TP1,,,,,,,,,
2026-09-16T20:45:56.407529+00:00,close,,LINKIRT,Supertrend+ADX,long,,,2459045.0,2527447.3167289384,,,,0.1219,,8338.242409257587,3865366.2284268443,TP1,,,,,,,,,
2026-09-16T20:46:33.526159+00:00,close,,XLMIRT,ICT/SMC Scalp Pro,long,,,40281.4,42102.8219749666,,,,2.4825,,4521.680052854605,3869887.908479699,TP2,,,,,,,,,
2026-09-16T23:16:18.307603+00:00,close,,TIAIRT,Supertrend+ADX,long,,,74861.0,77264.02142208014,,,,4.0074,,9629.868046843963,3879517.776526543,TP1,,,,,,,,,
2026-09-16T23:16:21.163834+00:00,close,,TIAIRT,ICT/SMC Scalp Pro,long,,,75011.0,77465.17206229697,,,,1.3331,,3271.656776248095,3882789.433302791,TP2,,,,,,,,,
2026-09-16T23:31:08.769455+00:00,close,,NOTIRT,ICT/SMC Scalp Pro,long,,,96.55,100.17355412914526,,,,1035.7,,3752.915011555748,3886542.3483143467,TP2,,,,,,,,,
2026-09-16T23:45:56.205166+00:00,open,,ETHIRT,ICT/SMC Scalp Pro,long,,,555961043.5,,550732823.1445086,563803374.033237,571645704.5664742,0.000359,200000.0,,,,,,,,,,,,
2026-09-16T23:46:02.470422+00:00,close,,GRAMIRT,ICT/SMC Scalp Pro,long,,,298781.5,303114.3508170228,,,,0.33469,,1450.1618399493566,3887992.510154296,TP1,,,,,,,,,
2026-09-17T00:01:23.985417+00:00,open,,NOTIRT,ICT/SMC Scalp Pro,short,,,100.7,,101.9958551358247,98.75621729626296,96.81243459252588,1986.0,200000.0,,,,,,,,,,,,
2026-09-17T00:01:47.272431+00:00,close,,TRBIRT,ICT/SMC Scalp Pro,long,,,3722439.0,3878767.1125102,,,,0.0268,,4189.593415273351,3892182.1035695695,TP2,,,,,,,,,
2026-09-17T00:01:50.605903+00:00,open,,TRBIRT,ICT/SMC Scalp Pro,short,,,3917063.5,,3968741.658445529,3839546.262331706,3762029.024663412,0.051,200000.0,,,,,,,,,,,,
2026-09-17T01:16:27.329786+00:00,close,,TRBIRT,ICT/SMC Scalp Pro,short,,,3917063.5,3839546.262331706,,,,0.0255,,1976.6895605414968,3894158.793130111,TP1,,,,,,,,,
2026-09-17T01:31:11.556245+00:00,open,,PEPEIRT,ICT/SMC Scalp Pro,short,,,0.7876099999999999,,0.7998461756722853,0.7692557364915718,0.7509014729831436,253932.7,200000.0,,,,,,,,,,,,
2026-09-17T01:31:16.885180+00:00,close,,SOLIRT,Supertrend+ADX,long,,,22279453.5,22797261.99677082,,,,0.013,,6731.510458020679,3900890.3035881314,TP1,,,,,,,,,
2026-09-17T01:31:18.871522+00:00,close,,SOLIRT,ICT/SMC Scalp Pro,long,,,22368869.0,22781831.629006617,,,,0.004,,1651.8505160264672,3902542.154104158,TP1,,,,,,,,,
2026-09-17T01:46:22.452532+00:00,close,,TIAIRT,Supertrend+ADX,long,,,74861.0,79667.0428441603,,,,4.0074,,19259.736093687985,3921801.8901978456,TP2,,,,,,,,,
2026-09-17T02:31:01.197554+00:00,open,,FLOKIIRT,ICT/SMC Scalp Pro,short,,,5.39394,,5.451470163436679,5.30764475484498,5.221349509689961,37078.6,200000.0,,,,,,,,,,,,
2026-09-17T02:45:38.185261+00:00,open,,ADAIRT,ICT/SMC Scalp Pro,short,,,44982.0,,45511.692283682896,44187.461574475645,43392.92314895129,4.446222,200000.0,,,,,,,,,,,,
2026-09-17T02:45:45.144507+00:00,open,,BTCIRT,ICT/SMC Scalp Pro,short,,,17497287211.5,,17599452107.29764,17344039867.803535,17190792524.107075,1.143e-05,200000.0,,,,,,,,,,,,
2026-09-17T02:46:14.158279+00:00,open,,SEIIRT,ICT/SMC Scalp Pro,short,,,9906.0,,10001.734487074043,9762.398269388936,9618.796538777871,20.1,200000.0,,,,,,,,,,,,
2026-09-17T04:15:41.743029+00:00,open,,ARBIRT,ICT/SMC Scalp Pro,short,,,38146.0,,39179.55529682472,36595.66705476293,35045.334109525866,5.243,200000.0,,,,,,,,,,,,
2026-09-17T04:46:28.041934+00:00,close,,TRBIRT,ICT/SMC Scalp Pro,short,,,3917063.5,3917063.5,,,,0.0255,,-0.0,3921801.8901978456,SL,,,,,,,,,
2026-09-17T05:15:38.306014+00:00,close,,ARBIRT,ICT/SMC Scalp Pro,short,,,38146.0,39179.55529682472,,,,2.6215,,-2709.465210625988,3919092.4249872197,SL,,,,,,,,,
2026-09-17T05:15:38.806014+00:00,close,,ARBIRT,ICT/SMC Scalp Pro,short,,,38146.0,39179.55529682472,,,,2.6215,,-2709.465210625988,3916382.959776594,SL,,,,,,,,,
2026-09-17T05:15:42.969634+00:00,open,,ARBIRT,ICT/SMC Scalp Pro,short,,,39375.0,,40488.50811710348,37704.73782434478,36034.47564868957,5.0793,200000.0,,,,,,,,,,,,
2026-09-17T05:45:49.253555+00:00,open,,DOGSIRT,ICT/SMC Scalp Pro,long,,,10.27,,10.154749969814036,10.442875045278946,10.615750090557892,19474.1,200000.0,,,,,,,,,,,,
2026-09-17T06:01:13.344265+00:00,open,,HBARIRT,ICT/SMC Scalp Pro,long,,,16888.0,,16744.538613403878,17103.192079894183,17318.384159788362,11.8427,200000.0,,,,,,,,,,,,
2026-09-17T06:31:47.159356+00:00,close,,WIFIRT,ICT/SMC Scalp Pro,long,,,40260.0,42553.79842003345,,,,2.48,,5688.620081682948,3922071.579858277,TP2,,,,,,,,,
2026-09-17T07:16:11.003418+00:00,close,,PEPEIRT,Supertrend+ADX,short,,,0.797615,0.797615,,,,376121.3,,-0.0,3922071.579858277,SL,,,,,,,,,
2026-09-17T07:16:13.436671+00:00,close,,PEPEIRT,ICT/SMC Scalp Pro,short,,,0.7876099999999999,0.7998461756722853,,,,126966.3,,-1553.581951260091,3920517.997907017,SL,,,,,,,,,
2026-09-17T07:16:13.827039+00:00,close,,PEPEIRT,ICT/SMC Scalp Pro,short,,,0.7876099999999999,0.7998461756722853,,,,126966.4,,-1553.5831748776582,3918964.414732139,SL,,,,,,,,,
2026-09-17T07:16:18.185731+00:00,open,,PEPEIRT,ICT/SMC Scalp Pro,short,,,0.798305,,0.8098855917230319,0.7809341124154522,0.7635632248309041,250530.8,200000.0,,,,,,,,,,,,
2026-09-17T07:30:53.147299+00:00,close,,ADAIRT,ICT/SMC Scalp Pro,short,,,44982.0,45511.692283682896,,,,2.223111,,-1177.5647424705671,3917786.8499896685,SL,,,,,,,,,
2026-09-17T07:30:53.647299+00:00,close,,ADAIRT,ICT/SMC Scalp Pro,short,,,44982.0,45511.692283682896,,,,2.223111,,-1177.5647424705671,3916609.285247198,SL,,,,,,,,,
2026-09-17T07:30:58.467349+00:00,close,,ARBIRT,ICT/SMC Scalp Pro,short,,,39375.0,37704.73782434478,,,,2.5396,,4241.797821293992,3920851.083068492,TP1,,,,,,,,,
2026-09-17T07:31:48.095732+00:00,open,,TIAIRT,ICT/SMC Scalp Pro,short,,,80190.5,,80999.91730281764,78976.37404577354,77762.24809154708,2.494,200000.0,,,,,,,,,,,,
2026-09-17T08:15:52.089381+00:00,close,,FLOKIIRT,ICT/SMC Scalp Pro,short,,,5.39394,5.451470163436679,,,,18539.3,,-1066.568959001626,3919784.5141094904,SL,,,,,,,,,
2026-09-17T08:15:52.589381+00:00,close,,FLOKIIRT,ICT/SMC Scalp Pro,short,,,5.39394,5.451470163436679,,,,18539.3,,-1066.568959001626,3918717.945150489,SL,,,,,,,,,
2026-09-17T08:45:39.877018+00:00,open,,ADAIRT,ICT/SMC Scalp Pro,short,,,45465.0,,45871.96902170796,44854.54646743806,44244.09293487612,4.398988,200000.0,,,,,,,,,,,,
2026-09-17T08:45:58.789003+00:00,open,,FLOKIIRT,ICT/SMC Scalp Pro,short,,,5.445715,,5.480648079451466,5.393315380822801,5.340915761645602,36726.1,200000.0,,,,,,,,,,,,
2026-09-17T09:31:43.748714+00:00,open,,XLMIRT,ICT/SMC Scalp Pro,long,,,41593.9,,41252.253953249296,42106.36907012604,42618.83814025208,4.8083,200000.0,,,,,,,,,,,,
2026-09-17T09:45:56.311102+00:00,close,,FLOKIIRT,ICT/SMC Scalp Pro,short,,,5.445715,5.480648079451466,,,,18363.0,,-641.4761379672775,3918076.4690125217,SL,,,,,,,,,
2026-09-17T09:45:56.950085+00:00,close,,FLOKIIRT,ICT/SMC Scalp Pro,short,,,5.445715,5.480648079451466,,,,18363.1,,-641.4796312752226,3917434.9893812463,SL,,,,,,,,,
2026-09-17T10:16:03.593078+00:00,close,,GRAMIRT,ICT/SMC Scalp Pro,long,,,298781.5,298781.5,,,,0.33469,,0.0,3917434.9893812463,SL,,,,,,,,,
2026-09-17T10:16:07.043552+00:00,open,,GRAMIRT,ICT/SMC Scalp Pro,short,,,300628.0,,302401.3509176523,297967.9736235215,295307.947247043,0.66527,200000.0,,,,,,,,,,,,
2026-09-17T10:16:33.416885+00:00,close,,TIAIRT,ICT/SMC Scalp Pro,short,,,80190.5,78976.37404577354,,,,1.247,,1514.0150649203954,3918949.0044461666,TP1,,,,,,,,,
2026-09-17T10:16:44.624233+00:00,close,,XLMIRT,ICT/SMC Scalp Pro,long,,,41593.9,41252.253953249296,,,,2.4041,,-821.3512609933546,3918127.6531851734,SL,,,,,,,,,
2026-09-17T10:16:45.268588+00:00,close,,XLMIRT,ICT/SMC Scalp Pro,long,,,41593.9,41252.253953249296,,,,2.4042,,-821.3854255980295,3917306.2677595755,SL,,,,,,,,,
2026-09-17T11:01:10.497297+00:00,close,,GRAMIRT,ICT/SMC Scalp Pro,short,,,300628.0,302401.3509176523,,,,0.33263,,-589.869715738687,3916716.398043837,SL,,,,,,,,,
2026-09-17T11:01:11.169707+00:00,close,,GRAMIRT,ICT/SMC Scalp Pro,short,,,300628.0,302401.3509176523,,,,0.33264,,-589.8874492478635,3916126.510594589,SL,,,,,,,,,
2026-09-17T11:15:58.067717+00:00,open,,GRAMIRT,ICT/SMC Scalp Pro,short,,,306008.0,,308371.3462448117,302462.9806327824,298917.96126556484,0.65357,200000.0,,,,,,,,,,,,
2026-09-17T11:45:40.121210+00:00,close,,BTCIRT,ICT/SMC Scalp Pro,short,,,17497287211.5,17344039867.803535,,,,5.71e-06,,875.0423325068126,3917001.552927096,TP1,,,,,,,,,
2026-09-17T12:16:02.833621+00:00,close,,HBARIRT,ICT/SMC Scalp Pro,long,,,16888.0,17103.192079894183,,,,5.9213,,1274.2168626774246,3918275.7697897735,TP1,,,,,,,,,
2026-09-17T12:16:08.685243+00:00,open,,LINKIRT,ICT/SMC Scalp Pro,short,,,2559352.0,,2580603.8489432964,2527474.226585056,2495596.4531701114,0.0781,200000.0,,,,,,,,,,,,
2026-09-17T12:16:21.399974+00:00,open,,SHIBIRT,ICT/SMC Scalp Pro,short,,,1.15535,,1.166154041704449,1.1391439374433263,1.1229378748866523,173107.7,200000.0,,,,,,,,,,,,
2026-09-17T12:16:36.674077+00:00,open,,TRBIRT,ICT/SMC Scalp Pro,short,,,3876252.0,,3905428.1326921815,3832487.8009617273,3788723.601923455,0.0515,200000.0,,,,,,,,,,,,
2026-09-17T12:30:50.632964+00:00,close,,ADAIRT,ICT/SMC Scalp Pro,short,,,45465.0,45871.96902170796,,,,2.199494,,-895.125921432533,3917380.643868341,SL,,,,,,,,,
2026-09-17T12:30:51.132964+00:00,close,,ADAIRT,ICT/SMC Scalp Pro,short,,,45465.0,45871.96902170796,,,,2.199494,,-895.125921432533,3916485.5179469087,SL,,,,,,,,,
2026-09-17T12:30:55.765331+00:00,open,,ADAIRT,ICT/SMC Scalp Pro,short,,,45887.5,,46306.68237586685,45258.72643619972,44629.95287239944,4.358485,200000.0,,,,,,,,,,,,
2026-09-17T12:31:02.388007+00:00,close,,BTCIRT,ICT/SMC Scalp Pro,short,,,17497287211.5,17497287211.5,,,,5.72e-06,,-0.0,3916485.5179469087,SL,,,,,,,,,
2026-09-17T12:31:06.673038+00:00,open,,BTCIRT,ICT/SMC Scalp Pro,short,,,17524818879.5,,17595433703.48212,17418896643.526817,17312974407.55363,1.141e-05,200000.0,,,,,,,,,,,,
2026-09-17T12:45:47.013621+00:00,close,,ETHIRT,ICT/SMC Scalp Pro,long,,,555961043.5,563803374.033237,,,,0.000179,,1403.7771654494195,3917889.295112358,TP1,,,,,,,,,
2026-09-17T12:45:55.640384+00:00,close,,GRAMIRT,ICT/SMC Scalp Pro,short,,,306008.0,302462.9806327824,,,,0.32678,,1158.441428819371,3919047.736541177,TP1,,,,,,,,,
2026-09-17T13:01:03.136851+00:00,close,,BTCIRT,ICT/SMC Scalp Pro,short,,,17524818879.5,17418896643.526817,,,,5.7e-06,,603.7567450471412,3919651.493286224,TP1,,,,,,,,,
2026-09-17T13:45:35.012426+00:00,close,,ADAIRT,ICT/SMC Scalp Pro,short,,,45887.5,45258.72643619972,,,,2.179242,,1370.2497587232608,3921021.7430449473,TP1,,,,,,,,,
2026-09-17T13:45:42.025929+00:00,close,,BTCIRT,ICT/SMC Scalp Pro,short,,,17524818879.5,17312974407.55363,,,,5.7e-06,,1207.5134900943042,3922229.2565350416,TP2,,,,,,,,,
2026-09-17T13:45:46.068810+00:00,open,,BTCIRT,ICT/SMC Scalp Pro,long,,,17291504044.5,,17201003832.537888,17427254362.44317,17563004680.386333,1.156e-05,200000.0,,,,,,,,,,,,
2026-09-17T13:45:53.949164+00:00,close,,ETHIRT,ICT/SMC Scalp Pro,long,,,555961043.5,555961043.5,,,,0.00018,,0.0,3922229.2565350416,SL,,,,,,,,,
2026-09-17T13:45:57.229667+00:00,open,,ETHIRT,ICT/SMC Scalp Pro,short,,,553586080.5,,557670640.0313858,547459241.2029214,541332401.9058427,0.000361,200000.0,,,,,,,,,,,,
2026-09-17T13:46:06.264283+00:00,close,,HBARIRT,ICT/SMC Scalp Pro,long,,,16888.0,16888.0,,,,5.9214,,0.0,3922229.2565350416,SL,,,,,,,,,
2026-09-17T13:46:10.463950+00:00,open,,HBARIRT,ICT/SMC Scalp Pro,short,,,16833.5,,16986.866907325566,16603.44963901165,16373.399278023306,11.881,200000.0,,,,,,,,,,,,
2026-09-17T13:46:41.391547+00:00,open,,TRXIRT,ICT/SMC Scalp Pro,long,,,76033.0,,75913.86535905443,76211.70196141835,76390.4039228367,2.63,200000.0,,,,,,,,,,,,
2026-09-17T14:01:05.396362+00:00,close,,ETHIRT,ICT/SMC Scalp Pro,short,,,553586080.5,557670640.0313858,,,,0.00018,,-735.2207156494403,3921494.035819392,SL,,,,,,,,,
2026-09-17T14:01:05.896362+00:00,close,,ETHIRT,ICT/SMC Scalp Pro,short,,,553586080.5,557670640.0313858,,,,0.00018,,-735.2207156494403,3920758.8151037428,SL,,,,,,,,,
2026-09-17T14:01:09.756479+00:00,open,,ETHIRT,ICT/SMC Scalp Pro,short,,,558906721.5,,563477271.858642,552050895.962037,545195070.4240739,0.000357,200000.0,,,,,,,,,,,,
2026-09-17T14:01:17.541033+00:00,close,,HBARIRT,ICT/SMC Scalp Pro,short,,,16833.5,16986.866907325566,,,,5.9405,,-911.0761129675248,3919847.7389907753,SL,,,,,,,,,
2026-09-17T14:01:18.041033+00:00,close,,HBARIRT,ICT/SMC Scalp Pro,short,,,16833.5,16986.866907325566,,,,5.9405,,-911.0761129675248,3918936.662877808,SL,,,,,,,,,
2026-09-17T14:01:21.249027+00:00,open,,HBARIRT,ICT/SMC Scalp Pro,short,,,16939.0,,17097.386716524452,16701.419925213322,16463.839850426644,11.807,200000.0,,,,,,,,,,,,
2026-09-17T14:01:52.261089+00:00,close,,TRXIRT,ICT/SMC Scalp Pro,long,,,76033.0,75913.86535905443,,,,1.31,,-156.0663796387003,3918780.596498169,SL,,,,,,,,,
2026-09-17T14:01:52.761089+00:00,close,,TRXIRT,ICT/SMC Scalp Pro,long,,,76033.0,75913.86535905443,,,,1.31,,-156.0663796387003,3918624.53011853,SL,,,,,,,,,
2026-09-17T14:01:58.798053+00:00,open,,XLMIRT,ICT/SMC Scalp Pro,short,,,41789.350000000006,,42198.50098300284,41175.62352549576,40561.89705099151,4.7859,200000.0,,,,,,,,,,,,
2026-09-17T14:15:33.980342+00:00,close,,ADAIRT,ICT/SMC Scalp Pro,short,,,45887.5,45887.5,,,,2.179243,,-0.0,3918624.53011853,SL,,,,,,,,,
2026-09-17T14:15:41.780134+00:00,close,,BTCIRT,ICT/SMC Scalp Pro,long,,,17291504044.5,17427254362.44317,,,,5.78e-06,,784.6368377115147,3919409.1669562417,TP1,,,,,,,,,
2026-09-17T14:15:53.940669+00:00,open,,FLOKIIRT,Supertrend+ADX,short,,,5.51778,,5.631109399350129,5.347785900974806,5.177791801949611,108739.3,600000.0,,,,,,,,,,,,
2026-09-17T14:16:06.001404+00:00,close,,LINKIRT,ICT/SMC Scalp Pro,short,,,2559352.0,2580603.8489432964,,,,0.039,,-828.8221087885578,3918580.3448474533,SL,,,,,,,,,
2026-09-17T14:16:06.462340+00:00,close,,LINKIRT,ICT/SMC Scalp Pro,short,,,2559352.0,2580603.8489432964,,,,0.0391,,-830.9472936828876,3917749.3975537703,SL,,,,,,,,,
2026-09-17T14:16:09.359149+00:00,open,,LINKIRT,ICT/SMC Scalp Pro,short,,,2586378.0,,2616670.5893835733,2540939.11592464,2495500.23184928,0.0773,200000.0,,,,,,,,,,,,
2026-09-17T14:16:14.130316+00:00,close,,PEPEIRT,ICT/SMC Scalp Pro,short,,,0.798305,0.8098855917230319,,,,125265.4,,-1450.6474544222713,3916298.750099348,SL,,,,,,,,,
2026-09-17T14:16:14.630316+00:00,close,,PEPEIRT,ICT/SMC Scalp Pro,short,,,0.798305,0.8098855917230319,,,,125265.4,,-1450.6474544222713,3914848.1026449255,SL,,,,,,,,,
2026-09-17T14:16:40.507691+00:00,open,,WIFIRT,Supertrend+ADX,short,,,42455.5,,43948.62765824974,40215.80851262539,37976.11702525079,14.13,600000.0,,,,,,,,,,,,
2026-09-17T14:30:51.184155+00:00,close,,DOGEIRT,ICT/SMC Scalp Pro,short,,,18467.5,18726.402581924973,,,,5.41,,-1400.6629682141026,3913447.4396767113,SL,,,,,,,,,
2026-09-17T14:30:51.684155+00:00,close,,DOGEIRT,ICT/SMC Scalp Pro,short,,,18467.5,18726.402581924973,,,,5.41,,-1400.6629682141026,3912046.776708497,SL,,,,,,,,,
2026-09-17T14:30:55.955132+00:00,open,,DOGEIRT,ICT/SMC Scalp Pro,short,,,18723.0,,18897.30751551314,18461.538726730287,18200.077453460577,10.68,200000.0,,,,,,,,,,,,
2026-09-17T14:31:13.051299+00:00,close,,HBARIRT,ICT/SMC Scalp Pro,short,,,16939.0,17097.386716524452,,,,5.9035,,-935.035981002102,3911111.740727495,SL,,,,,,,,,
2026-09-17T14:31:13.551299+00:00,close,,HBARIRT,ICT/SMC Scalp Pro,short,,,16939.0,17097.386716524452,,,,5.9035,,-935.035981002102,3910176.7047464927,SL,,,,,,,,,
2026-09-17T14:31:16.635812+00:00,open,,HBARIRT,ICT/SMC Scalp Pro,short,,,17154.5,,17327.90356167314,16894.394657490284,16634.289314980568,11.6587,200000.0,,,,,,,,,,,,
2026-09-17T14:31:29.904499+00:00,close,,SHIBIRT,ICT/SMC Scalp Pro,short,,,1.15535,1.166154041704449,,,,86553.8,,-935.1308648785416,3909241.573881614,SL,,,,,,,,,
2026-09-17T14:31:30.331268+00:00,close,,SHIBIRT,ICT/SMC Scalp Pro,short,,,1.15535,1.166154041704449,,,,86553.9,,-935.1319452827116,3908306.4419363313,SL,,,,,,,,,
2026-09-17T14:31:34.055249+00:00,open,,SHIBIRT,ICT/SMC Scalp Pro,short,,,1.17565,,1.1899297407590237,1.154230388861465,1.1328107777229293,170118.6,200000.0,,,,,,,,,,,,
2026-09-17T14:31:56.478288+00:00,close,,XLMIRT,ICT/SMC Scalp Pro,short,,,41789.350000000006,42198.50098300284,,,,2.3929,,-979.057387227489,3907327.3845491037,SL,,,,,,,,,
2026-09-17T14:31:57.013297+00:00,close,,XLMIRT,ICT/SMC Scalp Pro,short,,,41789.350000000006,42198.50098300284,,,,2.393,,-979.0983023257892,3906348.286246778,SL,,,,,,,,,
2026-09-17T14:32:00.554598+00:00,open,,XLMIRT,ICT/SMC Scalp Pro,short,,,42374.65,,42832.84745023311,41687.353824650345,41000.05764930069,4.7198,200000.0,,,,,,,,,,,,
2026-09-17T14:45:49.498270+00:00,close,,DOGSIRT,ICT/SMC Scalp Pro,long,,,10.27,10.442875045278946,,,,9737.0,,1683.2843158810997,3908031.5705626593,TP1,,,,,,,,,
2026-09-17T14:46:03.763647+00:00,close,,HBARIRT,ICT/SMC Scalp Pro,short,,,17154.5,17327.90356167314,,,,5.8293,,-1010.8213820612448,3907020.749180598,SL,,,,,,,,,
2026-09-17T14:46:04.336926+00:00,close,,HBARIRT,ICT/SMC Scalp Pro,short,,,17154.5,17327.90356167314,,,,5.8294,,-1010.838722417412,3906009.9104581806,SL,,,,,,,,,
2026-09-17T14:46:08.225845+00:00,open,,HBARIRT,ICT/SMC Scalp Pro,short,,,17330.0,,17516.241196732495,17050.638204901257,16771.276409802515,11.5406,200000.0,,,,,,,,,,,,
2026-09-17T15:01:21.969126+00:00,close,,GRAMIRT,ICT/SMC Scalp Pro,short,,,306008.0,306008.0,,,,0.32678,,-0.0,3906009.9104581806,SL,,,,,,,,,
2026-09-17T15:15:48.819538+00:00,close,,DOGEIRT,ICT/SMC Scalp Pro,short,,,18723.0,18461.538726730287,,,,5.34,,1396.2031992602688,3907406.113657441,TP1,,,,,,,,,
2026-09-17T15:16:40.777800+00:00,open,,WIFIRT,ICT/SMC Scalp Pro,short,,,41812.0,,42383.76236660245,40954.35645009632,40096.71290019263,4.78,200000.0,,,,,,,,,,,,
2026-09-17T16:16:29.500841+00:00,close,,NOTIRT,ICT/SMC Scalp Pro,short,,,100.7,101.9958551358247,,,,993.0,,-1286.7841498739222,3906119.329507567,SL,,,,,,,,,
2026-09-17T16:16:30.000841+00:00,close,,NOTIRT,ICT/SMC Scalp Pro,short,,,100.7,101.9958551358247,,,,993.0,,-1286.7841498739222,3904832.545357693,SL,,,,,,,,,
2026-09-17T16:30:48.337168+00:00,close,,ARBIRT,ICT/SMC Scalp Pro,short,,,39375.0,39375.0,,,,2.5397,,-0.0,3904832.545357693,SL,,,,,,,,,
2026-09-17T16:31:20.058057+00:00,open,,NOTIRT,ICT/SMC Scalp Pro,short,,,102.95,,104.15942917051449,101.13585624422832,99.3217124884566,1942.6,200000.0,,,,,,,,,,,,
2026-09-17T17:01:25.802819+00:00,close,,SEIIRT,ICT/SMC Scalp Pro,short,,,9906.0,10001.734487074043,,,,10.0,,-957.344870740435,3903875.2004869524,SL,,,,,,,,,
2026-09-17T17:01:26.274839+00:00,close,,SEIIRT,ICT/SMC Scalp Pro,short,,,9906.0,10001.734487074043,,,,10.1,,-966.9183194478392,3902908.2821675045,SL,,,,,,,,,
2026-09-17T17:01:29.902489+00:00,close,,SHIBIRT,ICT/SMC Scalp Pro,short,,,1.17565,1.1899297407590237,,,,85059.3,,-1214.6247531440167,3901693.6574143604,SL,,,,,,,,,
2026-09-17T17:01:30.402489+00:00,close,,SHIBIRT,ICT/SMC Scalp Pro,short,,,1.17565,1.1899297407590237,,,,85059.3,,-1214.6247531440167,3900479.0326612163,SL,,,,,,,,,
2026-09-17T17:01:33.718825+00:00,open,,SHIBIRT,ICT/SMC Scalp Pro,short,,,1.1915,,1.2099773018654638,1.1637840472018042,1.1360680944036083,167855.6,200000.0,,,,,,,,,,,,
2026-09-17T17:01:54.647453+00:00,close,,WIFIRT,ICT/SMC Scalp Pro,short,,,41812.0,42383.76236660245,,,,2.39,,-1366.5120561798603,3899112.5206050365,SL,,,,,,,,,
2026-09-17T17:01:55.147453+00:00,close,,WIFIRT,ICT/SMC Scalp Pro,short,,,41812.0,42383.76236660245,,,,2.39,,-1366.5120561798603,3897746.0085488567,SL,,,,,,,,,
2026-09-17T17:30:55.157701+00:00,close,,DOGEIRT,ICT/SMC Scalp Pro,short,,,18723.0,18723.0,,,,5.34,,-0.0,3897746.0085488567,SL,,,,,,,,,
2026-09-17T17:31:16.542784+00:00,close,,LINKIRT,Supertrend+ADX,long,,,2459045.0,2595849.6334578763,,,,0.122,,16690.165281860904,3914436.173830718,TP2,,,,,,,,,
2026-09-17T17:31:31.121379+00:00,close,,SOLIRT,ICT/SMC Scalp Pro,long,,,22368869.0,23194794.25801323,,,,0.004,,3303.70103205292,3917739.8748627705,TP2,,,,,,,,,
2026-09-17T17:31:35.420228+00:00,close,,SUIIRT,ICT/SMC Scalp Pro,short,,,164597.0,167838.5518790892,,,,0.6075,,-1969.2427665466948,3915770.632096224,SL,,,,,,,,,
2026-09-17T17:31:35.920228+00:00,close,,SUIIRT,ICT/SMC Scalp Pro,short,,,164597.0,167838.5518790892,,,,0.6075,,-1969.2427665466948,3913801.3893296774,SL,,,,,,,,,
2026-09-17T17:31:41.002543+00:00,close,,TIAIRT,ICT/SMC Scalp Pro,short,,,80190.5,80190.5,,,,1.247,,-0.0,3913801.3893296774,SL,,,,,,,,,
2026-09-17T17:46:19.167325+00:00,open,,TIAIRT,ICT/SMC Scalp Pro,short,,,80664.0,,81700.84870277444,79108.72694583834,77553.45389167669,2.4794,200000.0,,,,,,,,,,,,
2026-09-17T18:00:51.678904+00:00,open,,ARBIRT,ICT/SMC Scalp Pro,short,,,41850.5,,43140.20223730693,39915.94664403961,37981.393288079234,4.7789,200000.0,,,,,,,,,,,,
2026-09-17T18:30:56.824303+00:00,close,,DOGSIRT,ICT/SMC Scalp Pro,long,,,10.27,10.615750090557892,,,,9737.0,,3366.5686317621994,3917167.9579614396,TP2,,,,,,,,,
2026-09-17T18:31:22.729023+00:00,open,,SEIIRT,ICT/SMC Scalp Pro,short,,,9990.5,,10062.666939887116,9882.249590169326,9773.999180338653,20.0,200000.0,,,,,,,,,,,,
2026-09-17T19:15:50.335177+00:00,open,,DOGSIRT,ICT/SMC Scalp Pro,long,,,10.425,,10.316646775349945,10.587529836975088,10.750059673950172,19184.6,200000.0,,,,,,,,,,,,
2026-09-17T19:31:28.743506+00:00,open,,SOLIRT,ICT/SMC Scalp Pro,short,,,23003388.5,,23189998.87159172,22723472.942612424,22443557.38522485,0.008,200000.0,,,,,,,,,,,,
2026-09-17T19:31:32.312753+00:00,open,,SUIIRT,ICT/SMC Scalp Pro,short,,,167186.0,,168734.3396285625,164863.4905571562,162540.9811143124,1.1962,200000.0,,,,,,,,,,,,
2026-09-17T19:45:38.108023+00:00,close,,ARBIRT,ICT/SMC Scalp Pro,short,,,41850.5,39915.94664403961,,,,2.3894,,4622.421788731747,3921790.379750171,TP1,,,,,,,,,
2026-09-17T19:46:31.529763+00:00,open,,TRXIRT,ICT/SMC Scalp Pro,short,,,76216.5,,76344.28648985254,76024.82026522119,75833.14053044238,2.62,200000.0,,,,,,,,,,,,
2026-09-17T20:16:25.785961+00:00,close,,TRXIRT,ICT/SMC Scalp Pro,short,,,76216.5,76344.28648985254,,,,1.31,,-167.4003017068327,3921622.9794484642,SL,,,,,,,,,
2026-09-17T20:16:26.285961+00:00,close,,TRXIRT,ICT/SMC Scalp Pro,short,,,76216.5,76344.28648985254,,,,1.31,,-167.4003017068327,3921455.5791467573,SL,,,,,,,,,
2026-09-17T20:16:29.567858+00:00,open,,TRXIRT,ICT/SMC Scalp Pro,short,,,76368.5,,76495.91805920185,76177.37291119722,75986.24582239444,2.61,200000.0,,,,,,,,,,,,
2026-09-17T21:17:30.607016+00:00,close,,TRXIRT,ICT/SMC Scalp Pro,short,,,76368.5,76495.91805920185,,,,1.3,,-165.64347696240876,3921289.9356697947,SL,,,,,,,,,
2026-09-17T21:17:31.107016+00:00,close,,TRXIRT,ICT/SMC Scalp Pro,short,,,76368.5,76495.91805920185,,,,1.3,,-165.64347696240876,3921124.292192832,SL,,,,,,,,,
2026-09-17T21:46:51.029240+00:00,close,,SOLIRT,ICT/SMC Scalp Pro,short,,,23003388.5,23189998.87159172,,,,0.004,,-746.441486366868,3920377.850706465,SL,,,,,,,,,
2026-09-17T21:46:51.529240+00:00,close,,SOLIRT,ICT/SMC Scalp Pro,short,,,23003388.5,23189998.87159172,,,,0.004,,-746.441486366868,3919631.409220098,SL,,,,,,,,,
2026-09-17T22:10:30.613695+00:00,close,,SHIBIRT,ICT/SMC Scalp Pro,short,,,1.1915,1.1637840472018042,,,,83927.8,,2326.13894325642,3921957.5481633544,TP1,,,,,,,,,
2026-09-17T22:31:05.821039+00:00,close,,HBARIRT,ICT/SMC Scalp Pro,short,,,17330.0,17050.638204901257,,,,5.7703,,1612.001366258275,3923569.5495296125,TP1,,,,,,,,,
2026-09-17T22:48:39.084454+00:00,open,,SOLIRT,ICT/SMC Scalp Pro,short,,,23116771.5,,23274867.761055417,22879627.10841687,22642482.71683374,0.008,200000.0,,,,,,,,,,,,
2026-09-17T23:16:26.314107+00:00,close,,TRBIRT,ICT/SMC Scalp Pro,short,,,3876252.0,3905428.1326921815,,,,0.0257,,-749.8266101890647,3922819.7229194236,SL,,,,,,,,,
2026-09-17T23:16:26.814107+00:00,close,,TRBIRT,ICT/SMC Scalp Pro,short,,,3876252.0,3905428.1326921815,,,,0.0257,,-749.8266101890647,3922069.8963092347,SL,,,,,,,,,
2026-09-17T23:16:30.983805+00:00,open,,TRBIRT,ICT/SMC Scalp Pro,short,,,3903369.5,,3923517.677991618,3873147.233012574,3842924.966025147,0.0512,200000.0,,,,,,,,,,,,
2026-09-17T23:30:53.977237+00:00,close,,DOGSIRT,ICT/SMC Scalp Pro,long,,,10.425,10.587529836975088,,,,9592.3,,1559.0349552161156,3923628.931264451,TP1,,,,,,,,,
2026-09-17T23:31:32.924435+00:00,open,,TIAIRT,Supertrend+ADX,short,,,80358.0,,82122.08349649153,77711.87475526272,75065.74951052542,7.4665,600000.0,,,,,,,,,,,,
2026-09-18T00:01:02.751555+00:00,open,,DOGEIRT,ICT/SMC Scalp Pro,long,,,18579.5,,18478.744940574084,18730.63258913888,18881.765178277747,10.76,200000.0,,,,,,,,,,,,
2026-09-18T00:16:07.744048+00:00,close,,SEIIRT,ICT/SMC Scalp Pro,short,,,9990.5,10062.666939887116,,,,10.0,,-721.6693988711631,3922907.2618655795,SL,,,,,,,,,
2026-09-18T00:16:08.244048+00:00,close,,SEIIRT,ICT/SMC Scalp Pro,short,,,9990.5,10062.666939887116,,,,10.0,,-721.6693988711631,3922185.5924667083,SL,,,,,,,,,
2026-09-18T00:31:47.526520+00:00,close,,XLMIRT,ICT/SMC Scalp Pro,short,,,42374.65,41687.353824650345,,,,2.3599,,1621.9502442076546,3923807.542710916,TP1,,,,,,,,,
2026-09-18T00:45:37.300605+00:00,open,,ADAIRT,ICT/SMC Scalp Pro,short,,,46239.0,,46634.28711620616,45646.069325690754,45053.13865138151,4.325353,200000.0,,,,,,,,,,,,
2026-09-18T01:01:18.545309+00:00,close,,NOTIRT,ICT/SMC Scalp Pro,short,,,102.95,104.15942917051449,,,,971.3,,-1174.7185533207032,3922632.8241575956,SL,,,,,,,,,
2026-09-18T01:01:19.045309+00:00,close,,NOTIRT,ICT/SMC Scalp Pro,short,,,102.95,104.15942917051449,,,,971.3,,-1174.7185533207032,3921458.105604275,SL,,,,,,,,,
2026-09-18T01:01:26.357750+00:00,open,,SEIIRT,ICT/SMC Scalp Pro,short,,,10138.5,,10205.71081137097,10037.683782943544,9936.86756588709,19.7,200000.0,,,,,,,,,,,,
2026-09-18T01:01:34.822234+00:00,close,,SUIIRT,ICT/SMC Scalp Pro,short,,,167186.0,168734.3396285625,,,,0.5981,,-926.061931843252,3920532.0436724317,SL,,,,,,,,,
2026-09-18T01:01:35.322234+00:00,close,,SUIIRT,ICT/SMC Scalp Pro,short,,,167186.0,168734.3396285625,,,,0.5981,,-926.061931843252,3919605.9817405883,SL,,,,,,,,,
2026-09-18T01:15:33.409711+00:00,close,,ADAIRT,ICT/SMC Scalp Pro,short,,,46239.0,46634.28711620616,,,,2.162676,,-854.8779593282813,3918751.10378126,SL,,,,,,,,,
2026-09-18T01:15:33.898694+00:00,close,,ADAIRT,ICT/SMC Scalp Pro,short,,,46239.0,46634.28711620616,,,,2.162677,,-854.8783546153976,3917896.2254266446,SL,,,,,,,,,
2026-09-18T01:15:38.097177+00:00,open,,ADAIRT,ICT/SMC Scalp Pro,short,,,46699.5,,47134.49828661853,46047.00257007222,45394.50514014444,4.282701,200000.0,,,,,,,,,,,,
2026-09-18T01:15:40.405617+00:00,close,,ARBIRT,ICT/SMC Scalp Pro,short,,,41850.5,41850.5,,,,2.3895,,-0.0,3917896.2254266446,SL,,,,,,,,,
2026-09-18T01:16:08.711831+00:00,open,,PEPEIRT,ICT/SMC Scalp Pro,short,,,0.82672,,0.8381333060848284,0.8096000408727574,0.7924800817455148,241919.8,200000.0,,,,,,,,,,,,
2026-09-18T01:16:13.191812+00:00,close,,SHIBIRT,ICT/SMC Scalp Pro,short,,,1.1915,1.1915,,,,83927.8,,-0.0,3917896.2254266446,SL,,,,,,,,,
2026-09-18T01:16:22.438322+00:00,open,,SUIIRT,ICT/SMC Scalp Pro,short,,,171239.5,,173059.99251673787,168508.7612248932,165778.0224497864,1.1679,200000.0,,,,,,,,,,,,
2026-09-18T01:16:26.660009+00:00,close,,TIAIRT,ICT/SMC Scalp Pro,short,,,80664.0,81700.84870277444,,,,1.2397,,-1285.381336829475,3916610.844089815,SL,,,,,,,,,
2026-09-18T01:16:27.160009+00:00,close,,TIAIRT,ICT/SMC Scalp Pro,short,,,80664.0,81700.84870277444,,,,1.2397,,-1285.381336829475,3915325.4627529853,SL,,,,,,,,,
2026-09-18T01:30:48.409800+00:00,open,,ARBIRT,ICT/SMC Scalp Pro,short,,,41709.5,,42789.807205908015,40089.03919113798,38468.57838227596,4.795,200000.0,,,,,,,,,,,,
2026-09-18T01:31:09.241463+00:00,open,,GRAMIRT,ICT/SMC Scalp Pro,long,,,304654.5,,303256.0404846497,306752.1892730254,308849.87854605075,0.65648,200000.0,,,,,,,,,,,,
2026-09-18T01:31:33.895543+00:00,close,,TIAIRT,Supertrend+ADX,short,,,80358.0,82122.08349649153,,,,3.7332,,-6585.676509102167,3908739.786243883,SL,,,,,,,,,
2026-09-18T01:31:34.229978+00:00,close,,TIAIRT,Supertrend+ADX,short,,,80358.0,82122.08349649153,,,,3.7333,,-6585.852917451816,3902153.933326431,SL,,,,,,,,,
2026-09-18T01:45:38.611606+00:00,close,,ARBIRT,ICT/SMC Scalp Pro,short,,,41709.5,42789.807205908015,,,,2.3975,,-2590.036526164466,3899563.8968002666,SL,,,,,,,,,
2026-09-18T01:45:39.111606+00:00,close,,ARBIRT,ICT/SMC Scalp Pro,short,,,41709.5,42789.807205908015,,,,2.3975,,-2590.036526164466,3896973.860274102,SL,,,,,,,,,
2026-09-18T01:46:14.715231+00:00,close,,SEIIRT,ICT/SMC Scalp Pro,short,,,10138.5,10205.71081137097,,,,9.8,,-658.6659514354978,3896315.1943226666,SL,,,,,,,,,
2026-09-18T01:46:15.215231+00:00,close,,SEIIRT,ICT/SMC Scalp Pro,short,,,10138.5,10205.71081137097,,,,9.8,,-658.6659514354978,3895656.528371231,SL,,,,,,,,,
2026-09-18T01:46:18.828038+00:00,open,,SEIIRT,ICT/SMC Scalp Pro,short,,,10211.0,,10283.026691521884,10102.959962717174,9994.919925434346,19.5,200000.0,,,,,,,,,,,,
2026-09-18T01:46:24.323878+00:00,close,,SOLIRT,ICT/SMC Scalp Pro,short,,,23116771.5,23274867.761055417,,,,0.004,,-632.3850442216694,3895024.1433270094,SL,,,,,,,,,
2026-09-18T01:46:24.823878+00:00,close,,SOLIRT,ICT/SMC Scalp Pro,short,,,23116771.5,23274867.761055417,,,,0.004,,-632.3850442216694,3894391.7582827876,SL,,,,,,,,,
2026-09-18T01:46:28.506483+00:00,open,,SOLIRT,ICT/SMC Scalp Pro,short,,,23289350.5,,23440904.34350377,23062019.734744348,22834688.96948869,0.008,200000.0,,,,,,,,,,,,
2026-09-18T01:46:34.566180+00:00,open,,TIAIRT,ICT/SMC Scalp Pro,short,,,83507.5,,84531.71363336452,81971.17954995322,80434.85909990645,2.3949,200000.0,,,,,,,,,,,,
2026-09-18T02:00:50.750967+00:00,close,,ADAIRT,ICT/SMC Scalp Pro,short,,,46699.5,47134.49828661853,,,,2.14135,,-931.4835810505758,3893460.274701737,SL,,,,,,,,,
2026-09-18T02:00:51.348761+00:00,close,,ADAIRT,ICT/SMC Scalp Pro,short,,,46699.5,47134.49828661853,,,,2.141351,,-931.4840160488624,3892528.790685688,SL,,,,,,,,,
2026-09-18T02:00:55.407070+00:00,open,,ADAIRT,ICT/SMC Scalp Pro,short,,,47806.0,,48306.74901041295,47054.87648438058,46303.752968761175,4.183575,200000.0,,,,,,,,,,,,
2026-09-18T02:01:04.847323+00:00,close,,DOGEIRT,ICT/SMC Scalp Pro,long,,,18579.5,18730.63258913888,,,,5.38,,813.0933295671383,3893341.884015255,TP1,,,,,,,,,
2026-09-18T02:01:09.505585+00:00,close,,DOGSIRT,ICT/SMC Scalp Pro,long,,,10.425,10.750059673950172,,,,9592.3,,3118.069910432231,3896459.9539256874,TP2,,,,,,,,,
2026-09-18T02:01:28.462507+00:00,close,,LINKIRT,ICT/SMC Scalp Pro,short,,,2586378.0,2616670.5893835733,,,,0.0386,,-1169.2939502059282,3895290.659975481,SL,,,,,,,,,
2026-09-18T02:01:28.962507+00:00,close,,LINKIRT,ICT/SMC Scalp Pro,short,,,2586378.0,2616670.5893835733,,,,0.0386,,-1169.2939502059282,3894121.366025275,SL,,,,,,,,,
2026-09-18T02:01:32.556347+00:00,open,,LINKIRT,ICT/SMC Scalp Pro,short,,,2634846.5,,2654273.9697507783,2605705.295373833,2576564.0907476647,0.0759,200000.0,,,,,,,,,,,,
2026-09-18T02:01:35.492127+00:00,open,,NOTIRT,ICT/SMC Scalp Pro,short,,,106.0,,107.0789445688598,104.3815831467103,102.7631662934206,1886.7,200000.0,,,,,,,,,,,,
2026-09-18T02:01:46.003738+00:00,close,,SOLIRT,Supertrend+ADX,long,,,22279453.5,23315070.493541643,,,,0.013,,13463.020916041358,3907584.3869413165,TP2,,,,,,,,,
2026-09-18T02:01:52.097383+00:00,close,,SUIIRT,ICT/SMC Scalp Pro,short,,,171239.5,173059.99251673787,,,,0.5839,,-1062.985580523241,3906521.4013607935,SL,,,,,,,,,
2026-09-18T02:01:52.645735+00:00,close,,SUIIRT,ICT/SMC Scalp Pro,short,,,171239.5,173059.99251673787,,,,0.584,,-1063.1676297749148,3905458.2337310184,SL,,,,,,,,,
2026-09-18T02:02:02.880154+00:00,close,,TRBIRT,ICT/SMC Scalp Pro,short,,,3903369.5,3923517.677991618,,,,0.0256,,-515.7933565854192,3904942.440374433,SL,,,,,,,,,
2026-09-18T02:02:03.380154+00:00,close,,TRBIRT,ICT/SMC Scalp Pro,short,,,3903369.5,3923517.677991618,,,,0.0256,,-515.7933565854192,3904426.6470178477,SL,,,,,,,,,
2026-09-18T02:02:07.033407+00:00,open,,TRBIRT,ICT/SMC Scalp Pro,short,,,3928595.0,,3946391.6734255417,3901899.989861687,3875204.979723374,0.0509,200000.0,,,,,,,,,,,,
2026-09-18T02:02:14.614613+00:00,open,,WIFIRT,ICT/SMC Scalp Pro,short,,,43311.5,,43687.27894959495,42747.83157560758,42184.16315121516,4.61,200000.0,,,,,,,,,,,,
2026-09-18T02:15:42.335730+00:00,open,,ARBIRT,ICT/SMC Scalp Pro,short,,,45395.0,,46818.82940277983,43259.255895830254,41123.51179166052,4.4057,200000.0,,,,,,,,,,,,
2026-09-18T02:30:44.406736+00:00,close,,ADAIRT,ICT/SMC Scalp Pro,short,,,47806.0,48306.74901041295,,,,2.091787,,-1047.4602702446662,3903379.186747603,SL,,,,,,,,,
2026-09-18T02:30:44.879879+00:00,close,,ADAIRT,ICT/SMC Scalp Pro,short,,,47806.0,48306.74901041295,,,,2.091788,,-1047.4607709936768,3902331.7259766096,SL,,,,,,,,,
2026-09-18T02:30:49.059033+00:00,open,,ADAIRT,ICT/SMC Scalp Pro,short,,,49197.0,,49842.420182592665,48228.86972611101,47260.739452222006,4.065288,200000.0,,,,,,,,,,,,
2026-09-18T02:46:02.268604+00:00,close,,HBARIRT,ICT/SMC Scalp Pro,short,,,17330.0,17330.0,,,,5.7703,,-0.0,3902331.7259766096,SL,,,,,,,,,
2026-09-18T02:46:06.435390+00:00,open,,HBARIRT,ICT/SMC Scalp Pro,short,,,17341.0,,17476.199239173548,17138.20114123968,16935.402282479357,11.5333,200000.0,,,,,,,,,,,,
2026-09-18T03:01:07.783372+00:00,close,,DOGEIRT,ICT/SMC Scalp Pro,long,,,18579.5,18881.765178277747,,,,5.38,,1626.1866591342766,3903957.912635744,TP2,,,,,,,,,
2026-09-18T03:01:37.733140+00:00,close,,SEIIRT,ICT/SMC Scalp Pro,short,,,10211.0,10283.026691521884,,,,9.7,,-698.658907762288,3903259.253727982,SL,,,,,,,,,
2026-09-18T03:01:38.530567+00:00,close,,SEIIRT,ICT/SMC Scalp Pro,short,,,10211.0,10283.026691521884,,,,9.8,,-705.8615769144767,3902553.3921510675,SL,,,,,,,,,
2026-09-18T03:15:39.785348+00:00,close,,ARBIRT,ICT/SMC Scalp Pro,short,,,45395.0,46818.82940277983,,,,2.2028,,-3136.4114084433995,3899416.980742624,SL,,,,,,,,,
2026-09-18T03:15:40.214793+00:00,close,,ARBIRT,ICT/SMC Scalp Pro,short,,,45395.0,46818.82940277983,,,,2.2029,,-3136.553791383678,3896280.4269512403,SL,,,,,,,,,
2026-09-18T03:15:43.980766+00:00,open,,ARBIRT,ICT/SMC Scalp Pro,short,,,50033.5,,52002.97363105072,47079.28955342392,44125.07910684783,3.9973,200000.0,,,,,,,,,,,,
2026-09-18T03:15:56.859588+00:00,close,,FLOKIIRT,Supertrend+ADX,short,,,5.51778,5.631109399350129,,,,54369.6,,-6161.674110906784,3890118.7528403336,SL,,,,,,,,,
2026-09-18T03:15:57.228478+00:00,close,,FLOKIIRT,Supertrend+ADX,short,,,5.51778,5.631109399350129,,,,54369.7,,-6161.685443846719,3883957.067396487,SL,,,,,,,,,
2026-09-18T03:16:08.047661+00:00,close,,LINKIRT,ICT/SMC Scalp Pro,short,,,2634846.5,2654273.9697507783,,,,0.0379,,-736.301103554497,3883220.7662929324,SL,,,,,,,,,
2026-09-18T03:16:08.547661+00:00,close,,LINKIRT,ICT/SMC Scalp Pro,short,,,2634846.5,2654273.9697507783,,,,0.0379,,-736.301103554497,3882484.465189378,SL,,,,,,,,,
2026-09-18T03:16:11.574524+00:00,open,,LINKIRT,ICT/SMC Scalp Pro,short,,,2658504.0,,2680677.861903828,2625243.207144258,2591982.4142885166,0.0752,200000.0,,,,,,,,,,,,
2026-09-18T03:16:22.430488+00:00,close,,SOLIRT,ICT/SMC Scalp Pro,short,,,23289350.5,23440904.34350377,,,,0.004,,-606.2153740150779,3881878.2498153625,SL,,,,,,,,,
2026-09-18T03:16:22.930488+00:00,close,,SOLIRT,ICT/SMC Scalp Pro,short,,,23289350.5,23440904.34350377,,,,0.004,,-606.2153740150779,3881272.0344413472,SL,,,,,,,,,
2026-09-18T03:16:29.426819+00:00,close,,TIAIRT,ICT/SMC Scalp Pro,short,,,83507.5,84531.71363336452,,,,1.1974,,-1226.3934045906733,3880045.6410367563,SL,,,,,,,,,
2026-09-18T03:16:29.926819+00:00,close,,TIAIRT,ICT/SMC Scalp Pro,short,,,83507.5,84531.71363336452,,,,1.1974,,-1226.3934045906733,3878819.2476321654,SL,,,,,,,,,
2026-09-18T03:16:36.805019+00:00,close,,TRBIRT,ICT/SMC Scalp Pro,short,,,3928595.0,3946391.6734255417,,,,0.0254,,-452.0355050087598,3878367.2121271566,SL,,,,,,,,,
2026-09-18T03:16:37.110674+00:00,close,,TRBIRT,ICT/SMC Scalp Pro,short,,,3928595.0,3946391.6734255417,,,,0.0255,,-453.815172351314,3877913.396954805,SL,,,,,,,,,
2026-09-18T03:16:40.306583+00:00,open,,TRBIRT,ICT/SMC Scalp Pro,short,,,3982257.0,,4003440.6302790814,3950481.554581376,3918706.109162753,0.0502,200000.0,,,,,,,,,,,,
2026-09-18T03:16:49.208980+00:00,close,,XLMIRT,ICT/SMC Scalp Pro,short,,,42374.65,42374.65,,,,2.3599,,-0.0,3877913.396954805,SL,,,,,,,,,
2026-09-18T03:30:54.283284+00:00,close,,BTCIRT,ICT/SMC Scalp Pro,long,,,17291504044.5,17563004680.386333,,,,5.78e-06,,1569.2736754230073,3879482.6706302282,TP2,,,,,,,,,
2026-09-18T03:31:00.331100+00:00,open,,DOGEIRT,ICT/SMC Scalp Pro,short,,,19070.0,,19198.810310984743,18876.78453352289,18683.56906704578,10.48,200000.0,,,,,,,,,,,,
2026-09-18T03:31:04.521230+00:00,close,,ETHIRT,ICT/SMC Scalp Pro,short,,,558906721.5,563477271.858642,,,,0.000178,,-813.5579638382727,3878669.11266639,SL,,,,,,,,,
2026-09-18T03:31:05.016921+00:00,close,,ETHIRT,ICT/SMC Scalp Pro,short,,,558906721.5,563477271.858642,,,,0.000179,,-818.1285141969147,3877850.984152193,SL,,,,,,,,,
2026-09-18T03:31:11.074436+00:00,open,,FLOKIIRT,ICT/SMC Scalp Pro,short,,,5.68533,,5.731008894907808,5.616811657638289,5.548293315276577,35178.2,200000.0,,,,,,,,,,,,
2026-09-18T03:31:16.527380+00:00,close,,GRAMIRT,ICT/SMC Scalp Pro,long,,,304654.5,306752.1892730254,,,,0.32824,,688.545526977849,3878539.529679171,TP1,,,,,,,,,
2026-09-18T03:31:17.506586+00:00,close,,GRAMIRT,ICT/SMC Scalp Pro,long,,,304654.5,308849.87854605075,,,,0.32824,,1377.091053955698,3879916.6207331265,TP2,,,,,,,,,
2026-09-18T03:31:21.061774+00:00,open,,GRAMIRT,ICT/SMC Scalp Pro,short,,,308504.5,,310144.60494311544,306044.3425853269,303584.18517065374,0.64828,200000.0,,,,,,,,,,,,
2026-09-18T03:31:29.812122+00:00,close,,NOTIRT,ICT/SMC Scalp Pro,short,,,106.0,107.0789445688598,,,,943.3,,-1017.768411805446,3878898.852321321,SL,,,,,,,,,
2026-09-18T03:31:30.277060+00:00,close,,NOTIRT,ICT/SMC Scalp Pro,short,,,106.0,107.0789445688598,,,,943.4,,-1017.876306262332,3877880.976015059,SL,,,,,,,,,
2026-09-18T03:31:34.349415+00:00,close,,PEPEIRT,ICT/SMC Scalp Pro,short,,,0.82672,0.8381333060848284,,,,120959.9,,-1380.552362690232,3876500.4236523686,SL,,,,,,,,,
2026-09-18T03:31:34.849415+00:00,close,,PEPEIRT,ICT/SMC Scalp Pro,short,,,0.82672,0.8381333060848284,,,,120959.9,,-1380.552362690232,3875119.8712896784,SL,,,,,,,,,
2026-09-18T03:31:39.981903+00:00,open,,SEIIRT,ICT/SMC Scalp Pro,short,,,10382.0,,10465.487018736498,10256.769471895255,10131.538943790509,19.2,200000.0,,,,,,,,,,,,
2026-09-18T03:31:43.151135+00:00,open,,SHIBIRT,ICT/SMC Scalp Pro,short,,,1.2252999999999998,,1.2391189471619597,1.2045715792570604,1.183843158514121,163225.3,200000.0,,,,,,,,,,,,
2026-09-18T03:31:47.796758+00:00,open,,SUIIRT,ICT/SMC Scalp Pro,short,,,177446.5,,179782.02768445222,173943.2084733217,170439.91694664338,1.1271,200000.0,,,,,,,,,,,,
2026-09-18T03:31:51.528666+00:00,open,,TIAIRT,ICT/SMC Scalp Pro,short,,,86412.5,,87724.9844096509,84443.77338552363,82475.04677104726,2.3144,200000.0,,,,,,,,,,,,
2026-09-18T03:32:03.242326+00:00,close,,WIFIRT,ICT/SMC Scalp Pro,short,,,43311.5,43687.27894959495,,,,2.3,,-864.2915840683788,3874255.57970561,SL,,,,,,,,,
2026-09-18T03:32:03.713665+00:00,close,,WIFIRT,ICT/SMC Scalp Pro,short,,,43311.5,43687.27894959495,,,,2.31,,-868.0493735643283,3873387.5303320456,SL,,,,,,,,,
2026-09-18T03:32:06.598773+00:00,open,,WIFIRT,ICT/SMC Scalp Pro,short,,,43697.5,,44105.51686900671,43085.47469648993,42473.44939297987,4.57,200000.0,,,,,,,,,,,,
2026-09-18T03:32:09.575157+00:00,open,,XLMIRT,ICT/SMC Scalp Pro,short,,,42724.65,,43078.16070229164,42194.38394656256,41664.11789312511,4.6811,200000.0,,,,,,,,,,,,
2026-09-18T03:46:01.996430+00:00,close,,HBARIRT,ICT/SMC Scalp Pro,short,,,17341.0,17476.199239173548,,,,5.7666,,-779.6399326181793,3872607.8903994276,SL,,,,,,,,,
2026-09-18T03:46:02.425374+00:00,close,,HBARIRT,ICT/SMC Scalp Pro,short,,,17341.0,17476.199239173548,,,,5.7667,,-779.6534525420966,3871828.2369468855,SL,,,,,,,,,
2026-09-18T03:46:10.467415+00:00,open,,NOTIRT,ICT/SMC Scalp Pro,short,,,108.15,,109.3171628564346,106.39925571534812,104.64851143069625,1849.2,200000.0,,,,,,,,,,,,
2026-09-18T03:46:15.206291+00:00,close,,SEIIRT,ICT/SMC Scalp Pro,short,,,10382.0,10465.487018736498,,,,9.6,,-801.4753798703779,3871026.761567015,SL,,,,,,,,,
2026-09-18T03:46:15.706291+00:00,close,,SEIIRT,ICT/SMC Scalp Pro,short,,,10382.0,10465.487018736498,,,,9.6,,-801.4753798703779,3870225.286187145,SL,,,,,,,,,
2026-09-18T03:46:18.607268+00:00,open,,SEIIRT,ICT/SMC Scalp Pro,short,,,10496.0,,10587.29646219594,10359.05530670609,10222.110613412178,19.0,200000.0,,,,,,,,,,,,
2026-09-18T03:46:33.274335+00:00,close,,TRBIRT,Supertrend+ADX,long,,,3803003.5,4005162.05995293,,,,0.0788,,15930.09452429089,3886155.380711436,TP1,,,,,,,,,
2026-09-18T03:46:35.256002+00:00,close,,TRBIRT,ICT/SMC Scalp Pro,short,,,3982257.0,4003440.6302790814,,,,0.0251,,-531.7091200049667,3885623.671591431,SL,,,,,,,,,
2026-09-18T03:46:35.756002+00:00,close,,TRBIRT,ICT/SMC Scalp Pro,short,,,3982257.0,4003440.6302790814,,,,0.0251,,-531.7091200049667,3885091.962471426,SL,,,,,,,,,
2026-09-18T04:16:16.926725+00:00,close,,TIAIRT,ICT/SMC Scalp Pro,short,,,86412.5,87724.9844096509,,,,1.1572,,-1518.8069588480262,3883573.155512578,SL,,,,,,,,,
2026-09-18T04:16:17.426725+00:00,close,,TIAIRT,ICT/SMC Scalp Pro,short,,,86412.5,87724.9844096509,,,,1.1572,,-1518.8069588480262,3882054.3485537297,SL,,,,,,,,,
2026-09-18T04:45:42.457080+00:00,open,,BTCIRT,ICT/SMC Scalp Pro,short,,,17573845147.0,,17640195835.869316,17474319113.69603,17374793080.39206,1.138e-05,200000.0,,,,,,,,,,,,
2026-09-18T04:46:23.296725+00:00,open,,TRBIRT,ICT/SMC Scalp Pro,short,,,4001449.5,,4031376.108496661,3956559.587255008,3911669.674510016,0.0499,200000.0,,,,,,,,,,,,
2026-09-18T05:01:30.859693+00:00,close,,SEIIRT,ICT/SMC Scalp Pro,short,,,10496.0,10587.29646219594,,,,9.5,,-867.3163908614297,3881187.0321628684,SL,,,,,,,,,
2026-09-18T05:01:31.359693+00:00,close,,SEIIRT,ICT/SMC Scalp Pro,short,,,10496.0,10587.29646219594,,,,9.5,,-867.3163908614297,3880319.715772007,SL,,,,,,,,,
2026-09-18T05:15:53.023745+00:00,open,,ETHIRT,ICT/SMC Scalp Pro,short,,,564230608.0,,567590897.410396,559190173.8844062,554149739.7688123,0.000354,200000.0,,,,,,,,,,,,
2026-09-18T05:30:59.199842+00:00,close,,FLOKIIRT,ICT/SMC Scalp Pro,short,,,5.68533,5.616811657638289,,,,17589.1,,1205.1759756343797,3881524.8917476414,TP1,,,,,,,,,
2026-09-18T05:31:05.242788+00:00,close,,GRAMIRT,ICT/SMC Scalp Pro,short,,,308504.5,306044.3425853269,,,,0.32414,,797.435424392148,3882322.3271720335,TP1,,,,,,,,,
2026-09-18T05:31:05.958269+00:00,close,,GRAMIRT,ICT/SMC Scalp Pro,short,,,308504.5,308504.5,,,,0.32414,,-0.0,3882322.3271720335,SL,,,,,,,,,
2026-09-18T06:00:52.306899+00:00,close,,ADAIRT,ICT/SMC Scalp Pro,short,,,49197.0,48228.86972611101,,,,2.032644,,1967.86419243882,3884290.1913644723,TP1,,,,,,,,,
2026-09-18T06:16:11.924647+00:00,open,,SEIIRT,ICT/SMC Scalp Pro,short,,,10619.0,,10731.473744609488,10450.289383085768,10281.57876617154,18.8,200000.0,,,,,,,,,,,,
2026-09-18T06:16:22.406477+00:00,open,,TIAIRT,ICT/SMC Scalp Pro,short,,,88595.0,,90235.19274875188,86134.7108768722,83674.42175374439,2.2574,200000.0,,,,,,,,,,,,
2026-09-18T06:31:11.176157+00:00,close,,LINKIRT,ICT/SMC Scalp Pro,short,,,2658504.0,2680677.861903828,,,,0.0376,,-833.7372075839191,3883456.454156888,SL,,,,,,,,,
2026-09-18T06:31:11.676157+00:00,close,,LINKIRT,ICT/SMC Scalp Pro,short,,,2658504.0,2680677.861903828,,,,0.0376,,-833.7372075839191,3882622.716949304,SL,,,,,,,,,
2026-09-18T06:31:24.076056+00:00,close,,SHIBIRT,ICT/SMC Scalp Pro,short,,,1.2252999999999998,1.2045715792570604,,,,81612.6,,1691.7003107252208,3884314.4172600294,TP1,,,,,,,,,
2026-09-18T06:45:41.838391+00:00,close,,BTCIRT,ICT/SMC Scalp Pro,short,,,17573845147.0,17640195835.869316,,,,5.69e-06,,-377.5354196664086,3883936.881840363,SL,,,,,,,,,
2026-09-18T06:45:42.338391+00:00,close,,BTCIRT,ICT/SMC Scalp Pro,short,,,17573845147.0,17640195835.869316,,,,5.69e-06,,-377.5354196664086,3883559.346420697,SL,,,,,,,,,
2026-09-18T06:46:05.342967+00:00,close,,NOTIRT,ICT/SMC Scalp Pro,short,,,108.15,106.39925571534812,,,,924.6,,1618.7381655891347,3885178.084586286,TP1,,,,,,,,,
2026-09-18T07:15:45.946305+00:00,close,,DOGEIRT,ICT/SMC Scalp Pro,short,,,19070.0,19198.810310984743,,,,5.24,,-674.9660295600555,3884503.118556726,SL,,,,,,,,,
2026-09-18T07:15:46.446305+00:00,close,,DOGEIRT,ICT/SMC Scalp Pro,short,,,19070.0,19198.810310984743,,,,5.24,,-674.9660295600555,3883828.1525271656,SL,,,,,,,,,
2026-09-18T07:15:52.205906+00:00,close,,ETHIRT,ICT/SMC Scalp Pro,short,,,564230608.0,567590897.410396,,,,0.000177,,-594.7712256400885,3883233.3813015255,SL,,,,,,,,,
2026-09-18T07:15:52.705906+00:00,close,,ETHIRT,ICT/SMC Scalp Pro,short,,,564230608.0,567590897.410396,,,,0.000177,,-594.7712256400885,3882638.6100758854,SL,,,,,,,,,
2026-09-18T07:16:33.959826+00:00,close,,WIFIRT,Supertrend+ADX,short,,,42455.5,43948.62765824974,,,,7.06,,-10541.481267243147,3872097.1288086423,SL,,,,,,,,,
2026-09-18T07:16:34.300525+00:00,close,,WIFIRT,Supertrend+ADX,short,,,42455.5,43948.62765824974,,,,7.07,,-10556.412543825643,3861540.7162648165,SL,,,,,,,,,
2026-09-18T07:31:14.904942+00:00,open,,PEPEIRT,ICT/SMC Scalp Pro,short,,,0.836285,,0.846385553688983,0.8211341694665253,0.8059833389330505,239152.9,200000.0,,,,,,,,,,,,
2026-09-18T07:31:33.039502+00:00,close,,TRBIRT,ICT/SMC Scalp Pro,short,,,4001449.5,4031376.108496661,,,,0.0249,,-745.1725515668663,3860795.5437132497,SL,,,,,,,,,
2026-09-18T07:31:33.372450+00:00,close,,TRBIRT,ICT/SMC Scalp Pro,short,,,4001449.5,4031376.108496661,,,,0.025,,-748.1652124165325,3860047.378500833,SL,,,,,,,,,
2026-09-18T07:45:50.047589+00:00,close,,FLOKIIRT,ICT/SMC Scalp Pro,short,,,5.68533,5.68533,,,,17589.1,,-0.0,3860047.378500833,SL,,,,,,,,,
2026-09-18T08:01:08.913454+00:00,open,,GRAMIRT,ICT/SMC Scalp Pro,short,,,313210.5,,315573.5660711419,309665.90089328715,306121.3017865742,0.63854,200000.0,,,,,,,,,,,,
2026-09-18T08:01:30.815562+00:00,close,,TIAIRT,ICT/SMC Scalp Pro,short,,,88595.0,90235.19274875188,,,,1.1287,,-1851.2855555162355,3858196.092945317,SL,,,,,,,,,
2026-09-18T08:01:31.315562+00:00,close,,TIAIRT,ICT/SMC Scalp Pro,short,,,88595.0,90235.19274875188,,,,1.1287,,-1851.2855555162355,3856344.8073898004,SL,,,,,,,,,
2026-09-18T08:01:42.203635+00:00,close,,WIFIRT,ICT/SMC Scalp Pro,short,,,43697.5,44105.51686900671,,,,2.28,,-930.2784613352932,3855414.528928465,SL,,,,,,,,,
2026-09-18T08:01:42.717797+00:00,close,,WIFIRT,ICT/SMC Scalp Pro,short,,,43697.5,44105.51686900671,,,,2.29,,-934.3586300253604,3854480.17029844,SL,,,,,,,,,
2026-09-18T08:30:45.800051+00:00,close,,ARBIRT,ICT/SMC Scalp Pro,short,,,50033.5,47079.28955342392,,,,1.9986,,5904.284998526965,3860384.4552969667,TP1,,,,,,,,,
2026-09-18T08:46:15.859236+00:00,open,,TIAIRT,ICT/SMC Scalp Pro,short,,,90815.5,,92683.71802284272,88013.17296573592,85210.84593147183,2.2022,200000.0,,,,,,,,,,,,
2026-09-18T09:01:25.691302+00:00,close,,SHIBIRT,ICT/SMC Scalp Pro,short,,,1.2252999999999998,1.2252999999999998,,,,81612.6,,-0.0,3860384.4552969667,SL,,,,,,,,,
2026-09-18T09:01:32.017061+00:00,close,,SUIIRT,ICT/SMC Scalp Pro,short,,,177446.5,179782.02768445222,,,,0.5635,,-1316.0698501888237,3859068.385446778,SL,,,,,,,,,
2026-09-18T09:01:32.437592+00:00,close,,SUIIRT,ICT/SMC Scalp Pro,short,,,177446.5,179782.02768445222,,,,0.5636,,-1316.3034029572689,3857752.082043821,SL,,,,,,,,,
2026-09-18T09:15:50.725832+00:00,open,,ETHIRT,ICT/SMC Scalp Pro,short,,,573488519.5,,577234887.9720684,567868966.7918973,562249414.0837946,0.000348,200000.0,,,,,,,,,,,,
2026-09-18T09:16:00.218981+00:00,open,,HBARIRT,ICT/SMC Scalp Pro,short,,,17661.5,,17821.37720920212,17421.68418619682,17181.86837239364,11.324,200000.0,,,,,,,,,,,,
2026-09-18T09:31:14.123957+00:00,close,,SEIIRT,ICT/SMC Scalp Pro,short,,,10619.0,10731.473744609488,,,,9.4,,-1057.253199329185,3856694.828844492,SL,,,,,,,,,
2026-09-18T09:31:14.623957+00:00,close,,SEIIRT,ICT/SMC Scalp Pro,short,,,10619.0,10731.473744609488,,,,9.4,,-1057.253199329185,3855637.5756451627,SL,,,,,,,,,
2026-09-18T09:31:17.851810+00:00,open,,SEIIRT,ICT/SMC Scalp Pro,short,,,10741.5,,10842.75978863943,10589.610317040857,10437.720634081712,18.6,200000.0,,,,,,,,,,,,
2026-09-18T10:00:49.209661+00:00,close,,ADAIRT,ICT/SMC Scalp Pro,short,,,49197.0,49197.0,,,,2.032644,,-0.0,3855637.5756451627,SL,,,,,,,,,
2026-09-18T10:00:53.377122+00:00,open,,ADAIRT,ICT/SMC Scalp Pro,short,,,49299.5,,49806.77235480516,48538.59146779226,47777.68293558452,4.056836,200000.0,,,,,,,,,,,,
2026-09-18T10:01:09.194216+00:00,open,,FLOKIIRT,ICT/SMC Scalp Pro,short,,,5.71944,,5.767490057009568,5.647364914485648,5.575289828971296,34968.4,200000.0,,,,,,,,,,,,
2026-09-18T10:01:22.712381+00:00,close,,PEPEIRT,ICT/SMC Scalp Pro,short,,,0.836285,0.846385553688983,,,,119576.4,,-1207.787848135319,3854429.7877970273,SL,,,,,,,,,
2026-09-18T10:01:23.136295+00:00,close,,PEPEIRT,ICT/SMC Scalp Pro,short,,,0.836285,0.846385553688983,,,,119576.5,,-1207.7888581906882,3853221.9989388366,SL,,,,,,,,,
2026-09-18T10:01:35.706720+00:00,open,,SUIIRT,ICT/SMC Scalp Pro,short,,,182083.5,,184188.84469388725,178925.48295916914,175767.46591833828,1.0983,200000.0,,,,,,,,,,,,
2026-09-18T10:15:46.856059+00:00,close,,FLOKIIRT,ICT/SMC Scalp Pro,short,,,5.71944,5.767490057009568,,,,17484.2,,-840.1168067666985,3852381.88213207,SL,,,,,,,,,
2026-09-18T10:15:47.356059+00:00,close,,FLOKIIRT,ICT/SMC Scalp Pro,short,,,5.71944,5.767490057009568,,,,17484.2,,-840.1168067666985,3851541.7653253037,SL,,,,,,,,,
2026-09-18T10:15:51.326406+00:00,open,,FLOKIIRT,ICT/SMC Scalp Pro,short,,,5.771710000000001,,5.820972443896145,5.697816334155784,5.6239226683115655,34651.7,200000.0,,,,,,,,,,,,
2026-09-18T10:16:21.991633+00:00,open,,TRBIRT,ICT/SMC Scalp Pro,short,,,4079983.5,,4108215.600249264,4037635.349626104,3995287.199252208,0.049,200000.0,,,,,,,,,,,,
2026-09-18T10:16:26.989077+00:00,open,,WIFIRT,ICT/SMC Scalp Pro,short,,,44450.0,,44853.37771884914,43844.93342172627,43239.86684345255,4.49,200000.0,,,,,,,,,,,,
2026-09-18T11:57:08.635343+00:00,close,,HBARIRT,ICT/SMC Scalp Pro,short,,,17661.5,17821.37720920212,,,,5.662,,-905.2247585024083,3850636.540566801,SL,,,,,,,,,
2026-09-18T11:57:09.135343+00:00,close,,HBARIRT,ICT/SMC Scalp Pro,short,,,17661.5,17821.37720920212,,,,5.662,,-905.2247585024083,3849731.3158082985,SL,,,,,,,,,
2026-09-18T12:18:47.547477+00:00,close,,SEIIRT,ICT/SMC Scalp Pro,short,,,10741.5,10589.610317040857,,,,9.3,,1412.574051520031,3851143.8898598184,TP1,,,,,,,,,
2026-09-18T13:02:06.044321+00:00,close,,WIFIRT,ICT/SMC Scalp Pro,short,,,44450.0,43844.93342172627,,,,2.24,,1355.3491353331483,3852499.2389951516,TP1,,,,,,,,,
2026-09-18T13:02:07.207042+00:00,close,,WIFIRT,ICT/SMC Scalp Pro,short,,,44450.0,44450.0,,,,2.25,,-0.0,3852499.2389951516,SL,,,,,,,,,
2026-09-18T13:23:38.842808+00:00,open,,WIFIRT,ICT/SMC Scalp Pro,long,,,44117.0,,43659.20014580855,44803.69978128718,45490.39956257436,4.53,200000.0,,,,,,,,,,,,
2026-09-18T13:23:41.542822+00:00,close,,XLMIRT,ICT/SMC Scalp Pro,short,,,42724.65,42194.38394656256,,,,2.3405,,1241.0876980703388,3853740.326693222,TP1,,,,,,,,,
2026-09-18T13:23:42.650653+00:00,close,,XLMIRT,ICT/SMC Scalp Pro,short,,,42724.65,42724.65,,,,2.3406,,-0.0,3853740.326693222,SL,,,,,,,,,
2026-09-18T14:49:29.251893+00:00,close,,ADAIRT,ICT/SMC Scalp Pro,short,,,49299.5,49806.77235480516,,,,2.028418,,-1028.960375389169,3852711.366317833,SL,,,,,,,,,
2026-09-18T14:49:29.751893+00:00,close,,ADAIRT,ICT/SMC Scalp Pro,short,,,49299.5,49806.77235480516,,,,2.028418,,-1028.960375389169,3851682.4059424438,SL,,,,,,,,,
2026-09-18T14:49:33.580692+00:00,open,,ADAIRT,ICT/SMC Scalp Pro,short,,,49979.0,,50611.64233384386,49030.03649923421,48081.072998468415,4.00168,200000.0,,,,,,,,,,,,
2026-09-18T15:10:38.917624+00:00,close,,ETHIRT,ICT/SMC Scalp Pro,short,,,573488519.5,577234887.9720684,,,,0.000174,,-651.8681141399067,3851030.537828304,SL,,,,,,,,,
2026-09-18T15:10:39.417624+00:00,close,,ETHIRT,ICT/SMC Scalp Pro,short,,,573488519.5,577234887.9720684,,,,0.000174,,-651.8681141399067,3850378.669714164,SL,,,,,,,,,
2026-09-18T15:10:43.189044+00:00,close,,FLOKIIRT,ICT/SMC Scalp Pro,short,,,5.771710000000001,5.697816334155784,,,,17325.8,,1280.2668756837363,3851658.936589848,TP1,,,,,,,,,
2026-09-18T15:10:43.873627+00:00,close,,FLOKIIRT,ICT/SMC Scalp Pro,short,,,5.771710000000001,5.771710000000001,,,,17325.8,,-0.0,3851658.936589848,SL,,,,,,,,,
2026-09-18T16:12:32.601835+00:00,close,,SUIIRT,ICT/SMC Scalp Pro,short,,,182083.5,178925.48295916914,,,,0.5491,,1734.0671571202265,3853393.003746968,TP1,,,,,,,,,
2026-09-18T16:12:33.272318+00:00,close,,SUIIRT,ICT/SMC Scalp Pro,short,,,182083.5,182083.5,,,,0.5492,,-0.0,3853393.003746968,SL,,,,,,,,,
2026-09-18T16:32:58.424115+00:00,open,,SUIIRT,ICT/SMC Scalp Pro,short,,,183074.5,,186033.67245094976,178635.74132357535,174196.98264715073,1.0924,200000.0,,,,,,,,,,,,
2026-09-18T17:35:06.900836+00:00,close,,XRPIRT,ICT/SMC Scalp Pro,long,,,294336.0,306804.6839141764,,,,0.3,,3740.605174252909,3857133.608921221,TP1,,,,,,,,,
2026-09-18T18:17:49.465803+00:00,close,,BTCIRT,Supertrend+ADX,long,,,17444404516.5,18159725978.02265,,,,1.719e-05,,12296.375923574447,3869429.9848447954,TP1,,,,,,,,,
2026-09-18T18:36:07.372992+00:00,close,,SEIIRT,ICT/SMC Scalp Pro,short,,,10741.5,10741.5,,,,9.3,,-0.0,3869429.9848447954,SL,,,,,,,,,
2026-09-18T19:30:22.076154+00:00,close,,WIFIRT,ICT/SMC Scalp Pro,long,,,44117.0,45490.39956257436,,,,4.53,,6221.500018461864,3875651.4848632575,TP2,,,,,,,,,
2026-09-18T20:23:09.554485+00:00,close,,ARBIRT,ICT/SMC Scalp Pro,short,,,50033.5,50033.5,,,,1.9987,,-0.0,3875651.4848632575,SL,,,,,,,,,
2026-09-18T21:16:46.680487+00:00,close,,TIAIRT,ICT/SMC Scalp Pro,short,,,90815.5,92683.71802284272,,,,1.1011,,-2057.094864952116,3873594.3899983056,SL,,,,,,,,,
2026-09-18T21:16:47.180487+00:00,close,,TIAIRT,ICT/SMC Scalp Pro,short,,,90815.5,92683.71802284272,,,,1.1011,,-2057.094864952116,3871537.2951333537,SL,,,,,,,,,
2026-09-18T21:16:54.384632+00:00,close,,TRBIRT,ICT/SMC Scalp Pro,short,,,4079983.5,4108215.600249264,,,,0.0245,,-691.6864561069661,3870845.6086772466,SL,,,,,,,,,
2026-09-18T21:16:54.884632+00:00,close,,TRBIRT,ICT/SMC Scalp Pro,short,,,4079983.5,4108215.600249264,,,,0.0245,,-691.6864561069661,3870153.9222211395,SL,,,,,,,,,
2026-09-18T21:19:19.065765+00:00,open,,WIFIRT,ICT/SMC Scalp Pro,short,,,47897.5,,48653.89149451438,46762.91275822843,45628.325516456855,4.17,200000.0,,,,,,,,,,,,
2026-09-18T21:19:22.831043+00:00,close,,XRPIRT,ICT/SMC Scalp Pro,long,,,294336.0,319273.36782835267,,,,0.3,,7481.2103485058,3877635.1325696455,TP2,,,,,,,,,
2026-09-18T21:41:19.016121+00:00,close,,ADAIRT,ICT/SMC Scalp Pro,short,,,49979.0,50611.64233384386,,,,2.00084,,-1265.8160872481524,3876369.3164823973,SL,,,,,,,,,
2026-09-18T21:41:19.516121+00:00,close,,ADAIRT,ICT/SMC Scalp Pro,short,,,49979.0,50611.64233384386,,,,2.00084,,-1265.8160872481524,3875103.500395149,SL,,,,,,,,,
2026-09-18T21:46:06.142094+00:00,close,,GRAMIRT,ICT/SMC Scalp Pro,short,,,313210.5,309665.90089328715,,,,0.31927,,1131.6841568002112,3876235.184551949,TP1,,,,,,,,,
2026-09-18T21:46:07.010505+00:00,close,,GRAMIRT,ICT/SMC Scalp Pro,short,,,313210.5,313210.5,,,,0.31927,,-0.0,3876235.184551949,SL,,,,,,,,,
2026-09-18T21:48:29.162826+00:00,close,,NOTIRT,ICT/SMC Scalp Pro,short,,,108.15,108.15,,,,924.6,,-0.0,3876235.184551949,SL,,,,,,,,,
2026-09-18T21:53:15.826147+00:00,close,,TRBIRT,Supertrend+ADX,long,,,3803003.5,4207320.619905861,,,,0.0789,,31900.62076057244,3908135.8053125218,TP2,,,,,,,,,
2026-09-18T22:45:37.387963+00:00,open,,ARBIRT,ICT/SMC Scalp Pro,short,,,49254.5,,51001.14136009415,46634.53795985876,44014.57591971753,4.0605,200000.0,,,,,,,,,,,,
2026-09-18T23:24:51.921799+00:00,open,,GRAMIRT,ICT/SMC Scalp Pro,short,,,312216.0,,314446.3265354748,308870.5101967878,305525.02039357566,0.64058,200000.0,,,,,,,,,,,,
2026-09-19T00:17:49.421232+00:00,open,,ADAIRT,ICT/SMC Scalp Pro,short,,,51592.5,,52198.75102728517,50683.123459072245,49773.74691814449,3.876532,200000.0,,,,,,,,,,,,
2026-09-19T00:20:05.579170+00:00,close,,ARBIRT,ICT/SMC Scalp Pro,short,,,49254.5,51001.14136009415,,,,2.0302,,-3546.031289263148,3904589.7740232586,SL,,,,,,,,,
2026-09-19T00:20:06.018334+00:00,close,,ARBIRT,ICT/SMC Scalp Pro,short,,,49254.5,51001.14136009415,,,,2.0303,,-3546.2059533991574,3901043.5680698594,SL,,,,,,,,,
2026-09-19T00:24:59.060284+00:00,open,,LINKIRT,ICT/SMC Scalp Pro,short,,,2786993.0,,2810575.338986727,2751619.4915199094,2716245.9830398187,0.0717,200000.0,,,,,,,,,,,,
2026-09-19T00:27:28.084517+00:00,close,,SUIIRT,ICT/SMC Scalp Pro,short,,,183074.5,186033.67245094976,,,,1.0924,,-3232.599985417516,3897810.968084442,SL,,,,,,,,,
2026-09-19T00:27:29.084517+00:00,close,,SUIIRT,ICT/SMC Scalp Pro,short,,a,183074.5,186033.67245094976,,,,1.0924,,-3232.599985417516,3894578.3680990245,SL,,,,,,,,,
2026-09-19T00:32:05.835815+00:00,open,,TRBIRT,ICT/SMC Scalp Pro,short,,,4184978.5,,4225627.489302777,4124005.016045835,4063031.5320916697,0.0477,200000.0,,,,,,,,,,,,
2026-09-19T00:32:10.807482+00:00,close,,WIFIRT,ICT/SMC Scalp Pro,short,,,47897.5,48653.89149451438,,,,2.08,,-1573.2943085899042,3893005.0737904347,SL,,,,,,,,,
2026-09-19T00:32:11.186215+00:00,close,,WIFIRT,ICT/SMC Scalp Pro,short,,,47897.5,48653.89149451438,,,,2.09,,-1580.8582235350475,3891424.2155668996,SL,,,,,,,,,
2026-09-19T00:36:48.566832+00:00,open,,XRPIRT,ICT/SMC Scalp Pro,short,,,319150.5,,322155.1330198905,314643.5504701642,310136.60094032844,0.6,200000.0,,,,,,,,,,,,
2026-09-19T00:54:59.461763+00:00,open,,XLMIRT,ICT/SMC Scalp Pro,short,,,44048.0,,44456.49766865325,43435.25349702013,42822.50699404027,4.5405,200000.0,,,,,,,,,,,,
2026-09-19T01:07:40.101297+00:00,open,,BTCIRT,ICT/SMC Scalp Pro,short,,,18454436829.0,,18535979974.993008,18332122110.01049,18209807391.020977,1.083e-05,200000.0,,,,,,,,,,,,
2026-09-19T01:22:40.396983+00:00,close,,GRAMIRT,ICT/SMC Scalp Pro,short,,,312216.0,308870.5101967878,,,,0.32029,,1071.5269290708263,3892495.7424959703,TP1,,,,,,,,,
2026-09-19T01:35:15.680891+00:00,close,,BTCIRT,ICT/SMC Scalp Pro,short,,,18454436829.0,18332122110.01049,,,,5.41e-06,,661.7226297332468,3893157.4651257037,TP1,,,,,,,,,
2026-09-19T01:42:28.220488+00:00,open,,SOLIRT,ICT/SMC Scalp Pro,short,,,25644018.0,,25856121.85815998,25325862.212760027,25007706.42552006,0.007,200000.0,,,,,,,,,,,,
2026-09-19T01:42:43.829780+00:00,close,,XLMIRT,ICT/SMC Scalp Pro,short,,,44048.0,43435.25349702013,,,,2.2702,,1391.0571110648998,3894548.5222367686,TP1,,,,,,,,,
2026-09-19T01:52:34.231858+00:00,open,,DOGSIRT,ICT/SMC Scalp Pro,short,,,10.88,,10.98964230294103,10.715536545588453,10.551073091176905,18382.3,200000.0,,,,,,,,,,,,
2026-09-19T02:03:09.971875+00:00,close,,BTCIRT,ICT/SMC Scalp Pro,short,,,18454436829.0,18454436829.0,,,,5.42e-06,,-0.0,3894548.5222367686,SL,,,,,,,,,
2026-09-19T02:10:42.161275+00:00,close,,XLMIRT,ICT/SMC Scalp Pro,short,,,44048.0,44048.0,,,,2.2702,,-0.0,3894548.5222367686,SL,,,,,,,,,
2026-09-19T02:20:07.238212+00:00,open,,ARBIRT,ICT/SMC Scalp Pro,short,,,49284.0,,51085.10121548881,46582.3481767668,43880.6963535336,4.0581,200000.0,,,,,,,,,,,,
2026-09-19T02:24:40.617115+00:00,open,,BTCIRT,ICT/SMC Scalp Pro,short,,,18447189768.5,,18536274729.63987,18313562326.79019,18179934885.080387,1.084e-05,200000.0,,,,,,,,,,,,
2026-09-19T02:24:44.489675+00:00,open,,DOGEIRT,ICT/SMC Scalp Pro,short,,,20058.0,,20246.222729176672,19775.66590623499,19493.331812469976,9.97,200000.0,,,,,,,,,,,,
2026-09-19T02:25:01.399321+00:00,close,,LINKIRT,ICT/SMC Scalp Pro,short,,,2786993.0,2810575.338986727,,,,0.0358,,-844.2477357248246,3893704.274501044,SL,,,,,,,,,
2026-09-19T02:25:01.724011+00:00,close,,LINKIRT,ICT/SMC Scalp Pro,short,,,2786993.0,2810575.338986727,,,,0.0359,,-846.6059696234973,3892857.66853142,SL,,,,,,,,,
2026-09-19T02:27:21.466330+00:00,open,,LINKIRT,ICT/SMC Scalp Pro,short,,,2813684.5,,2840159.404237039,2773972.1436444414,2734259.7872888832,0.071,200000.0,,,,,,,,,,,,
2026-09-19T02:29:48.946241+00:00,open,,SUIIRT,ICT/SMC Scalp Pro,short,,,186967.5,,189525.28541762324,183130.8218735652,179294.14374713035,1.0697,200000.0,,,,,,,,,,,,
2026-09-19T02:32:20.220104+00:00,open,,XLMIRT,ICT/SMC Scalp Pro,short,,,44255.8,,44746.46839640861,43519.7974053871,42783.7948107742,4.5191,200000.0,,,,,,,,,,,,
2026-09-19T02:50:06.773760+00:00,close,,ADAIRT,ICT/SMC Scalp Pro,short,,,51592.5,52198.75102728517,,,,1.938266,,-1175.0757536519218,3891682.592777768,SL,,,,,,,,,
2026-09-19T02:50:07.273760+00:00,close,,ADAIRT,ICT/SMC Scalp Pro,short,,,51592.5,52198.75102728517,,,,1.938266,,-1175.0757536519218,3890507.517024116,SL,,,,,,,,,
2026-09-19T03:01:47.645445+00:00,open,,FLOKIIRT,Supertrend+ADX,short,,,5.884885000000001,,6.013678077485086,5.691695383772373,5.498505767544745,101956.1,600000.0,,,,,,,,,,,,
2026-09-19T03:02:18.933554+00:00,close,,TRBIRT,ICT/SMC Scalp Pro,short,,,4184978.5,4225627.489302777,,,,0.0238,,-967.4459454060868,3889540.0710787103,SL,,,,,,,,,
2026-09-19T03:02:19.433554+00:00,close,,TRBIRT,ICT/SMC Scalp Pro,short,,,4184978.5,4225627.489302777,,,,0.0238,,-967.4459454060868,3888572.6251333044,SL,,,,,,,,,
2026-09-19T03:02:23.540152+00:00,open,,TRBIRT,ICT/SMC Scalp Pro,short,,,4244115.5,,4290708.794735384,4174225.557896924,4104335.615793848,0.0471,200000.0,,,,,,,,,,,,
2026-09-19T03:02:27.385919+00:00,open,,TRXIRT,ICT/SMC Scalp Pro,short,,,76856.0,,76988.182867085,76657.72569937249,76459.45139874498,2.6,200000.0,,,,,,,,,,,,
2026-09-19T03:07:06.315551+00:00,close,,XRPIRT,ICT/SMC Scalp Pro,short,,,319150.5,322155.1330198905,,,,0.3,,-901.389905967156,3887671.235227337,SL,,,,,,,,,
2026-09-19T03:07:06.815551+00:00,close,,XRPIRT,ICT/SMC Scalp Pro,short,,,319150.5,322155.1330198905,,,,0.3,,-901.389905967156,3886769.84532137,SL,,,,,,,,,
2026-09-19T04:04:18.538419+00:00,open,,FLOKIIRT,ICT/SMC Scalp Pro,short,,,5.86699,,5.926285950742812,5.778046073885781,5.689102147771561,34089.0,200000.0,,,,,,,,,,,,
2026-09-19T04:04:23.343276+00:00,close,,GRAMIRT,ICT/SMC Scalp Pro,short,,,312216.0,312216.0,,,,0.32029,,-0.0,3886769.84532137,SL,,,,,,,,,
2026-09-19T04:04:35.359958+00:00,open,,SEIIRT,ICT/SMC Scalp Pro,short,,,11040.5,,11152.863665504588,10871.954501743116,10703.409003486237,18.1,200000.0,,,,,,,,,,,,
2026-09-19T04:07:04.084821+00:00,close,,TRXIRT,ICT/SMC Scalp Pro,short,,,76856.0,76988.182867085,,,,1.3,,-171.83772721049172,3886598.0075941593,SL,,,,,,,,,
2026-09-19T04:07:04.584821+00:00,close,,TRXIRT,ICT/SMC Scalp Pro,short,,,76856.0,76988.182867085,,,,1.3,,-171.83772721049172,3886426.169866949,SL,,,,,,,,,
2026-09-19T04:50:11.845702+00:00,close,,TRBIRT,ICT/SMC Scalp Pro,short,,,4244115.5,4174225.557896924,,,,0.0235,,1642.413639422292,3888068.5835063714,TP1,,,,,,,,,
2026-09-19T05:30:23.335534+00:00,close,,DOGEIRT,ICT/SMC Scalp Pro,short,,,20058.0,19775.66590623499,,,,4.98,,1406.02378694975,3889474.6072933213,TP1,,,,,,,,,
2026-09-19T06:08:57.950800+00:00,close,,FLOKIIRT,ICT/SMC Scalp Pro,short,,,5.86699,5.778046073885781,,,,17044.5,,1516.0047486537997,3890990.612041975,TP1,,,,,,,,,
2026-09-19T06:11:27.184750+00:00,open,,PEPEIRT,ICT/SMC Scalp Pro,short,,,0.850395,,0.8622482211960419,0.8326151682059371,0.8148353364118742,235184.8,200000.0,,,,,,,,,,,,
2026-09-19T06:11:30.473238+00:00,close,,SEIIRT,ICT/SMC Scalp Pro,short,,,11040.5,10871.954501743116,,,,9.0,,1516.9094843119435,3892507.521526287,TP1,,,,,,,,,
2026-09-19T06:40:57.146646+00:00,close,,BTCIRT,ICT/SMC Scalp Pro,short,,,18447189768.5,18313562326.79019,,,,5.42e-06,,724.2607340671613,3893231.782260354,TP1,,,,,,,,,
2026-09-19T06:41:18.081577+00:00,open,,HBARIRT,ICT/SMC Scalp Pro,long,,,17913.5,,17741.815714091685,18171.026428862475,18428.55285772495,11.1647,200000.0,,,,,,,,,,,,
2026-09-19T06:41:33.157455+00:00,close,,SOLIRT,ICT/SMC Scalp Pro,short,,,25644018.0,25325862.212760027,,,,0.003,,954.4673617199176,3894186.249622074,TP1,,,,,,,,,
2026-09-19T06:46:02.984763+00:00,open,,NOTIRT,ICT/SMC Scalp Pro,short,,,108.2,,109.94761221618502,105.57858167572248,102.95716335144498,1848.4,200000.0,,,,,,,,,,,,
2026-09-19T07:31:07.908168+00:00,open,,GRAMIRT,ICT/SMC Scalp Pro,short,,,308666.0,,310786.3489377889,305485.47659331665,302304.9531866333,0.64794,200000.0,,,,,,,,,,,,
2026-09-19T07:45:42.375519+00:00,close,,BTCIRT,ICT/SMC Scalp Pro,short,,,18447189768.5,18447189768.5,,,,5.42e-06,,-0.0,3894186.249622074,SL,,,,,,,,,
2026-09-19T08:15:48.365125+00:00,close,,DOGSIRT,ICT/SMC Scalp Pro,short,,,10.88,10.98964230294103,,,,9191.1,,-1007.7333705613136,3893178.516251513,SL,,,,,,,,,
2026-09-19T08:15:48.865125+00:00,close,,DOGSIRT,ICT/SMC Scalp Pro,short,,,10.88,10.98964230294103,,,,9191.1,,-1007.7333705613136,3892170.7828809517,SL,,,,,,,,,
2026-09-19T08:16:07.325075+00:00,open,,DOGSIRT,ICT/SMC Scalp Pro,short,,,11.015,,11.14558422671509,10.819123659927364,10.623247319854729,18157.0,200000.0,,,,,,,,,,,,
2026-09-19T08:16:12.194598+00:00,close,,FLOKIIRT,ICT/SMC Scalp Pro,short,,,5.86699,5.86699,,,,17044.5,,-0.0,3892170.7828809517,SL,,,,,,,,,
2026-09-19T08:16:30.275319+00:00,open,,FLOKIIRT,ICT/SMC Scalp Pro,short,,,5.86148,,5.925147797043788,5.765978304434318,5.6704766088686345,34121.0,200000.0,,,,,,,,,,,,
2026-09-19T08:16:34.686268+00:00,close,,GRAMIRT,ICT/SMC Scalp Pro,short,,,308666.0,310786.3489377889,,,,0.32397,,-686.9294453754763,3891483.853435576,SL,,,,,,,,,
2026-09-19T08:16:35.186268+00:00,close,,GRAMIRT,ICT/SMC Scalp Pro,short,,,308666.0,310786.3489377889,,,,0.32397,,-686.9294453754763,3890796.9239902003,SL,,,,,,,,,
2026-09-19T08:31:08.668192+00:00,close,,LINKIRT,ICT/SMC Scalp Pro,short,,,2813684.5,2840159.404237039,,,,0.0355,,-939.8591004148816,3889857.0648897854,SL,,,,,,,,,
2026-09-19T08:31:09.168192+00:00,close,,LINKIRT,ICT/SMC Scalp Pro,short,,,2813684.5,2840159.404237039,,,,0.0355,,-939.8591004148816,3888917.2057893705,SL,,,,,,,,,
2026-09-19T08:31:13.479609+00:00,open,,LINKIRT,ICT/SMC Scalp Pro,short,,,2844586.0,,2869999.4048609603,2806465.8927085595,2768345.785417119,0.0703,200000.0,,,,,,,,,,,,
2026-09-19T08:31:18.203011+00:00,close,,PEPEIRT,ICT/SMC Scalp Pro,short,,,0.850395,0.8622482211960419,,,,117592.4,,-1393.848728173441,3887523.357061197,SL,,,,,,,,,
2026-09-19T08:31:18.703011+00:00,close,,PEPEIRT,ICT/SMC Scalp Pro,short,,,0.850395,0.8622482211960419,,,,117592.4,,-1393.848728173441,3886129.5083330236,SL,,,,,,,,,
2026-09-19T08:31:27.504378+00:00,close,,SOLIRT,ICT/SMC Scalp Pro,short,,,25644018.0,25644018.0,,,,0.004,,-0.0,3886129.5083330236,SL,,,,,,,,,
2026-09-19T08:45:44.315772+00:00,close,,DOGEIRT,ICT/SMC Scalp Pro,short,,,20058.0,20058.0,,,,4.99,,-0.0,3886129.5083330236,SL,,,,,,,,,
2026-09-19T08:45:54.007032+00:00,close,,FLOKIIRT,ICT/SMC Scalp Pro,short,,,5.86148,5.925147797043788,,,,17060.5,,-1086.2044514655452,3885043.303881558,SL,,,,,,,,,
2026-09-19T08:45:54.507032+00:00,close,,FLOKIIRT,ICT/SMC Scalp Pro,short,,,5.86148,5.925147797043788,,,,17060.5,,-1086.2044514655452,3883957.0994300926,SL,,,,,,,,,
2026-09-19T08:46:01.582146+00:00,close,,HBARIRT,ICT/SMC Scalp Pro,long,,,17913.5,18171.026428862475,,,,5.5823,,1437.5897838389935,3885394.6892139316,TP1,,,,,,,,,
2026-09-19T08:46:17.866603+00:00,open,,SHIBIRT,ICT/SMC Scalp Pro,short,,,1.2435,,1.2554789191064863,1.2255316213402705,1.2075632426805412,160836.3,200000.0,,,,,,,,,,,,
2026-09-19T09:16:13.451831+00:00,close,,SUIIRT,ICT/SMC Scalp Pro,short,,,186967.5,189525.28541762324,,,,0.5348,,-1367.9036413449066,3884026.7855725866,SL,,,,,,,,,
2026-09-19T09:16:13.793615+00:00,close,,SUIIRT,ICT/SMC Scalp Pro,short,,,186967.5,189525.28541762324,,,,0.5349,,-1368.159419886669,3882658.6261527,SL,,,,,,,,,
2026-09-19T09:46:19.022653+00:00,open,,SUIIRT,Supertrend+ADX,short,,,189949.0,,194969.7259228312,182417.91111575323,174886.82223150646,3.1587,600000.0,,,,,,,,,,,,
2026-09-19T10:01:20.945049+00:00,close,,SEIIRT,ICT/SMC Scalp Pro,short,,,11040.5,11040.5,,,,9.1,,-0.0,3882658.6261527,SL,,,,,,,,,
2026-09-19T10:01:40.607742+00:00,open,,TRXIRT,ICT/SMC Scalp Pro,long,,,77263.0,,77129.21435859856,77463.67846210217,77664.35692420432,2.58,200000.0,,,,,,,,,,,,
2026-09-19T10:16:24.936383+00:00,close,,TRXIRT,ICT/SMC Scalp Pro,long,,,77263.0,77129.21435859856,,,,1.29,,-172.58347740785584,3882486.042675292,SL,,,,,,,,,
2026-09-19T10:16:25.436383+00:00,close,,TRXIRT,ICT/SMC Scalp Pro,long,,,77263.0,77129.21435859856,,,,1.29,,-172.58347740785584,3882313.4591978844,SL,,,,,,,,,
2026-09-19T10:31:06.294222+00:00,open,,GRAMIRT,ICT/SMC Scalp Pro,short,,,314319.0,,316369.23532888026,311243.6470066797,308168.2940133593,0.63629,200000.0,,,,,,,,,,,,
2026-09-19T10:31:08.362639+00:00,close,,HBARIRT,ICT/SMC Scalp Pro,long,,,17913.5,18428.55285772495,,,,5.5824,,2875.23107296376,3885188.690270848,TP2,,,,,,,,,
2026-09-19T10:31:10.944767+00:00,open,,HBARIRT,Supertrend+ADX,short,,,18392.5,,18802.930329754265,17776.854505368603,17161.209010737202,32.6219,600000.0,,,,,,,,,,,,
2026-09-19T10:31:13.611142+00:00,close,,LINKIRT,ICT/SMC Scalp Pro,short,,,2844586.0,2869999.4048609603,,,,0.0351,,-892.0105106197072,3884296.6797602284,SL,,,,,,,,,
2026-09-19T10:31:14.094875+00:00,close,,LINKIRT,ICT/SMC Scalp Pro,short,,,2844586.0,2869999.4048609603,,,,0.0352,,-894.5518511058033,3883402.1279091225,SL,,,,,,,,,
2026-09-19T10:31:17.179826+00:00,open,,LINKIRT,ICT/SMC Scalp Pro,short,,,2882954.0,,2908092.2365260604,2845246.6452109097,2807539.29042182,0.0693,200000.0,,,,,,,,,,,,
2026-09-19T10:31:29.935347+00:00,open,,SOLIRT,ICT/SMC Scalp Pro,short,,,25639579.5,,25799730.01064228,25399353.734036583,25159127.968073167,0.007,200000.0,,,,,,,,,,,,
2026-09-19T10:31:39.374552+00:00,close,,TRBIRT,ICT/SMC Scalp Pro,short,,,4244115.5,4244115.5,,,,0.0236,,-0.0,3883402.1279091225,SL,,,,,,,,,
2026-09-19T10:46:20.507111+00:00,close,,SUIIRT,Supertrend+ADX,short,,,189949.0,194969.7259228312,,,,1.5793,,-7929.232449927295,3875472.895459195,SL,,,,,,,,,
2026-09-19T10:46:21.252902+00:00,close,,SUIIRT,Supertrend+ADX,short,,,189949.0,194969.7259228312,,,,1.5794,,-7929.734522519579,3867543.1609366755,SL,,,,,,,,,
2026-09-19T10:46:25.355166+00:00,open,,SUIIRT,ICT/SMC Scalp Pro,short,,,195352.5,,198044.09777853984,191315.10333219025,187277.7066643804,1.0237,200000.0,,,,,,,,,,,,
2026-09-19T10:46:33.274901+00:00,open,,TRXIRT,ICT/SMC Scalp Pro,long,,,77225.0,,77086.01755112545,77433.47367331183,77641.94734662367,2.58,200000.0,,,,,,,,,,,,
2026-09-19T11:15:40.900163+00:00,close,,DOGSIRT,ICT/SMC Scalp Pro,short,,,11.015,11.14558422671509,,,,9078.5,,-1185.5089022329453,3866357.6520344424,SL,,,,,,,,,
2026-09-19T11:15:41.400163+00:00,close,,DOGSIRT,ICT/SMC Scalp Pro,short,,,11.015,11.14558422671509,,,,9078.5,,-1185.5089022329453,3865172.1431322093,SL,,,,,,,,,
2026-09-19T11:15:45.003982+00:00,open,,DOGSIRT,ICT/SMC Scalp Pro,short,,,11.145,,11.25417341195072,10.981239882073918,10.817479764147835,17945.2,200000.0,,,,,,,,,,,,
2026-09-19T11:16:07.505307+00:00,open,,SEIIRT,ICT/SMC Scalp Pro,short,,,11221.5,,11331.231116907857,11056.903324638217,10892.306649276434,17.8,200000.0,,,,,,,,,,,,
2026-09-19T11:16:15.105573+00:00,close,,SUIIRT,ICT/SMC Scalp Pro,short,,,195352.5,198044.09777853984,,,,0.5118,,-1377.5597430566916,3863794.583389153,SL,,,,,,,,,
2026-09-19T11:16:15.447329+00:00,close,,SUIIRT,ICT/SMC Scalp Pro,short,,,195352.5,198044.09777853984,,,,0.5119,,-1377.8289028345455,3862416.754486318,SL,,,,,,,,,
2026-09-19T11:16:21.127913+00:00,open,,TIAIRT,ICT/SMC Scalp Pro,short,,,94294.5,,95455.67862760292,92552.73205859562,90810.96411719124,2.121,200000.0,,,,,,,,,,,,
2026-09-19T11:16:26.304471+00:00,open,,TRBIRT,ICT/SMC Scalp Pro,short,,,4250691.5,,4286430.963305229,4197082.305042156,4143473.110084313,0.047,200000.0,,,,,,,,,,,,
2026-09-19T11:16:28.211329+00:00,close,,TRXIRT,ICT/SMC Scalp Pro,long,,,77225.0,77086.01755112545,,,,1.29,,-179.2873590481705,3862237.46712727,SL,,,,,,,,,
2026-09-19T11:16:28.711329+00:00,close,,TRXIRT,ICT/SMC Scalp Pro,long,,,77225.0,77086.01755112545,,,,1.29,,-179.2873590481705,3862058.179768222,SL,,,,,,,,,
2026-09-19T12:16:10.906401+00:00,close,,GRAMIRT,ICT/SMC Scalp Pro,short,,,314319.0,316369.23532888026,,,,0.31814,,-652.2618675299643,3861405.9179006917,SL,,,,,,,,,
2026-09-19T12:16:11.378275+00:00,close,,GRAMIRT,ICT/SMC Scalp Pro,short,,,314319.0,316369.23532888026,,,,0.31815,,-652.2823698832532,3860753.6355308085,SL,,,,,,,,,
2026-09-19T12:16:21.497292+00:00,close,,NOTIRT,ICT/SMC Scalp Pro,short,,,108.2,109.94761221618502,,,,924.2,,-1615.143210198194,3859138.49232061,SL,,,,,,,,,
2026-09-19T12:16:21.997292+00:00,close,,NOTIRT,ICT/SMC Scalp Pro,short,,,108.2,109.94761221618502,,,,924.2,,-1615.143210198194,3857523.349110412,SL,,,,,,,,,
2026-09-19T12:16:44.032273+00:00,close,,TRBIRT,ICT/SMC Scalp Pro,short,,,4250691.5,4286430.963305229,,,,0.0235,,-839.8773876728891,3856683.4717227393,SL,,,,,,,,,
2026-09-19T12:16:44.532273+00:00,close,,TRBIRT,ICT/SMC Scalp Pro,short,,,4250691.5,4286430.963305229,,,,0.0235,,-839.8773876728891,3855843.5943350666,SL,,,,,,,,,
2026-09-19T12:31:09.800785+00:00,open,,GRAMIRT,ICT/SMC Scalp Pro,short,,,318861.0,,321013.58778120275,315632.1183281959,312403.23665639176,0.62723,200000.0,,,,,,,,,,,,
2026-09-19T12:31:56.874337+00:00,close,,XLMIRT,ICT/SMC Scalp Pro,short,,,44255.8,44746.46839640861,,,,2.2595,,-1108.6652416852412,3854734.9290933814,SL,,,,,,,,,
2026-09-19T12:31:57.280000+00:00,close,,XLMIRT,ICT/SMC Scalp Pro,short,,,44255.8,44746.46839640861,,,,2.2596,,-1108.714308524882,3853626.2147848564,SL,,,,,,,,,
2026-09-19T12:46:32.663397+00:00,open,,XLMIRT,Supertrend+ADX,short,,,44919.0,,45715.45526136255,43724.31710795617,42529.63421591234,13.3573,600000.0,,,,,,,,,,,,
2026-09-19T13:00:59.902297+00:00,open,,DOGEIRT,ICT/SMC Scalp Pro,short,,,20312.0,,20479.00391355136,20061.494129672967,19810.98825934593,9.84,200000.0,,,,,,,,,,,,
2026-09-19T13:01:27.464946+00:00,close,,SHIBIRT,ICT/SMC Scalp Pro,short,,,1.2435,1.2554789191064863,,,,80418.1,,-963.3219145973258,3852662.892870259,SL,,,,,,,,,
2026-09-19T13:01:27.964946+00:00,close,,SHIBIRT,ICT/SMC Scalp Pro,short,,,1.2435,1.2554789191064863,,,,80418.1,,-963.3219145973258,3851699.5709556616,SL,,,,,,,,,
2026-09-19T13:01:46.926545+00:00,close,,XLMIRT,Supertrend+ADX,short,,,44919.0,45715.45526136255,,,,6.6786,,-5319.206108535921,3846380.3648471255,SL,,,,,,,,,
2026-09-19T13:01:47.262702+00:00,close,,XLMIRT,Supertrend+ADX,short,,,44919.0,45715.45526136255,,,,6.6787,,-5319.285754062057,3841061.0790930633,SL,,,,,,,,,
2026-09-19T13:16:28.839710+00:00,close,,TIAIRT,ICT/SMC Scalp Pro,short,,,94294.5,95455.67862760292,,,,1.0605,,-1231.4299345728923,3839829.6491584904,SL,,,,,,,,,
2026-09-19T13:16:29.339710+00:00,close,,TIAIRT,ICT/SMC Scalp Pro,short,,,94294.5,95455.67862760292,,,,1.0605,,-1231.4299345728923,3838598.2192239175,SL,,,,,,,,,
2026-09-19T13:16:45.434917+00:00,open,,XLMIRT,ICT/SMC Scalp Pro,short,,,46206.9,,46783.51849476032,45341.9722578595,44477.04451571903,4.3283,200000.0,,,,,,,,,,,,
2026-09-19T13:16:51.723095+00:00,open,,XRPIRT,ICT/SMC Scalp Pro,short,,,330481.5,,333754.1387155429,325572.54192668566,320663.5838533713,0.6,200000.0,,,,,,,,,,,,
2026-09-19T13:30:53.001017+00:00,close,,DOGEIRT,ICT/SMC Scalp Pro,short,,,20312.0,20479.00391355136,,,,4.92,,-821.6592546726813,3837776.559969245,SL,,,,,,,,,
2026-09-19T13:30:53.501017+00:00,close,,DOGEIRT,ICT/SMC Scalp Pro,short,,,20312.0,20479.00391355136,,,,4.92,,-821.6592546726813,3836954.9007145725,SL,,,,,,,,,
2026-09-19T13:31:14.366934+00:00,open,,HBARIRT,ICT/SMC Scalp Pro,short,,,18576.0,,18747.01457710512,18319.47813434232,18062.95626868463,10.7665,200000.0,,,,,,,,,,,,
2026-09-19T13:31:21.195968+00:00,open,,NOTIRT,ICT/SMC Scalp Pro,short,,,109.4,,110.43949947096807,107.8407507935479,106.2815015870958,1828.1,200000.0,,,,,,,,,,,,
2026-09-19T13:45:43.675252+00:00,open,,BTCIRT,ICT/SMC Scalp Pro,short,,,18595040384.0,,18641075814.455723,18525987238.31641,18456934092.63282,1.075e-05,200000.0,,,,,,,,,,,,
2026-09-19T14:16:21.836522+00:00,close,,SEIIRT,ICT/SMC Scalp Pro,short,,,11221.5,11331.231116907857,,,,8.9,,-976.6069404799078,3835978.2937740926,SL,,,,,,,,,
2026-09-19T14:16:22.336522+00:00,close,,SEIIRT,ICT/SMC Scalp Pro,short,,,11221.5,11331.231116907857,,,,8.9,,-976.6069404799078,3835001.6868336126,SL,,,,,,,,,
2026-09-19T14:30:50.992672+00:00,close,,BTCIRT,ICT/SMC Scalp Pro,short,,,18595040384.0,18641075814.455723,,,,5.37e-06,,-247.21026154723148,3834754.4765720656,SL,,,,,,,,,
2026-09-19T14:30:51.345019+00:00,close,,BTCIRT,ICT/SMC Scalp Pro,short,,,18595040384.0,18641075814.455723,,,,5.38e-06,,-247.6706158517887,3834506.8059562137,SL,,,,,,,,,
2026-09-19T14:30:55.240651+00:00,open,,BTCIRT,ICT/SMC Scalp Pro,short,,,18647105506.5,,18696472644.06539,18573054800.15192,18499004093.80383,1.072e-05,200000.0,,,,,,,,,,,,
2026-09-19T14:31:29.704084+00:00,open,,SHIBIRT,Supertrend+ADX,short,,,1.26335,,1.2929774049828018,1.2189088925257974,1.1744677850515948,474927.7,600000.0,,,,,,,,,,,,
2026-09-19T14:31:31.863721+00:00,open,,SHIBIRT,ICT/SMC Scalp Pro,short,,,1.26335,,1.2759295690962222,1.2444806463556668,1.2256112927113336,158309.2,200000.0,,,,,,,,,,,,
2026-09-19T15:15:51.096891+00:00,close,,BTCIRT,ICT/SMC Scalp Pro,short,,,18647105506.5,18696472644.06539,,,,5.36e-06,,-264.60785735049865,3834242.198098863,SL,,,,,,,,,
2026-09-19T15:15:51.596891+00:00,close,,BTCIRT,ICT/SMC Scalp Pro,short,,,18647105506.5,18696472644.06539,,,,5.36e-06,,-264.60785735049865,3833977.5902415123,SL,,,,,,,,,
2026-09-19T15:16:40.762537+00:00,open,,TRBIRT,ICT/SMC Scalp Pro,short,,,4260346.0,,4298117.161336215,4203689.257995677,4147032.5159913553,0.0469,200000.0,,,,,,,,,,,,
2026-09-19T15:45:45.174517+00:00,open,,DOGEIRT,ICT/SMC Scalp Pro,short,,,20373.5,,20594.870697741564,20041.44395338765,19709.387906775304,9.81,200000.0,,,,,,,,,,,,
2026-09-19T15:45:56.377596+00:00,open,,ETHIRT,ICT/SMC Scalp Pro,short,,,606170983.0,,609239327.8572086,601568465.7141871,596965948.4283742,0.000329,200000.0,,,,,,,,,,,,
2026-09-19T16:15:43.706231+00:00,open,,BTCIRT,ICT/SMC Scalp Pro,short,,,18741348407.5,,18811992595.749184,18635382125.12622,18529415842.75244,1.067e-05,200000.0,,,,,,,,,,,,
2026-09-19T16:16:00.091930+00:00,open,,FLOKIIRT,ICT/SMC Scalp Pro,short,,,5.994005,,6.059337470901462,5.896006293647806,5.798007587295613,33366.6,200000.0,,,,,,,,,,,,
2026-09-19T16:16:09.342920+00:00,close,,HBARIRT,ICT/SMC Scalp Pro,short,,,18576.0,18747.01457710512,,,,5.3832,,-920.605671472288,3833056.98457004,SL,,,,,,,,,
2026-09-19T16:16:09.827765+00:00,close,,HBARIRT,ICT/SMC Scalp Pro,short,,,18576.0,18747.01457710512,,,,5.3833,,-920.6227729299986,3832136.3617971097,SL,,,,,,,,,
2026-09-19T16:16:12.635582+00:00,open,,HBARIRT,ICT/SMC Scalp Pro,short,,,18760.5,,18974.05642464252,18440.16536303623,18119.83072607246,10.6606,200000.0,,,,,,,,,,,,
2026-09-19T16:16:43.333949+00:00,close,,XLMIRT,ICT/SMC Scalp Pro,short,,,46206.9,45341.9722578595,,,,2.1641,,1871.790126766237,3834008.151923876,TP1,,,,,,,,,
2026-09-19T16:31:04.358345+00:00,close,,FLOKIIRT,Supertrend+ADX,short,,,5.884885000000001,6.013678077485086,,,,50978.0,,-6565.613504034706,3827442.538419841,SL,,,,,,,,,
2026-09-19T16:31:04.791422+00:00,close,,FLOKIIRT,Supertrend+ADX,short,,,5.884885000000001,6.013678077485086,,,,50978.1,,-6565.626383342455,3820876.9120364985,SL,,,,,,,,,
2026-09-19T16:31:14.911733+00:00,close,,HBARIRT,Supertrend+ADX,short,,,18392.5,18802.930329754265,,,,16.3109,,-6694.488065588836,3814182.42397091,SL,,,,,,,,,
2026-09-19T16:31:15.411733+00:00,close,,HBARIRT,Supertrend+ADX,short,,,18392.5,18802.930329754265,,,,16.3109,,-6694.488065588836,3807487.935905321,SL,,,,,,,,,
2026-09-19T16:31:52.571853+00:00,open,,TRXIRT,Supertrend+ADX,short,,,77667.5,,77993.01464297915,77179.22803553128,76690.95607106257,7.72,600000.0,,,,,,,,,,,,
2026-09-19T16:45:57.981509+00:00,close,,FLOKIIRT,ICT/SMC Scalp Pro,short,,,5.994005,6.059337470901462,,,,16683.3,,-1089.9612117903682,3806397.9746935307,SL,,,,,,,,,
2026-09-19T16:45:58.481509+00:00,close,,FLOKIIRT,ICT/SMC Scalp Pro,short,,,5.994005,6.059337470901462,,,,16683.3,,-1089.9612117903682,3805308.0134817404,SL,,,,,,,,,
2026-09-19T16:46:30.619611+00:00,close,,SHIBIRT,ICT/SMC Scalp Pro,short,,,1.26335,1.2759295690962222,,,,79154.6,,-995.730759983835,3804312.2827217565,SL,,,,,,,,,
2026-09-19T16:46:31.119611+00:00,close,,SHIBIRT,ICT/SMC Scalp Pro,short,,,1.26335,1.2759295690962222,,,,79154.6,,-995.730759983835,3803316.5519617726,SL,,,,,,,,,
2026-09-19T16:46:41.226659+00:00,open,,SUIIRT,ICT/SMC Scalp Pro,short,,,196105.5,,198983.7084522156,191788.18732167664,187470.8746433533,1.0198,200000.0,,,,,,,,,,,,
2026-09-19T16:46:52.050995+00:00,open,,TRXIRT,ICT/SMC Scalp Pro,short,,,77834.5,,77980.85522682196,77614.96715976705,77395.4343195341,2.56,200000.0,,,,,,,,,,,,
2026-09-19T16:46:55.515569+00:00,open,,WIFIRT,ICT/SMC Scalp Pro,short,,,48945.5,,49569.31712686207,48009.7743097069,47074.04861941381,4.08,200000.0,,,,,,,,,,,,
2026-09-19T17:01:28.738338+00:00,open,,FLOKIIRT,ICT/SMC Scalp Pro,short,,,6.0974,,6.171483909258555,5.986274136112168,5.875148272224334,32800.8,200000.0,,,,,,,,,,,,
2026-09-19T17:02:06.228727+00:00,close,,TRBIRT,ICT/SMC Scalp Pro,short,,,4260346.0,4298117.161336215,,,,0.0234,,-883.845175267436,3802432.706786505,SL,,,,,,,,,
2026-09-19T17:02:06.728727+00:00,close,,TRBIRT,ICT/SMC Scalp Pro,short,,,4260346.0,4298117.161336215,,,,0.0234,,-883.845175267436,3801548.8616112373,SL,,,,,,,,,
2026-09-19T17:15:41.918048+00:00,close,,DOGEIRT,ICT/SMC Scalp Pro,short,,,20373.5,20594.870697741564,,,,4.9,,-1084.716418933664,3800464.1451923037,SL,,,,,,,,,
2026-09-19T17:15:42.549928+00:00,close,,DOGEIRT,ICT/SMC Scalp Pro,short,,,20373.5,20594.870697741564,,,,4.91,,-1086.9301259110796,3799377.2150663924,SL,,,,,,,,,
2026-09-19T17:16:08.147858+00:00,close,,NOTIRT,ICT/SMC Scalp Pro,short,,,109.4,110.43949947096807,,,,914.0,,-950.1025164648136,3798427.1125499276,SL,,,,,,,,,
2026-09-19T17:16:08.647858+00:00,close,,NOTIRT,ICT/SMC Scalp Pro,short,,,109.4,110.43949947096807,,,,914.0,,-950.1025164648136,3797477.0100334627,SL,,,,,,,,,
2026-09-19T17:16:15.672493+00:00,close,,SHIBIRT,Supertrend+ADX,short,,,1.26335,1.2929774049828018,,,,237463.8,,-7035.436171355052,3790441.5738621075,SL,,,,,,,,,
2026-09-19T17:16:16.135900+00:00,close,,SHIBIRT,Supertrend+ADX,short,,,1.26335,1.2929774049828018,,,,237463.9,,-7035.43913409555,3783406.134728012,SL,,,,,,,,,
2026-09-19T17:16:35.247243+00:00,close,,WIFIRT,ICT/SMC Scalp Pro,short,,,48945.5,49569.31712686207,,,,2.04,,-1272.5869387986263,3782133.5477892137,SL,,,,,,,,,
2026-09-19T17:16:35.747243+00:00,close,,WIFIRT,ICT/SMC Scalp Pro,short,,,48945.5,49569.31712686207,,,,2.04,,-1272.5869387986263,3780860.9608504153,SL,,,,,,,,,
2026-09-19T17:30:53.240772+00:00,close,,BTCIRT,ICT/SMC Scalp Pro,short,,,18741348407.5,18635382125.12622,,,,5.33e-06,,564.8002850522437,3781425.7611354673,TP1,,,,,,,,,
2026-09-19T17:31:03.439988+00:00,close,,DOGSIRT,ICT/SMC Scalp Pro,short,,,11.145,10.981239882073918,,,,8972.6,,1469.3540341035566,3782895.115169571,TP1,,,,,,,,,
2026-09-19T17:31:15.264453+00:00,close,,GRAMIRT,ICT/SMC Scalp Pro,short,,,318861.0,321013.58778120275,,,,0.31361,,-675.0730540629934,3782220.0421155076,SL,,,,,,,,,
2026-09-19T17:31:15.764453+00:00,close,,GRAMIRT,ICT/SMC Scalp Pro,short,,,318861.0,321013.58778120275,,,,0.31361,,-675.0730540629934,3781544.9690614445,SL,,,,,,,,,
2026-09-19T17:31:49.886749+00:00,close,,TRXIRT,ICT/SMC Scalp Pro,short,,,77834.5,77614.96715976705,,,,1.28,,281.00203549817206,3781825.9710969427,TP1,,,,,,,,,
2026-09-19T17:31:50.526416+00:00,close,,TRXIRT,ICT/SMC Scalp Pro,short,,,77834.5,77834.5,,,,1.28,,-0.0,3781825.9710969427,SL,,,,,,,,,
2026-09-19T18:01:28.446565+00:00,open,,PEPEIRT,ICT/SMC Scalp Pro,short,,,0.9612,,0.9866080055641798,0.9230879916537305,0.8849759833074607,208073.2,200000.0,,,,,,,,,,,,
2026-09-19T18:01:54.671454+00:00,close,,XRPIRT,ICT/SMC Scalp Pro,short,,,330481.5,325572.54192668566,,,,0.3,,1472.6874219943013,3783298.658518937,TP1,,,,,,,,,
2026-09-19T18:16:18.308342+00:00,close,,SOLIRT,ICT/SMC Scalp Pro,short,,,25639579.5,25399353.734036583,,,,0.003,,720.6772978902496,3784019.335816827,TP1,,,,,,,,,
2026-09-19T18:30:51.991800+00:00,close,,ARBIRT,ICT/SMC Scalp Pro,short,,,49284.0,46582.3481767668,,,,2.029,,5481.651549340167,3789500.9873661674,TP1,,,,,,,,,
2026-09-19T18:32:09.241533+00:00,open,,TRBIRT,ICT/SMC Scalp Pro,short,,,4379279.0,,4435780.508497343,4294526.737253986,4209774.474507972,0.0456,200000.0,,,,,,,,,,,,
2026-09-19T18:45:55.292925+00:00,close,,ETHIRT,ICT/SMC Scalp Pro,short,,,606170983.0,601568465.7141871,,,,0.000164,,754.8128348733081,3790255.8002010407,TP1,,,,,,,,,
2026-09-19T19:46:15.580916+00:00,close,,SUIIRT,ICT/SMC Scalp Pro,short,,,196105.5,198983.7084522156,,,,0.5099,,-1467.598489784716,3788788.201711256,SL,,,,,,,,,
2026-09-19T19:46:16.080916+00:00,close,,SUIIRT,ICT/SMC Scalp Pro,short,,,196105.5,198983.7084522156,,,,0.5099,,-1467.598489784716,3787320.6032214714,SL,,,,,,,,,
2026-09-19T19:46:19.562009+00:00,open,,SUIIRT,ICT/SMC Scalp Pro,short,,,199852.5,,203123.98459214933,194945.27311177604,190038.04622355205,1.0007,200000.0,,,,,,,,,,,,
2026-09-19T20:01:04.376772+00:00,close,,BTCIRT,ICT/SMC Scalp Pro,short,,,18741348407.5,18529415842.75244,,,,5.34e-06,,1131.719895751963,3788452.3231172236,TP2,,,,,,,,,
2026-09-19T20:16:18.463282+00:00,open,,SEIIRT,ICT/SMC Scalp Pro,short,,,11444.5,,11565.093509552862,11263.609735670709,11082.71947134141,17.4,200000.0,,,,,,,,,,,,
2026-09-19T20:16:30.568008+00:00,close,,TRBIRT,ICT/SMC Scalp Pro,short,,,4379279.0,4294526.737253986,,,,0.0228,,1932.3515906091125,3790384.6747078327,TP1,,,,,,,,,
2026-09-19T20:45:45.781486+00:00,close,,DOGSIRT,ICT/SMC Scalp Pro,short,,,11.145,10.817479764147835,,,,8972.6,,2938.708068207113,3793323.3827760397,TP2,,,,,,,,,
2026-09-19T20:46:26.465236+00:00,close,,TRXIRT,Supertrend+ADX,short,,,77667.5,77179.22803553128,,,,3.86,,1884.7297828492467,3795208.1125588887,TP1,,,,,,,,,
2026-09-19T21:01:22.125457+00:00,close,,LINKIRT,ICT/SMC Scalp Pro,short,,,2882954.0,2845246.6452109097,,,,0.0346,,1304.6744757025258,3796512.787034591,TP1,,,,,,,,,
2026-09-19T21:15:51.911045+00:00,open,,DOGSIRT,ICT/SMC Scalp Pro,long,,,10.76,,10.64627060931785,10.930594086023223,11.101188172046449,18587.3,200000.0,,,,,,,,,,,,
2026-09-19T21:15:58.016887+00:00,close,,FLOKIIRT,ICT/SMC Scalp Pro,short,,,6.0974,5.986274136112168,,,,16400.4,,1822.5086181060124,3798335.2956526973,TP1,,,,,,,,,
2026-09-19T21:30:54.517638+00:00,close,,ETHIRT,ICT/SMC Scalp Pro,short,,,606170983.0,596965948.4283742,,,,0.000164,,1509.6256697466358,3799844.921322444,TP2,,,,,,,,,
2026-09-19T21:31:05.967846+00:00,close,,HBARIRT,ICT/SMC Scalp Pro,short,,,18760.5,18440.16536303623,,,,5.3303,,1707.4797154079797,3801552.401037852,TP1,,,,,,,,,
2026-09-19T21:31:17.555262+00:00,close,,SEIIRT,ICT/SMC Scalp Pro,short,,,11444.5,11263.609735670709,,,,8.7,,1573.74529966485,3803126.1463375166,TP1,,,,,,,,,
2026-09-19T21:31:25.408931+00:00,close,,SUIIRT,ICT/SMC Scalp Pro,short,,,199852.5,194945.27311177604,,,,0.5003,,2455.0856121784464,3805581.231949695,TP1,,,,,,,,,
2026-09-19T21:31:42.730876+00:00,close,,XLMIRT,ICT/SMC Scalp Pro,short,,,46206.9,44477.04451571903,,,,2.1641,,3743.580253532443,3809324.8122032275,TP2,,,,,,,,,
2026-09-19T21:46:09.142362+00:00,close,,LINKIRT,ICT/SMC Scalp Pro,short,,,2882954.0,2807539.29042182,,,,0.0347,,2616.89042236287,3811941.7026255904,TP2,,,,,,,,,
2026-09-19T21:46:14.663371+00:00,close,,PEPEIRT,ICT/SMC Scalp Pro,short,,,0.9612,0.9230879916537305,,,,104036.6,,3965.043767517512,3815906.746393108,TP1,,,,,,,,,
2026-09-19T21:46:22.921862+00:00,close,,SOLIRT,ICT/SMC Scalp Pro,short,,,25639579.5,25159127.968073167,,,,0.004,,1921.8061277073325,3817828.5525208153,TP2,,,,,,,,,
2026-09-19T21:46:33.823673+00:00,close,,TRBIRT,ICT/SMC Scalp Pro,short,,,4379279.0,4209774.474507972,,,,0.0228,,3864.7031812182463,3821693.2557020336,TP2,,,,,,,,,
2026-09-19T21:46:43.846809+00:00,close,,XRPIRT,ICT/SMC Scalp Pro,short,,,330481.5,320663.5838533713,,,,0.3,,2945.3748439886026,3824638.630546022,TP2,,,,,,,,,
2026-09-19T22:01:35.456299+00:00,open,,TRXIRT,ICT/SMC Scalp Pro,short,,,77415.0,,77562.11447804577,77194.32828293134,76973.6565658627,2.58,200000.0,,,,,,,,,,,,
2026-09-19T22:16:24.661037+00:00,close,,TRXIRT,ICT/SMC Scalp Pro,short,,,77415.0,77562.11447804577,,,,1.29,,-189.77767667904192,3824448.852869343,SL,,,,,,,,,
2026-09-19T22:16:25.161037+00:00,close,,TRXIRT,ICT/SMC Scalp Pro,short,,,77415.0,77562.11447804577,,,,1.29,,-189.77767667904192,3824259.075192664,SL,,,,,,,,,
2026-09-19T22:46:21.352639+00:00,close,,TRXIRT,Supertrend+ADX,short,,,77667.5,77667.5,,,,3.86,,-0.0,3824259.075192664,SL,,,,,,,,,
2026-09-19T23:01:33.667704+00:00,open,,TRXIRT,ICT/SMC Scalp Pro,short,,,77724.0,,77878.3366362556,77492.49504561661,77260.99009123322,2.57,200000.0,,,,,,,,,,,,
2026-09-19T23:15:47.143768+00:00,close,,DOGSIRT,ICT/SMC Scalp Pro,long,,,10.76,10.930594086023223,,,,9293.6,,1585.433197865447,3825844.508390529,TP1,,,,,,,,,
2026-09-19T23:16:18.957060+00:00,close,,TRXIRT,ICT/SMC Scalp Pro,short,,,77724.0,77878.3366362556,,,,1.28,,-197.55089440716432,3825646.957496122,SL,,,,,,,,,
2026-09-19T23:16:19.457060+00:00,close,,TRXIRT,ICT/SMC Scalp Pro,short,,,77724.0,77878.3366362556,,,,1.28,,-197.55089440716432,3825449.406601715,SL,,,,,,,,,
2026-09-20T00:31:04.831939+00:00,close,,HBARIRT,ICT/SMC Scalp Pro,short,,,18760.5,18760.5,,,,5.3303,,-0.0,3825449.406601715,SL,,,,,,,,,
2026-09-20T00:45:54.123282+00:00,open,,HBARIRT,Supertrend+ADX,short,,,18779.5,,19199.15214201844,18150.02178697236,17520.543573944702,31.9497,600000.0,,,,,,,,,,,,
2026-09-20T01:15:57.869382+00:00,open,,HBARIRT,ICT/SMC Scalp Pro,short,,,19049.5,,19269.24958919717,18719.875616204245,18390.251232408493,10.4989,200000.0,,,,,,,,,,,,
2026-09-20T01:31:27.077167+00:00,open,,TRBIRT,ICT/SMC Scalp Pro,long,,,4187640.5,,4135788.835831656,4265417.996252516,4343195.492505033,0.0477,200000.0,,,,,,,,,,,,
2026-09-20T02:01:12.896091+00:00,open,,NOTIRT,Supertrend+ADX,short,,,110.15,,112.33387152417852,106.87419271373224,103.59838542746444,5447.1,600000.0,,,,,,,,,,,,
2026-09-20T02:01:15.096495+00:00,open,,NOTIRT,ICT/SMC Scalp Pro,short,,,110.15,,111.7962722684334,107.68059159734987,105.21118319469976,1815.7,200000.0,,,,,,,,,,,,
2026-09-20T02:15:36.668736+00:00,open,,ARBIRT,Supertrend+ADX,short,,,48170.5,,50502.44339648724,44672.584905269134,41174.66981053828,12.4557,600000.0,,,,,,,,,,,,
2026-09-20T02:16:20.515257+00:00,open,,TIAIRT,ICT/SMC Scalp Pro,short,,,97953.0,,99553.61782164108,95552.07326753836,93151.14653507674,2.0417,200000.0,,,,,,,,,,,,
2026-09-20T02:35:35.379726+00:00,close,,HBARIRT,ICT/SMC Scalp Pro,short,,,19049.5,18719.875616204245,,,,5.2494,,1730.3302402974384,3827179.7368420125,TP1,,,,,,,,,
2026-09-20T02:46:48.453347+00:00,open,,SHIBIRT,ICT/SMC Scalp Pro,long,,,1.2425,,1.2251881990541988,1.2684677014187016,1.2944354028374034,160965.7,200000.0,,,,,,,,,,,,
2026-09-20T03:04:22.910326+00:00,open,,ADAIRT,ICT/SMC Scalp Pro,long,,,50345.0,,49525.98635326252,51573.52047010623,52802.04094021245,3.972589,200000.0,,,,,,,,,,,,
2026-09-20T03:04:33.462236+00:00,open,,DOGEIRT,ICT/SMC Scalp Pro,long,,,19565.0,,19336.198975529573,19908.201536705645,20251.40307341128,10.22,200000.0,,,,,,,,,,,,
2026-09-20T03:04:36.074357+00:00,close,,DOGSIRT,ICT/SMC Scalp Pro,long,,,10.76,10.76,,,,9293.6,,0.0,3827179.7368420125,SL,,,,,,,,,
2026-09-20T03:04:39.559831+00:00,open,,DOGSIRT,ICT/SMC Scalp Pro,long,,,10.67,,10.523182862064663,10.890225706903005,11.110451413806008,18744.1,200000.0,,,,,,,,,,,,
2026-09-20T03:04:42.988078+00:00,open,,ETHIRT,ICT/SMC Scalp Pro,long,,,590042620.5,,585960438.4404298,596165893.5893552,602289166.6787105,0.000338,200000.0,,,,,,,,,,,,
2026-09-20T03:04:44.961225+00:00,close,,FLOKIIRT,ICT/SMC Scalp Pro,short,,,6.0974,5.875148272224334,,,,16400.4,,3645.0172362120393,3830824.7540782248,TP2,,,,,,,,,
2026-09-20T03:04:48.218885+00:00,open,,FLOKIIRT,ICT/SMC Scalp Pro,long,,,5.794345,,5.697583968789161,5.939486546816258,6.084628093632516,34516.4,200000.0,,,,,,,,,,,,
2026-09-20T03:04:54.890900+00:00,close,,HBARIRT,ICT/SMC Scalp Pro,short,,,19049.5,18390.251232408493,,,,5.2495,,3460.726405471617,3834285.4804836963,TP2,,,,,,,,,
2026-09-20T03:04:57.550406+00:00,open,,HBARIRT,ICT/SMC Scalp Pro,long,,,18322.5,,18005.382905975548,18798.17564103668,19273.851282073363,10.9155,200000.0,,,,,,,,,,,,
2026-09-20T03:05:01.208393+00:00,open,,LINKIRT,ICT/SMC Scalp Pro,long,,,2748224.0,,2715291.3010322093,2797623.048451686,2847022.096903372,0.0727,200000.0,,,,,,,,,,,,
2026-09-20T03:05:03.582061+00:00,close,,NOTIRT,Supertrend+ADX,short,,,110.15,106.87419271373224,,,,2723.5,,8921.661144150294,3843207.1416278468,TP1,,,,,,,,,
2026-09-20T03:05:05.483383+00:00,close,,NOTIRT,ICT/SMC Scalp Pro,short,,,110.15,107.68059159734987,,,,907.8,,2241.7289479257765,3845448.8705757726,TP1,,,,,,,,,
2026-09-20T03:05:11.678502+00:00,close,,SEIIRT,ICT/SMC Scalp Pro,short,,,11444.5,11082.71947134141,,,,8.7,,3147.490599329732,3848596.361175102,TP2,,,,,,,,,
2026-09-20T03:05:15.331292+00:00,close,,SHIBIRT,ICT/SMC Scalp Pro,long,,,1.2425,1.2251881990541988,,,,80482.8,,-1393.3022131607202,3847203.0589619414,SL,,,,,,,,,
2026-09-20T03:05:15.673830+00:00,close,,SHIBIRT,ICT/SMC Scalp Pro,long,,,1.2425,1.2251881990541988,,,,80482.9,,-1393.3039443408147,3845809.7550176005,SL,,,,,,,,,
2026-09-20T03:05:18.563074+00:00,open,,SHIBIRT,ICT/SMC Scalp Pro,long,,,1.22975,,1.2109961589105578,1.2578807616341636,1.2860115232683274,162634.6,200000.0,,,,,,,,,,,,
2026-09-20T03:05:21.558073+00:00,open,,SOLIRT,ICT/SMC Scalp Pro,long,,,24773959.0,,24541237.995552544,25123040.506671187,25472122.01334237,0.008,200000.0,,,,,,,,,,,,
2026-09-20T03:05:23.317167+00:00,close,,SUIIRT,ICT/SMC Scalp Pro,short,,,199852.5,190038.04622355205,,,,0.5004,,4911.152669734552,3850720.907687335,TP2,,,,,,,,,
2026-09-20T03:05:26.535612+00:00,open,,SUIIRT,ICT/SMC Scalp Pro,long,,,188384.0,,183609.92675991368,195545.1098601295,202706.21972025896,1.0616,200000.0,,,,,,,,,,,,
2026-09-20T03:05:28.894431+00:00,close,,TIAIRT,ICT/SMC Scalp Pro,short,,,97953.0,95552.07326753836,,,,1.0208,,2450.86600849684,3853171.7736958317,TP1,,,,,,,,,
2026-09-20T03:05:33.968590+00:00,close,,TRBIRT,ICT/SMC Scalp Pro,long,,,4187640.5,4135788.835831656,,,,0.0238,,-1234.0696072065955,3851937.704088625,SL,,,,,,,,,
2026-09-20T03:05:34.468590+00:00,close,,TRBIRT,ICT/SMC Scalp Pro,long,,,4187640.5,4135788.835831656,,,,0.0238,,-1234.0696072065955,3850703.6344814184,SL,,,,,,,,,
2026-09-20T03:05:37.373692+00:00,open,,TRBIRT,ICT/SMC Scalp Pro,long,,,4122816.0,,4064180.255552108,4210769.616671838,4298723.233343677,0.0485,200000.0,,,,,,,,,,,,
2026-09-20T03:05:42.423804+00:00,open,,WIFIRT,ICT/SMC Scalp Pro,long,,,46391.0,,45609.83813386478,47562.74279920282,48734.48559840564,4.31,200000.0,,,,,,,,,,,,
2026-09-20T03:05:45.691503+00:00,open,,XLMIRT,ICT/SMC Scalp Pro,long,,,43702.55,,43074.141801901256,44645.16229714813,45587.77459429624,4.5763,200000.0,,,,,,,,,,,,
2026-09-20T03:05:48.746714+00:00,open,,XRPIRT,ICT/SMC Scalp Pro,long,,,315871.0,,312267.7296334267,321275.90554986,326680.8110997199,0.6,200000.0,,,,,,,,,,,,
2026-09-20T04:00:52.822554+00:00,close,,ARBIRT,ICT/SMC Scalp Pro,short,,,49284.0,49284.0,,,,2.029,,-0.0,3850703.6344814184,SL,,,,,,,,,
2026-09-20T07:16:01.855839+00:00,close,,HBARIRT,ICT/SMC Scalp Pro,long,,,18322.5,18798.17564103668,,,,5.4577,,2596.094946085887,3853299.7294275044,TP1,,,,,,,,,
2026-09-20T07:16:18.741201+00:00,close,,SOLIRT,ICT/SMC Scalp Pro,long,,,24773959.0,25123040.506671187,,,,0.004,,1396.3260266847462,3854696.055454189,TP1,,,,,,,,,
2026-09-20T07:30:59.902464+00:00,close,,ETHIRT,ICT/SMC Scalp Pro,long,,,590042620.5,596165893.5893552,,,,0.000169,,1034.833152101034,3855730.88860629,TP1,,,,,,,,,
2026-09-20T07:46:32.651887+00:00,open,,TRXIRT,ICT/SMC Scalp Pro,short,,,78764.5,,78934.81312213426,78509.03031679858,78253.56063359718,2.53,200000.0,,,,,,,,,,,,
2026-09-20T08:01:44.240229+00:00,close,,TRXIRT,ICT/SMC Scalp Pro,short,,,78764.5,78934.81312213426,,,,1.26,,-214.59453388917115,3855516.294072401,SL,,,,,,,,,
2026-09-20T08:01:44.740229+00:00,close,,TRXIRT,ICT/SMC Scalp Pro,short,,,78764.5,78934.81312213426,,,,1.26,,-214.59453388917115,3855301.6995385117,SL,,,,,,,,,
2026-09-20T08:01:48.471701+00:00,open,,TRXIRT,ICT/SMC Scalp Pro,short,,,79155.0,,79331.5179349799,78890.22309753015,78625.4461950603,2.52,200000.0,,,,,,,,,,,,
2026-09-20T08:16:27.321779+00:00,close,,TRXIRT,ICT/SMC Scalp Pro,short,,,79155.0,79331.5179349799,,,,1.26,,-222.41259807467404,3855079.286940437,SL,,,,,,,,,
2026-09-20T08:16:27.821779+00:00,close,,TRXIRT,ICT/SMC Scalp Pro,short,,,79155.0,79331.5179349799,,,,1.26,,-222.41259807467404,3854856.874342362,SL,,,,,,,,,
2026-09-20T08:16:35.235448+00:00,open,,TRXIRT,ICT/SMC Scalp Pro,short,,,79269.5,,79462.95522166732,78979.31716749903,78689.13433499806,2.52,200000.0,,,,,,,,,,,,
2026-09-20T08:31:45.809486+00:00,close,,TRXIRT,ICT/SMC Scalp Pro,short,,,79269.5,78979.31716749903,,,,1.26,,365.6303689512224,3855222.504711313,TP1,,,,,,,,,
2026-09-20T08:46:36.717943+00:00,close,,TRBIRT,ICT/SMC Scalp Pro,long,,,4122816.0,4064180.255552108,,,,0.0242,,-1418.985015638988,3853803.519695674,SL,,,,,,,,,
2026-09-20T08:46:37.578918+00:00,close,,TRBIRT,ICT/SMC Scalp Pro,long,,,4122816.0,4064180.255552108,,,,0.0243,,-1424.848590083777,3852378.67110559,SL,,,,,,,,,
2026-09-20T08:46:40.910860+00:00,close,,TRXIRT,ICT/SMC Scalp Pro,short,,,79269.5,78689.13433499806,,,,1.26,,731.2607379024447,3853109.9318434927,TP2,,,,,,,,,
2026-09-20T08:46:47.305246+00:00,close,,WIFIRT,ICT/SMC Scalp Pro,long,,,46391.0,45609.83813386478,,,,2.15,,-1679.49801219072,3851430.433831302,SL,,,,,,,,,
2026-09-20T08:46:47.805246+00:00,close,,WIFIRT,ICT/SMC Scalp Pro,long,,,46391.0,45609.83813386478,,,,2.15,,-1679.49801219072,3849750.9358191113,SL,,,,,,,,,
2026-09-20T09:01:42.559718+00:00,open,,TRBIRT,ICT/SMC Scalp Pro,long,,,4037913.0,,3991487.48217612,4107551.2767358194,4177189.55347164,0.0495,200000.0,,,,,,,,,,,,
2026-09-20T10:16:24.888681+00:00,open,,SEIIRT,ICT/SMC Scalp Pro,long,,,11003.5,,10877.331025628797,11192.753461556804,11382.006923113611,18.1,200000.0,,,,,,,,,,,,
2026-09-20T10:45:52.624838+00:00,close,,DOGSIRT,ICT/SMC Scalp Pro,long,,,10.67,10.523182862064663,,,,9372.0,,-1375.9702167299567,3848374.965602381,SL,,,,,,,,,
2026-09-20T10:45:53.124838+00:00,close,,DOGSIRT,ICT/SMC Scalp Pro,long,,,10.67,10.523182862064663,,,,9372.0,,-1375.9702167299567,3846998.995385651,SL,,,,,,,,,
2026-09-20T12:16:06.284013+00:00,open,,GRAMIRT,ICT/SMC Scalp Pro,short,,,317255.0,,319298.12473415013,314190.3128987748,311125.62579754955,0.6304,200000.0,,,,,,,,,,,,
2026-09-20T13:31:20.363494+00:00,close,,SEIIRT,ICT/SMC Scalp Pro,long,,,11003.5,10877.331025628797,,,,9.0,,-1135.5207693408283,3845863.47461631,SL,,,,,,,,,
2026-09-20T13:31:20.796738+00:00,close,,SEIIRT,ICT/SMC Scalp Pro,long,,,11003.5,10877.331025628797,,,,9.1,,-1148.1376667779489,3844715.336949532,SL,,,,,,,,,
2026-09-20T13:45:59.286887+00:00,close,,HBARIRT,Supertrend+ADX,short,,,18779.5,19199.15214201844,,,,15.9748,,-6703.859038316058,3838011.4779112157,SL,,,,,,,,,
2026-09-20T13:45:59.745741+00:00,close,,HBARIRT,Supertrend+ADX,short,,,18779.5,19199.15214201844,,,,15.9749,,-6703.90100353026,3831307.5769076855,SL,,,,,,,,,
2026-09-20T13:46:02.199875+00:00,close,,HBARIRT,ICT/SMC Scalp Pro,long,,,18322.5,19273.851282073363,,,,5.4578,,5192.285027300001,3836499.8619349855,TP2,,,,,,,,,
2026-09-20T13:46:43.498827+00:00,open,,TRXIRT,ICT/SMC Scalp Pro,short,,,79852.5,,80105.56182315205,79472.90726527192,79093.31453054384,2.5,200000.0,,,,,,,,,,,,
2026-09-20T14:01:14.459230+00:00,open,,HBARIRT,ICT/SMC Scalp Pro,short,,,19859.5,,20247.607923341136,19277.33811498829,18695.176229976594,10.0707,200000.0,,,,,,,,,,,,
2026-09-20T14:16:03.621110+00:00,close,,HBARIRT,ICT/SMC Scalp Pro,short,,,19859.5,20247.607923341136,,,,5.0353,,-1954.2398263996247,3834545.6221085857,SL,,,,,,,,,
2026-09-20T14:16:04.226711+00:00,close,,HBARIRT,ICT/SMC Scalp Pro,short,,,19859.5,20247.607923341136,,,,5.0354,,-1954.2786371919588,3832591.343471394,SL,,,,,,,,,
2026-09-20T14:16:34.695636+00:00,close,,TRBIRT,ICT/SMC Scalp Pro,long,,,4037913.0,3991487.48217612,,,,0.0247,,-1146.7102902498375,3831444.633181144,SL,,,,,,,,,
2026-09-20T14:16:35.157337+00:00,close,,TRBIRT,ICT/SMC Scalp Pro,long,,,4037913.0,3991487.48217612,,,,0.0248,,-1151.3528420322257,3830293.2803391116,SL,,,,,,,,,
2026-09-20T14:16:38.932074+00:00,close,,TRXIRT,ICT/SMC Scalp Pro,short,,,79852.5,79472.90726527192,,,,1.25,,474.4909184101016,3830767.7712575216,TP1,,,,,,,,,
2026-09-20T14:16:39.967142+00:00,close,,TRXIRT,ICT/SMC Scalp Pro,short,,,79852.5,79852.5,,,,1.25,,-0.0,3830767.7712575216,SL,,,,,,,,,
2026-09-20T14:30:57.491343+00:00,close,,ETHIRT,ICT/SMC Scalp Pro,long,,,590042620.5,590042620.5,,,,0.000169,,0.0,3830767.7712575216,SL,,,,,,,,,
2026-09-20T14:45:58.804157+00:00,open,,LINKIRT,Supertrend+ADX,short,,,2783882.0,,2836055.1020853054,2705622.346872041,2627362.693744083,0.2155,600000.0,,,,,,,,,,,,
2026-09-20T15:01:06.925263+00:00,open,,ETHIRT,ICT/SMC Scalp Pro,short,,,594699411.0,,597342403.4417962,590734922.3373057,586770433.6746113,0.000336,200000.0,,,,,,,,,,,,
2026-09-20T15:15:48.772729+00:00,close,,ETHIRT,ICT/SMC Scalp Pro,short,,,594699411.0,597342403.4417962,,,,0.000168,,-444.0227302217588,3830323.7485272996,SL,,,,,,,,,
2026-09-20T15:15:49.272729+00:00,close,,ETHIRT,ICT/SMC Scalp Pro,short,,,594699411.0,597342403.4417962,,,,0.000168,,-444.0227302217588,3829879.7257970776,SL,,,,,,,,,
2026-09-20T15:15:52.960846+00:00,open,,ETHIRT,Supertrend+ADX,short,,,597567017.0,,603901002.4728776,588066038.7906835,578565060.581367,0.001004,600000.0,,,,,,,,,,,,
2026-09-20T15:16:03.428516+00:00,open,,HBARIRT,ICT/SMC Scalp Pro,short,,,20500.0,,21034.89192672685,19697.662109909725,18895.32421981945,9.756,200000.0,,,,,,,,,,,,
2026-09-20T15:16:06.197561+00:00,close,,LINKIRT,ICT/SMC Scalp Pro,long,,,2748224.0,2797623.048451686,,,,0.0363,,1793.185458796195,3831672.9112558737,TP1,,,,,,,,,
2026-09-20T15:16:10.120954+00:00,close,,NOTIRT,Supertrend+ADX,short,,,110.15,110.15,,,,2723.6,,-0.0,3831672.9112558737,SL,,,,,,,,,
2026-09-20T15:16:12.330642+00:00,close,,NOTIRT,ICT/SMC Scalp Pro,short,,,110.15,110.15,,,,907.9,,-0.0,3831672.9112558737,SL,,,,,,,,,
2026-09-20T15:16:34.625514+00:00,close,,XLMIRT,ICT/SMC Scalp Pro,long,,,43702.55,44645.16229714813,,,,2.2881,,2156.791197104621,3833829.7024529786,TP1,,,,,,,,,
2026-09-20T15:16:37.693856+00:00,open,,XLMIRT,Supertrend+ADX,short,,,44670.95,,45788.91830542351,42993.99754186473,41317.045083729456,13.4315,600000.0,,,,,,,,,,,,
2026-09-20T15:30:59.718385+00:00,open,,DOGSIRT,ICT/SMC Scalp Pro,long,,,10.595,,10.486622178645357,10.757566732031965,10.920133464063923,18876.8,200000.0,,,,,,,,,,,,
2026-09-20T15:31:41.207301+00:00,open,,WIFIRT,ICT/SMC Scalp Pro,long,,,45411.0,,44880.30294196119,46207.04558705822,47003.091174116445,4.4,200000.0,,,,,,,,,,,,
2026-09-20T15:45:49.486460+00:00,open,,ADAIRT,Supertrend+ADX,short,,,51529.0,,52806.23580248399,49613.146296274,47697.292592548,11.643928,600000.0,,,,,,,,,,,,
2026-09-20T15:46:10.852441+00:00,open,,FLOKIIRT,Supertrend+ADX,short,,,5.884639999999999,,6.017105539842317,5.685941690236523,5.487243380473046,101960.3,600000.0,,,,,,,,,,,,
2026-09-20T15:46:18.270059+00:00,close,,HBARIRT,ICT/SMC Scalp Pro,short,,,20500.0,19697.662109909725,,,,4.878,,3913.804227860363,3837743.5066808388,TP1,,,,,,,,,
2026-09-20T16:00:51.934709+00:00,close,,ADAIRT,ICT/SMC Scalp Pro,long,,,50345.0,51573.52047010623,,,,1.986294,,2440.2028386491884,3840183.709519488,TP1,,,,,,,,,
2026-09-20T16:01:06.898319+00:00,close,,ETHIRT,Supertrend+ADX,short,,,597567017.0,603901002.4728776,,,,0.000502,,-3179.6607073845657,3837004.0488121035,SL,,,,,,,,,
2026-09-20T16:01:07.398319+00:00,close,,ETHIRT,Supertrend+ADX,short,,,597567017.0,603901002.4728776,,,,0.000502,,-3179.6607073845657,3833824.388104719,SL,,,,,,,,,
2026-09-20T16:01:21.135806+00:00,close,,LINKIRT,Supertrend+ADX,short,,,2783882.0,2836055.1020853054,,,,0.1077,,-5619.0430945873895,3828205.3450101316,SL,,,,,,,,,
2026-09-20T16:01:21.635806+00:00,close,,LINKIRT,Supertrend+ADX,short,,,2783882.0,2836055.1020853054,,,,0.1077,,-5619.0430945873895,3822586.301915544,SL,,,,,,,,,
2026-09-20T16:01:23.157790+00:00,close,,LINKIRT,ICT/SMC Scalp Pro,long,,,2748224.0,2847022.096903372,,,,0.0364,,3596.2507272827443,3826182.552642827,TP2,,,,,,,,,
2026-09-20T16:01:47.479879+00:00,open,,TRBIRT,ICT/SMC Scalp Pro,short,,,4070096.0,,4112440.551497348,4006579.1727539776,3943062.345507954,0.0491,200000.0,,,,,,,,,,,,
2026-09-20T16:01:53.662803+00:00,close,,WIFIRT,ICT/SMC Scalp Pro,long,,,45411.0,46207.04558705822,,,,2.2,,1751.3002915280902,3827933.852934355,TP1,,,,,,,,,
2026-09-20T16:02:02.502733+00:00,close,,XRPIRT,ICT/SMC Scalp Pro,long,,,315871.0,321275.90554986,,,,0.3,,1621.4716649579932,3829555.324599313,TP1,,,,,,,,,
2026-09-20T16:15:52.723792+00:00,open,,BTCIRT,ICT/SMC Scalp Pro,short,,,18670733590.5,,18740239725.94404,18566474387.333942,18462215184.167885,1.071e-05,200000.0,,,,,,,,,,,,
2026-09-20T16:15:55.671326+00:00,close,,DOGEIRT,ICT/SMC Scalp Pro,long,,,19565.0,19908.201536705645,,,,5.11,,1753.7598525658443,3831309.084451879,TP1,,,,,,,,,
2026-09-20T16:15:59.747684+00:00,open,,DOGEIRT,Supertrend+ADX,short,,,19882.5,,20283.385200077017,19281.17219988448,18679.84439976895,30.17,600000.0,,,,,,,,,,,,
2026-09-20T16:16:02.081983+00:00,close,,DOGSIRT,ICT/SMC Scalp Pro,long,,,10.595,10.757566732031965,,,,9438.4,,1534.3698436104885,3832843.4542954895,TP1,,,,,,,,,
2026-09-20T16:16:19.102855+00:00,open,,LINKIRT,ICT/SMC Scalp Pro,short,,,2850869.5,,2879358.6822376195,2808135.7266435707,2765401.9532871414,0.0701,200000.0,,,,,,,,,,,,
2026-09-20T16:16:26.785648+00:00,open,,SEIIRT,ICT/SMC Scalp Pro,short,,,11133.5,,11251.842891228269,10955.985663157597,10778.471326315192,17.9,200000.0,,,,,,,,,,,,
2026-09-20T16:16:34.233281+00:00,close,,SUIIRT,ICT/SMC Scalp Pro,long,,,188384.0,195545.1098601295,,,,0.5308,,3801.117113756744,3836644.5714092464,TP1,,,,,,,,,
2026-09-20T16:16:54.086099+00:00,open,,XRPIRT,Supertrend+ADX,short,,,321890.0,,327942.232294821,312811.6515577685,303733.30311553704,1.8,600000.0,,,,,,,,,,,,
2026-09-20T16:32:13.053830+00:00,close,,WIFIRT,ICT/SMC Scalp Pro,long,,,45411.0,47003.091174116445,,,,2.2,,3502.6005830561803,3840147.1719923024,TP2,,,,,,,,,
2026-09-20T16:45:35.062043+00:00,close,,ADAIRT,Supertrend+ADX,short,,,51529.0,52806.23580248399,,,,5.821964,,-7436.020861572914,3832711.1511307294,SL,,,,,,,,,
2026-09-20T16:45:35.562043+00:00,close,,ADAIRT,Supertrend+ADX,short,,,51529.0,52806.23580248399,,,,5.821964,,-7436.020861572914,3825275.1302691563,SL,,,,,,,,,
2026-09-20T16:45:38.916042+00:00,close,,ADAIRT,ICT/SMC Scalp Pro,long,,,50345.0,52802.04094021245,,,,1.986295,,4880.408134339287,3830155.5384034957,TP2,,,,,,,,,
2026-09-20T16:45:42.646129+00:00,open,,ADAIRT,ICT/SMC Scalp Pro,short,,,53247.0,,53951.32211726613,52190.516824100814,51134.03364820163,3.75608,200000.0,,,,,,,,,,,,
2026-09-20T16:46:06.253791+00:00,close,,FLOKIIRT,ICT/SMC Scalp Pro,long,,,5.794345,5.939486546816258,,,,17258.2,,2504.88184326434,3832660.42024676,TP1,,,,,,,,,
2026-09-20T16:46:12.746221+00:00,close,,GRAMIRT,ICT/SMC Scalp Pro,short,,,317255.0,319298.12473415013,,,,0.3152,,-643.9929162041208,3832016.427330556,SL,,,,,,,,,
2026-09-20T16:46:13.246221+00:00,close,,GRAMIRT,ICT/SMC Scalp Pro,short,,,317255.0,319298.12473415013,,,,0.3152,,-643.9929162041208,3831372.434414352,SL,,,,,,,,,
2026-09-20T16:46:15.796883+00:00,open,,GRAMIRT,Supertrend+ADX,short,,,319246.0,,324488.60289585334,311382.09565622,303518.1913124401,1.87942,600000.0,,,,,,,,,,,,
2026-09-20T16:46:17.714275+00:00,open,,GRAMIRT,ICT/SMC Scalp Pro,short,,,319246.0,,321493.4305016205,315874.8542475692,312503.7084951384,0.62647,200000.0,,,,,,,,,,,,
2026-09-20T16:46:24.397265+00:00,close,,LINKIRT,ICT/SMC Scalp Pro,short,,,2850869.5,2879358.6822376195,,,,0.035,,-997.1213783166838,3830375.3130360353,SL,,,,,,,,,
2026-09-20T16:46:24.897265+00:00,close,,LINKIRT,ICT/SMC Scalp Pro,short,,,2850869.5,2879358.6822376195,,,,0.035,,-997.1213783166838,3829378.1916577187,SL,,,,,,,,,
2026-09-20T16:46:33.772211+00:00,close,,SEIIRT,ICT/SMC Scalp Pro,short,,,11133.5,11251.842891228269,,,,8.9,,-1053.2517319315928,3828324.939925787,SL,,,,,,,,,
2026-09-20T16:46:34.272211+00:00,close,,SEIIRT,ICT/SMC Scalp Pro,short,,,11133.5,11251.842891228269,,,,8.9,,-1053.2517319315928,3827271.6881938553,SL,,,,,,,,,
2026-09-20T16:46:37.886560+00:00,open,,SEIIRT,ICT/SMC Scalp Pro,short,,,11331.5,,11465.40898162962,11130.63652755557,10929.773055111144,17.6,200000.0,,,,,,,,,,,,
2026-09-20T16:46:40.234107+00:00,close,,SHIBIRT,ICT/SMC Scalp Pro,long,,,1.22975,1.2578807616341636,,,,81317.3,,2287.517583033764,3829559.205776889,TP1,,,,,,,,,
2026-09-20T16:46:46.128642+00:00,close,,SUIIRT,ICT/SMC Scalp Pro,long,,,188384.0,202706.21972025896,,,,0.5308,,7602.234227513456,3837161.4400044023,TP2,,,,,,,,,
2026-09-20T16:46:50.717000+00:00,open,,SUIIRT,ICT/SMC Scalp Pro,short,,,207981.5,,212766.0095667588,200804.73564986183,193627.9712997237,0.9616,200000.0,,,,,,,,,,,,
2026-09-20T16:46:57.800938+00:00,open,,TIAIRT,Supertrend+ADX,short,,,96499.5,,99478.457423911,92031.06386413348,87562.62772826696,6.2176,600000.0,,,,,,,,,,,,
2026-09-20T16:47:02.817272+00:00,close,,TRBIRT,ICT/SMC Scalp Pro,short,,,4070096.0,4112440.551497348,,,,0.0245,,-1037.441511685029,3836123.9984927173,SL,,,,,,,,,
2026-09-20T16:47:03.317272+00:00,close,,TRBIRT,ICT/SMC Scalp Pro,short,,,4070096.0,4112440.551497348,,,,0.0245,,-1037.441511685029,3835086.5569810322,SL,,,,,,,,,
2026-09-20T16:47:10.509883+00:00,open,,WIFIRT,ICT/SMC Scalp Pro,short,,,47419.5,,48137.51160942633,46342.48258586051,45265.46517172102,4.21,200000.0,,,,,,,,,,,,
2026-09-20T17:01:33.414115+00:00,close,,SEIIRT,ICT/SMC Scalp Pro,short,,,11331.5,11465.40898162962,,,,8.8,,-1178.3990383406565,3833908.157942692,SL,,,,,,,,,
2026-09-20T17:01:33.914115+00:00,close,,SEIIRT,ICT/SMC Scalp Pro,short,,,11331.5,11465.40898162962,,,,8.8,,-1178.3990383406565,3832729.7589043514,SL,,,,,,,,,
2026-09-20T17:01:37.150116+00:00,open,,SEIIRT,ICT/SMC Scalp Pro,short,,,11815.0,,12001.614517233122,11535.07822415032,11255.15644830064,16.9,200000.0,,,,,,,,,,,,
2026-09-20T17:15:59.705816+00:00,close,,GRAMIRT,ICT/SMC Scalp Pro,short,,,319246.0,321493.4305016205,,,,0.31323,,-703.9626560225948,3832025.796248329,SL,,,,,,,,,
2026-09-20T17:16:00.205816+00:00,close,,GRAMIRT,ICT/SMC Scalp Pro,short,,,319246.0,321493.4305016205,,,,0.31323,,-703.9626560225948,3831321.8335923064,SL,,,,,,,,,
2026-09-20T17:31:28.217109+00:00,open,,NOTIRT,ICT/SMC Scalp Pro,short,,,112.3,,114.0584890812586,109.66226637811208,107.02453275622412,1780.9,200000.0,,,,,,,,,,,,
2026-09-20T18:00:53.347357+00:00,close,,ADAIRT,ICT/SMC Scalp Pro,short,,,53247.0,52190.516824100814,,,,1.87804,,1984.117663665707,3833305.951255972,TP1,,,,,,,,,
2026-09-20T18:15:57.723550+00:00,close,,BTCIRT,ICT/SMC Scalp Pro,short,,,18670733590.5,18566474387.333942,,,,5.35e-06,,557.786736938408,3833863.7379929107,TP1,,,,,,,,,
2026-09-20T18:46:34.753396+00:00,close,,SEIIRT,ICT/SMC Scalp Pro,short,,,11815.0,11535.07822415032,,,,8.4,,2351.34291713731,3836215.080910048,TP1,,,,,,,,,
2026-09-20T19:02:08.155430+00:00,close,,SUIIRT,ICT/SMC Scalp Pro,short,,,207981.5,200804.73564986183,,,,0.4808,,3450.5882995464312,3839665.6692095944,TP1,,,,,,,,,
2026-09-20T19:31:04.328667+00:00,close,,DOGSIRT,ICT/SMC Scalp Pro,long,,,10.595,10.920133464063923,,,,9438.4,,3068.73968722096,3842734.4088968155,TP2,,,,,,,,,
2026-09-20T19:32:01.186573+00:00,close,,WIFIRT,ICT/SMC Scalp Pro,short,,,47419.5,46342.48258586051,,,,2.1,,2261.736569692928,3844996.1454665083,TP1,,,,,,,,,
2026-09-20T20:21:59.199645+00:00,close,,SEIIRT,ICT/SMC Scalp Pro,short,,,11815.0,11815.0,,,,8.4,,-0.0,3844996.1454665083,SL,,,,,,,,,
2026-09-20T20:23:18.138869+00:00,open,,SEIIRT,ICT/SMC Scalp Pro,short,,,11943.0,,12181.922430261688,11584.61635460747,11226.23270921494,16.7,200000.0,,,,,,,,,,,,
2026-09-20T20:46:12.529857+00:00,close,,SEIIRT,ICT/SMC Scalp Pro,short,,,11943.0,12181.922430261688,,,,8.3,,-1983.056171172008,3843013.0892953365,SL,,,,,,,,,
2026-09-20T20:46:13.029857+00:00,close,,SEIIRT,ICT/SMC Scalp Pro,short,,,11943.0,12181.922430261688,,,,8.3,,-1983.056171172008,3841030.0331241647,SL,,,,,,,,,
2026-09-20T22:01:47.746191+00:00,open,,TRBIRT,ICT/SMC Scalp Pro,short,,,4126218.5,,4174764.344499846,4053399.733250231,3980580.966500462,0.0484,200000.0,,,,,,,,,,,,
2026-09-20T22:15:56.164859+00:00,open,,ETHIRT,ICT/SMC Scalp Pro,short,,,607447288.5,,612186519.0553266,600338442.6670102,593229596.8340206,0.000329,200000.0,,,,,,,,,,,,
2026-09-20T22:16:31.242078+00:00,close,,TRBIRT,ICT/SMC Scalp Pro,short,,,4126218.5,4174764.344499846,,,,0.0242,,-1174.809436896273,3839855.2236872683,SL,,,,,,,,,
2026-09-20T22:16:31.742078+00:00,close,,TRBIRT,ICT/SMC Scalp Pro,short,,,4126218.5,4174764.344499846,,,,0.0242,,-1174.809436896273,3838680.414250372,SL,,,,,,,,,
2026-09-20T22:16:34.702057+00:00,open,,TRBIRT,ICT/SMC Scalp Pro,short,,,4177729.0,,4229125.850910052,4100633.7236349215,4023538.447269845,0.0478,200000.0,,,,,,,,,,,,
2026-09-20T22:31:20.466496+00:00,close,,ARBIRT,Supertrend+ADX,short,,,48170.5,50502.44339648724,,,,6.2278,,-14522.877084643214,3824157.537165729,SL,,,,,,,,,
2026-09-20T22:31:21.095250+00:00,close,,ARBIRT,Supertrend+ADX,short,,,48170.5,50502.44339648724,,,,6.2279,,-14523.110278982862,3809634.426886746,SL,,,,,,,,,
2026-09-20T23:01:51.796859+00:00,close,,XLMIRT,ICT/SMC Scalp Pro,long,,,43702.55,45587.77459429624,,,,2.2882,,4313.770916668655,3813948.197803415,TP2,,,,,,,,,
2026-09-20T23:01:55.428574+00:00,open,,XLMIRT,ICT/SMC Scalp Pro,short,,,45726.55,,46253.237215137575,44936.519177293645,44146.488354587294,4.3738,200000.0,,,,,,,,,,,,
2026-09-20T23:16:17.788653+00:00,close,,SOLIRT,ICT/SMC Scalp Pro,long,,,24773959.0,25472122.01334237,,,,0.004,,2792.652053369477,3816740.8498567846,TP2,,,,,,,,,
2026-09-20T23:46:15.309097+00:00,open,,SOLIRT,ICT/SMC Scalp Pro,short,,,25481139.5,,25710298.11296264,25137401.58055605,24793663.661112096,0.007,200000.0,,,,,,,,,,,,
2026-09-21T00:15:42.724293+00:00,close,,BTCIRT,ICT/SMC Scalp Pro,short,,,18670733590.5,18670733590.5,,,,5.36e-06,,-0.0,3816740.8498567846,SL,,,,,,,,,
2026-09-21T00:15:46.656937+00:00,open,,BTCIRT,ICT/SMC Scalp Pro,short,,,18676421322.5,,18763370235.25024,18545997953.374645,18415574584.24929,1.07e-05,200000.0,,,,,,,,,,,,
2026-09-21T00:15:55.562348+00:00,close,,ETHIRT,ICT/SMC Scalp Pro,short,,,607447288.5,612186519.0553266,,,,0.000164,,-777.2338110735593,3815963.616045711,SL,,,,,,,,,
2026-09-21T00:15:56.062348+00:00,close,,ETHIRT,ICT/SMC Scalp Pro,short,,,607447288.5,612186519.0553266,,,,0.000164,,-777.2338110735593,3815186.3822346376,SL,,,,,,,,,
2026-09-21T00:16:12.674274+00:00,open,,LINKIRT,ICT/SMC Scalp Pro,short,,,2913061.0,,2946081.128767409,2863530.8068488864,2814000.6136977733,0.0686,200000.0,,,,,,,,,,,,
2026-09-21T00:16:19.467424+00:00,open,,PEPEIRT,Supertrend+ADX,short,,,0.926325,,0.9560628051011528,0.881718292348271,0.8371115846965421,647720.8,600000.0,,,,,,,,,,,,
2026-09-21T00:16:28.164120+00:00,close,,SUIIRT,ICT/SMC Scalp Pro,short,,,207981.5,207981.5,,,,0.4808,,-0.0,3815186.3822346376,SL,,,,,,,,,
2026-09-21T00:16:31.218784+00:00,open,,SUIIRT,ICT/SMC Scalp Pro,short,,,209871.0,,214680.34782332365,202656.9782650145,195442.95653002907,0.9529,200000.0,,,,,,,,,,,,
2026-09-21T00:16:47.150675+00:00,close,,XLMIRT,Supertrend+ADX,short,,,44670.95,45788.91830542351,,,,6.7157,,-7507.939748732691,3807678.442485905,SL,,,,,,,,,
2026-09-21T00:16:47.694976+00:00,close,,XLMIRT,Supertrend+ADX,short,,,44670.95,45788.91830542351,,,,6.7158,,-7508.051545563234,3800170.3909403416,SL,,,,,,,,,
2026-09-21T00:30:45.320819+00:00,open,,ADAIRT,Supertrend+ADX,short,,,52907.0,,54400.95825567145,50666.06261649282,48425.12523298564,11.340654,600000.0,,,,,,,,,,,,
2026-09-21T00:30:53.194983+00:00,close,,DOGEIRT,Supertrend+ADX,short,,,19882.5,20283.385200077017,,,,15.08,,-6045.348817161411,3794125.0421231803,SL,,,,,,,,,
2026-09-21T00:30:53.539959+00:00,close,,DOGEIRT,Supertrend+ADX,short,,,19882.5,20283.385200077017,,,,15.09,,-6049.357669162181,3788075.6844540183,SL,,,,,,,,,
2026-09-21T00:30:55.349215+00:00,close,,DOGEIRT,ICT/SMC Scalp Pro,long,,,19565.0,20251.40307341128,,,,5.11,,3507.519705131652,3791583.20415915,TP2,,,,,,,,,
2026-09-21T00:31:28.445645+00:00,close,,SOLIRT,ICT/SMC Scalp Pro,short,,,25481139.5,25710298.11296264,,,,0.003,,-687.4758388879002,3790895.728320262,SL,,,,,,,,,
2026-09-21T00:31:28.806255+00:00,close,,SOLIRT,ICT/SMC Scalp Pro,short,,,25481139.5,25710298.11296264,,,,0.004,,-916.6344518505337,3789979.0938684116,SL,,,,,,,,,
2026-09-21T00:31:32.976709+00:00,close,,SUIIRT,ICT/SMC Scalp Pro,short,,,209871.0,214680.34782332365,,,,0.4764,,-2291.173303031388,3787687.9205653802,SL,,,,,,,,,
2026-09-21T00:31:33.348705+00:00,close,,SUIIRT,ICT/SMC Scalp Pro,short,,,209871.0,214680.34782332365,,,,0.4765,,-2291.654237813721,3785396.2663275665,SL,,,,,,,,,
2026-09-21T00:31:36.662990+00:00,open,,SUIIRT,ICT/SMC Scalp Pro,short,,,216407.5,,221803.5053496812,208313.4919754783,200219.4839509566,0.9241,200000.0,,,,,,,,,,,,
2026-09-21T00:31:40.684448+00:00,close,,TIAIRT,ICT/SMC Scalp Pro,short,,,97953.0,97953.0,,,,1.0209,,-0.0,3785396.2663275665,SL,,,,,,,,,
2026-09-21T00:31:43.785312+00:00,open,,TIAIRT,ICT/SMC Scalp Pro,short,,,98003.0,,99410.23209122632,95892.15186316054,93781.3037263211,2.0407,200000.0,,,,,,,,,,,,
2026-09-21T00:31:50.622122+00:00,open,,TRXIRT,Supertrend+ADX,short,,,78526.0,,78818.96136296402,78086.55795555397,77647.11591110793,7.64,600000.0,,,,,,,,,,,,
2026-09-21T00:31:54.225405+00:00,close,,WIFIRT,ICT/SMC Scalp Pro,short,,,47419.5,47419.5,,,,2.11,,-0.0,3785396.2663275665,SL,,,,,,,,,
2026-09-21T00:32:00.200527+00:00,close,,XRPIRT,Supertrend+ADX,short,,,321890.0,327942.232294821,,,,0.9,,-5447.009065338905,3779949.2572622276,SL,,,,,,,,,
2026-09-21T00:32:00.700527+00:00,close,,XRPIRT,Supertrend+ADX,short,,,321890.0,327942.232294821,,,,0.9,,-5447.009065338905,3774502.2481968887,SL,,,,,,,,,
2026-09-21T00:32:02.178013+00:00,close,,XRPIRT,ICT/SMC Scalp Pro,long,,,315871.0,326680.8110997199,,,,0.3,,3242.9433299159687,3777745.1915268046,TP2,,,,,,,,,
2026-09-21T01:01:08.538428+00:00,close,,FLOKIIRT,Supertrend+ADX,short,,,5.884639999999999,6.017105539842317,,,,50980.1,,-6753.106467715368,3770992.085059089,SL,,,,,,,,,
2026-09-21T01:01:09.107777+00:00,close,,FLOKIIRT,Supertrend+ADX,short,,,5.884639999999999,6.017105539842317,,,,50980.2,,-6753.119714269352,3764238.9653448197,SL,,,,,,,,,
2026-09-21T01:16:27.358006+00:00,close,,TRXIRT,Supertrend+ADX,short,,,78526.0,78818.96136296402,,,,3.82,,-1119.112406522566,3763119.852938297,SL,,,,,,,,,
2026-09-21T01:16:27.858006+00:00,close,,TRXIRT,Supertrend+ADX,short,,,78526.0,78818.96136296402,,,,3.82,,-1119.112406522566,3762000.7405317747,SL,,,,,,,,,
2026-09-21T01:46:31.630342+00:00,open,,WIFIRT,ICT/SMC Scalp Pro,short,,,47065.0,,47807.50616196277,45951.24075705585,44837.4815141117,4.24,200000.0,,,,,,,,,,,,
2026-09-21T02:00:57.464817+00:00,close,,BTCIRT,ICT/SMC Scalp Pro,short,,,18676421322.5,18545997953.374645,,,,5.35e-06,,697.7650248206479,3762698.5055565955,TP1,,,,,,,,,
2026-09-21T02:01:14.001149+00:00,open,,GRAMIRT,ICT/SMC Scalp Pro,long,,,315813.5,,313121.310843383,319851.78373492544,323890.06746985094,0.63328,200000.0,,,,,,,,,,,,
2026-09-21T02:01:43.903583+00:00,close,,TRBIRT,ICT/SMC Scalp Pro,short,,,4177729.0,4100633.7236349215,,,,0.0239,,1842.5771051253544,3764541.082661721,TP1,,,,,,,,,
2026-09-21T02:01:46.662029+00:00,open,,TRBIRT,Supertrend+ADX,long,,,4089843.0,,3974352.448879472,4263078.8266807925,4436314.653361584,0.1467,600000.0,,,,,,,,,,,,
2026-09-21T02:15:43.073436+00:00,close,,BTCIRT,ICT/SMC Scalp Pro,short,,,18676421322.5,18676421322.5,,,,5.35e-06,,-0.0,3764541.082661721,SL,,,,,,,,,
2026-09-21T02:16:31.065915+00:00,open,,TRXIRT,ICT/SMC Scalp Pro,short,,,78725.0,,78887.98621243132,78480.52068135301,78236.04136270603,2.54,200000.0,,,,,,,,,,,,
2026-09-21T02:31:34.605242+00:00,close,,TRXIRT,ICT/SMC Scalp Pro,short,,,78725.0,78887.98621243132,,,,1.27,,-206.9924897877792,3764334.090171933,SL,,,,,,,,,
2026-09-21T02:31:35.105242+00:00,close,,TRXIRT,ICT/SMC Scalp Pro,short,,,78725.0,78887.98621243132,,,,1.27,,-206.9924897877792,3764127.0976821454,SL,,,,,,,,,
2026-09-21T03:30:46.472984+00:00,close,,ADAIRT,ICT/SMC Scalp Pro,short,,,53247.0,53247.0,,,,1.87804,,-0.0,3764127.0976821454,SL,,,,,,,,,
2026-09-21T03:45:57.564770+00:00,close,,GRAMIRT,ICT/SMC Scalp Pro,long,,,315813.5,319851.78373492544,,,,0.31664,,1278.6821618267911,3765405.779843972,TP1,,,,,,,,,
2026-09-21T04:01:02.211811+00:00,open,,DOGSIRT,ICT/SMC Scalp Pro,short,,,11.245,,11.412638345026584,10.993542482460125,10.74208496492025,17785.6,200000.0,,,,,,,,,,,,
2026-09-21T04:46:11.781122+00:00,open,,SEIIRT,ICT/SMC Scalp Pro,short,,,13204.0,,13543.3744968723,12694.938254691551,12185.876509383104,15.1,200000.0,,,,,,,,,,,,
2026-09-21T05:01:50.926282+00:00,open,,TRXIRT,ICT/SMC Scalp Pro,short,,,78825.5,,78990.1041672411,78578.59374913834,78331.68749827669,2.53,200000.0,,,,,,,,,,,,
2026-09-21T06:02:15.172578+00:00,close,,TRXIRT,ICT/SMC Scalp Pro,short,,,78825.5,78578.59374913834,,,,1.26,,311.1018760856948,3765716.8817200577,TP1,,,,,,,,,
2026-09-21T06:02:15.947182+00:00,close,,TRXIRT,ICT/SMC Scalp Pro,short,,,78825.5,78825.5,,,,1.26,,-0.0,3765716.8817200577,SL,,,,,,,,,
2026-09-21T06:16:30.735725+00:00,open,,TRXIRT,ICT/SMC Scalp Pro,short,,,78803.0,,78974.74931740454,78545.3760238932,78287.7520477864,2.53,200000.0,,,,,,,,,,,,
2026-09-21T06:30:53.574133+00:00,open,,DOGEIRT,ICT/SMC Scalp Pro,short,,,20474.0,,20704.721579098245,20127.91763135263,19781.83526270526,9.76,200000.0,,,,,,,,,,,,
2026-09-21T06:31:16.174325+00:00,close,,NOTIRT,ICT/SMC Scalp Pro,short,,,112.3,114.0584890812586,,,,890.4,,-1565.7586779526723,3764151.123042105,SL,,,,,,,,,
2026-09-21T06:31:16.675460+00:00,close,,NOTIRT,ICT/SMC Scalp Pro,short,,,112.3,114.0584890812586,,,,890.5,,-1565.934526860798,3762585.1885152445,SL,,,,,,,,,
2026-09-21T06:31:20.226470+00:00,open,,NOTIRT,ICT/SMC Scalp Pro,short,,,114.75,,116.27937684374588,112.45593473438122,110.16186946876242,1742.9,200000.0,,,,,,,,,,,,
2026-09-21T06:31:33.416857+00:00,close,,SUIIRT,ICT/SMC Scalp Pro,short,,,216407.5,221803.5053496812,,,,0.462,,-2492.9544715526827,3760092.234043692,SL,,,,,,,,,
2026-09-21T06:31:33.919259+00:00,close,,SUIIRT,ICT/SMC Scalp Pro,short,,,216407.5,221803.5053496812,,,,0.4621,,-2493.4940720876507,3757598.739971604,SL,,,,,,,,,
2026-09-21T06:31:37.607845+00:00,open,,SUIIRT,ICT/SMC Scalp Pro,short,,,223173.0,,229247.1749901494,214061.7375147759,204950.47502955177,0.8961,200000.0,,,,,,,,,,,,
2026-09-21T06:31:46.445332+00:00,close,,TRBIRT,ICT/SMC Scalp Pro,short,,,4177729.0,4177729.0,,,,0.0239,,-0.0,3757598.739971604,SL,,,,,,,,,
2026-09-21T06:46:24.009252+00:00,close,,TRXIRT,ICT/SMC Scalp Pro,short,,,78803.0,78545.3760238932,,,,1.26,,324.60620989456686,3757923.346181499,TP1,,,,,,,,,
2026-09-21T06:46:25.029148+00:00,close,,TRXIRT,ICT/SMC Scalp Pro,short,,,78803.0,78803.0,,,,1.26,,-0.0,3757923.346181499,SL,,,,,,,,,
2026-09-21T07:01:59.643775+00:00,open,,TRXIRT,ICT/SMC Scalp Pro,short,,,78724.0,,78888.95793852616,78476.56309221074,78229.12618442149,2.54,200000.0,,,,,,,,,,,,
2026-09-21T07:45:58.864832+00:00,close,,LINKIRT,ICT/SMC Scalp Pro,short,,,2913061.0,2863530.8068488864,,,,0.0343,,1698.8856250831957,3759622.231806582,TP1,,,,,,,,,
2026-09-21T07:46:02.330066+00:00,close,,NOTIRT,ICT/SMC Scalp Pro,short,,,114.75,112.45593473438122,,,,871.4,,1999.048472460208,3761621.280279042,TP1,,,,,,,,,
2026-09-21T08:01:06.035823+00:00,open,,BTCIRT,ICT/SMC Scalp Pro,short,,,18683068008.0,,18775789822.309875,18543985286.53519,18404902565.070377,1.07e-05,200000.0,,,,,,,,,,,,
2026-09-21T08:02:07.234891+00:00,close,,TRXIRT,ICT/SMC Scalp Pro,short,,,78724.0,78476.56309221074,,,,1.27,,314.24487289236333,3761935.5251519345,TP1,,,,,,,,,
2026-09-21T08:15:46.733216+00:00,close,,DOGEIRT,ICT/SMC Scalp Pro,short,,,20474.0,20704.721579098245,,,,4.88,,-1125.9213059994331,3760809.603845935,SL,,,,,,,,,
2026-09-21T08:15:47.233216+00:00,close,,DOGEIRT,ICT/SMC Scalp Pro,short,,,20474.0,20704.721579098245,,,,4.88,,-1125.9213059994331,3759683.682539935,SL,,,,,,,,,
2026-09-21T08:15:53.778282+00:00,open,,DOGEIRT,ICT/SMC Scalp Pro,short,,,20672.5,,20934.82415622729,20279.013765659067,19885.527531318137,9.67,200000.0,,,,,,,,,,,,
2026-09-21T08:16:30.663810+00:00,open,,SOLIRT,ICT/SMC Scalp Pro,short,,,25782642.0,,26029588.11891744,25412222.821623847,25041803.64324769,0.007,200000.0,,,,,,,,,,,,
2026-09-21T08:30:53.089669+00:00,close,,BTCIRT,ICT/SMC Scalp Pro,short,,,18683068008.0,18775789822.309875,,,,5.35e-06,,-496.0617065578338,3759187.6208333774,SL,,,,,,,,,
2026-09-21T08:30:53.589669+00:00,close,,BTCIRT,ICT/SMC Scalp Pro,short,,,18683068008.0,18775789822.309875,,,,5.35e-06,,-496.0617065578338,3758691.5591268195,SL,,,,,,,,,
2026-09-21T08:30:58.276137+00:00,open,,BTCIRT,ICT/SMC Scalp Pro,short,,,18802817760.0,,18901932223.664425,18654146064.50336,18505474369.00672,1.063e-05,200000.0,,,,,,,,,,,,
2026-09-21T08:31:12.542262+00:00,close,,FLOKIIRT,ICT/SMC Scalp Pro,long,,,5.794345,6.084628093632516,,,,17258.2,,5009.763686528696,3763701.3228133484,TP2,,,,,,,,,
2026-09-21T08:31:37.882221+00:00,close,,SHIBIRT,ICT/SMC Scalp Pro,long,,,1.22975,1.2860115232683274,,,,81317.3,,4575.035166067546,3768276.357979416,TP2,,,,,,,,,
2026-09-21T08:31:54.976917+00:00,open,,TRBIRT,ICT/SMC Scalp Pro,short,,,4179360.0,,4226098.80868339,4109251.786974916,4039143.573949832,0.0478,200000.0,,,,,,,,,,,,
2026-09-21T08:45:37.367661+00:00,close,,BTCIRT,Supertrend+ADX,long,,,17444404516.5,18875047439.545315,,,,1.72e-05,,24607.05827637941,3792883.4162557954,TP2,,,,,,,,,
2026-09-21T08:45:39.053498+00:00,close,,BTCIRT,ICT/SMC Scalp Pro,short,,,18802817760.0,18901932223.664425,,,,5.31e-06,,-526.2978020580962,3792357.1184537373,SL,,,,,,,,,
2026-09-21T08:45:39.373836+00:00,close,,BTCIRT,ICT/SMC Scalp Pro,short,,,18802817760.0,18901932223.664425,,,,5.32e-06,,-527.2889466947404,3791829.8295070427,SL,,,,,,,,,
2026-09-21T08:45:42.989132+00:00,open,,BTCIRT,ICT/SMC Scalp Pro,short,,,19080041080.5,,19230317075.48484,18854627088.022747,18629213095.545498,1.048e-05,200000.0,,,,,,,,,,,,
2026-09-21T08:45:45.084063+00:00,close,,DOGEIRT,ICT/SMC Scalp Pro,short,,,20672.5,20934.82415622729,,,,4.83,,-1267.0256745778047,3790562.803832465,SL,,,,,,,,,
2026-09-21T08:45:45.420271+00:00,close,,DOGEIRT,ICT/SMC Scalp Pro,short,,,20672.5,20934.82415622729,,,,4.84,,-1269.6489161400775,3789293.1549163247,SL,,,,,,,,,
2026-09-21T08:45:48.400159+00:00,open,,DOGEIRT,ICT/SMC Scalp Pro,short,,,21018.0,,21313.659629492744,20574.510555760888,20131.02111152177,9.51,200000.0,,,,,,,,,,,,
2026-09-21T08:46:02.084550+00:00,close,,GRAMIRT,ICT/SMC Scalp Pro,long,,,315813.5,323890.06746985094,,,,0.31664,,2557.3643236536013,3791850.5192399784,TP2,,,,,,,,,
2026-09-21T08:46:07.904061+00:00,close,,LINKIRT,ICT/SMC Scalp Pro,short,,,2913061.0,2913061.0,,,,0.0343,,-0.0,3791850.5192399784,SL,,,,,,,,,
2026-09-21T08:46:11.364918+00:00,open,,LINKIRT,ICT/SMC Scalp Pro,short,,,2929561.0,,2966333.5490249577,2874402.176462564,2819243.3529251283,0.0682,200000.0,,,,,,,,,,,,
2026-09-21T08:46:27.588141+00:00,close,,SOLIRT,ICT/SMC Scalp Pro,short,,,25782642.0,26029588.11891744,,,,0.003,,-740.8383567523174,3791109.680883226,SL,,,,,,,,,
2026-09-21T08:46:27.939270+00:00,close,,SOLIRT,ICT/SMC Scalp Pro,short,,,25782642.0,26029588.11891744,,,,0.004,,-987.7844756697566,3790121.8964075563,SL,,,,,,,,,
2026-09-21T08:46:31.014892+00:00,open,,SOLIRT,ICT/SMC Scalp Pro,short,,,26455299.5,,26780633.473044854,25967298.54043272,25479297.580865435,0.007,200000.0,,,,,,,,,,,,
2026-09-21T08:46:42.482564+00:00,close,,TRBIRT,ICT/SMC Scalp Pro,short,,,4179360.0,4226098.80868339,,,,0.0239,,-1117.057527533016,3789004.8388800235,SL,,,,,,,,,
2026-09-21T08:46:42.982564+00:00,close,,TRBIRT,ICT/SMC Scalp Pro,short,,,4179360.0,4226098.80868339,,,,0.0239,,-1117.057527533016,3787887.7813524907,SL,,,,,,,,,
2026-09-21T08:46:45.899505+00:00,open,,TRBIRT,ICT/SMC Scalp Pro,short,,,4224310.0,,4275347.608060055,4147753.587909919,4071197.175819837,0.0473,200000.0,,,,,,,,,,,,
2026-09-21T08:46:47.876510+00:00,close,,TRXIRT,ICT/SMC Scalp Pro,short,,,78724.0,78724.0,,,,1.27,,-0.0,3787887.7813524907,SL,,,,,,,,,
2026-09-21T08:46:50.862337+00:00,open,,TRXIRT,ICT/SMC Scalp Pro,short,,,78628.5,,78789.6225728401,78386.81614073984,78145.13228147969,2.54,200000.0,,,,,,,,,,,,
2026-09-21T08:46:53.457344+00:00,close,,WIFIRT,ICT/SMC Scalp Pro,short,,,47065.0,47807.50616196277,,,,2.12,,-1574.1130633610658,3786313.6682891296,SL,,,,,,,,,
2026-09-21T08:46:53.957344+00:00,close,,WIFIRT,ICT/SMC Scalp Pro,short,,,47065.0,47807.50616196277,,,,2.12,,-1574.1130633610658,3784739.5552257686,SL,,,,,,,,,
2026-09-21T08:46:56.671984+00:00,open,,WIFIRT,ICT/SMC Scalp Pro,short,,,47895.0,,48621.24694820352,46805.62957769473,45716.25915538945,4.17,200000.0,,,,,,,,,,,,
2026-09-21T08:47:00.298423+00:00,close,,XLMIRT,ICT/SMC Scalp Pro,short,,,45726.55,46253.237215137575,,,,2.1869,,-1151.812270784356,3783587.7429549843,SL,,,,,,,,,
2026-09-21T08:47:00.798423+00:00,close,,XLMIRT,ICT/SMC Scalp Pro,short,,,45726.55,46253.237215137575,,,,2.1869,,-1151.812270784356,3782435.9306842,SL,,,,,,,,,
2026-09-21T08:47:04.293571+00:00,open,,XLMIRT,ICT/SMC Scalp Pro,short,,,46765.1,,47390.46998080864,45827.04502878703,44888.99005757408,4.2766,200000.0,,,,,,,,,,,,
2026-09-21T09:00:58.695313+00:00,close,,ADAIRT,Supertrend+ADX,short,,,52907.0,54400.95825567145,,,,5.670327,,-8471.23183400674,3773964.698850193,SL,,,,,,,,,
2026-09-21T09:00:59.195313+00:00,close,,ADAIRT,Supertrend+ADX,short,,,52907.0,54400.95825567145,,,,5.670327,,-8471.23183400674,3765493.467016186,SL,,,,,,,,,
2026-09-21T09:01:04.814832+00:00,open,,ADAIRT,ICT/SMC Scalp Pro,short,,,54107.0,,54909.95949997998,52902.56075003002,51698.12150006003,3.696379,200000.0,,,,,,,,,,,,
2026-09-21T09:02:04.566764+00:00,close,,TRXIRT,ICT/SMC Scalp Pro,short,,,78628.5,78789.6225728401,,,,1.27,,-204.62566750693225,3765288.8413486793,SL,,,,,,,,,
2026-09-21T09:02:05.066764+00:00,close,,TRXIRT,ICT/SMC Scalp Pro,short,,,78628.5,78789.6225728401,,,,1.27,,-204.62566750693225,3765084.2156811724,SL,,,,,,,,,
2026-09-21T09:02:08.384020+00:00,open,,TRXIRT,ICT/SMC Scalp Pro,short,,,78819.0,,78986.54913632624,78567.67629551062,78316.35259102125,2.53,200000.0,,,,,,,,,,,,
2026-09-21T09:16:50.671291+00:00,close,,TRXIRT,ICT/SMC Scalp Pro,short,,,78819.0,78567.67629551062,,,,1.26,,316.6678676566135,3765400.8835488292,TP1,,,,,,,,,
2026-09-21T09:31:05.625842+00:00,close,,ADAIRT,ICT/SMC Scalp Pro,short,,,54107.0,54909.95949997998,,,,1.848189,,-1484.0209153085011,3763916.8626335207,SL,,,,,,,,,
2026-09-21T09:31:06.125842+00:00,close,,ADAIRT,ICT/SMC Scalp Pro,short,,,54107.0,54909.95949997998,,,,1.848189,,-1484.0209153085011,3762432.8417182122,SL,,,,,,,,,
2026-09-21T09:31:12.951911+00:00,open,,ARBIRT,ICT/SMC Scalp Pro,short,,,50748.0,,51840.63260968067,49109.05108547899,47470.10217095797,3.941,200000.0,,,,,,,,,,,,
2026-09-21T09:31:16.212055+00:00,close,,BTCIRT,ICT/SMC Scalp Pro,short,,,19080041080.5,19230317075.48484,,,,5.24e-06,,-787.4462137205237,3761645.395504492,SL,,,,,,,,,
2026-09-21T09:31:16.712055+00:00,close,,BTCIRT,ICT/SMC Scalp Pro,short,,,19080041080.5,19230317075.48484,,,,5.24e-06,,-787.4462137205237,3760857.9492907715,SL,,,,,,,,,
2026-09-21T09:31:19.958327+00:00,open,,BTCIRT,ICT/SMC Scalp Pro,short,,,19333500166.0,,19499175926.56189,19084986525.15716,18836472884.314323,1.034e-05,200000.0,,,,,,,,,,,,
2026-09-21T09:31:29.235969+00:00,close,,DOGSIRT,ICT/SMC Scalp Pro,short,,,11.245,11.412638345026584,,,,8892.8,,-1490.7742746524011,3759367.175016119,SL,,,,,,,,,
2026-09-21T09:31:29.735969+00:00,close,,DOGSIRT,ICT/SMC Scalp Pro,short,,,11.245,11.412638345026584,,,,8892.8,,-1490.7742746524011,3757876.400741467,SL,,,,,,,,,
2026-09-21T09:31:41.285167+00:00,close,,GRAMIRT,Supertrend+ADX,short,,,319246.0,324488.60289585334,,,,0.93971,,-4926.526367262345,3752949.8743742043,SL,,,,,,,,,
2026-09-21T09:31:41.785167+00:00,close,,GRAMIRT,Supertrend+ADX,short,,,319246.0,324488.60289585334,,,,0.93971,,-4926.526367262345,3748023.348006942,SL,,,,,,,,,
2026-09-21T09:31:56.676041+00:00,close,,PEPEIRT,Supertrend+ADX,short,,,0.926325,0.9560628051011528,,,,323860.4,,-9630.897455181335,3738392.4505517604,SL,,,,,,,,,
2026-09-21T09:31:57.176041+00:00,close,,PEPEIRT,Supertrend+ADX,short,,,0.926325,0.9560628051011528,,,,323860.4,,-9630.897455181335,3728761.553096579,SL,,,,,,,,,
2026-09-21T09:32:00.957104+00:00,close,,PEPEIRT,ICT/SMC Scalp Pro,short,,,0.9612,0.9612,,,,104036.6,,-0.0,3728761.553096579,SL,,,,,,,,,
2026-09-21T09:32:12.706532+00:00,close,,SUIIRT,ICT/SMC Scalp Pro,short,,,223173.0,229247.1749901494,,,,0.448,,-2721.2303955869265,3726040.322700992,SL,,,,,,,,,
2026-09-21T09:32:13.054744+00:00,close,,SUIIRT,ICT/SMC Scalp Pro,short,,,223173.0,229247.1749901494,,,,0.4481,,-2721.837813085941,3723318.4848879064,SL,,,,,,,,,
2026-09-21T09:32:27.221639+00:00,close,,TIAIRT,Supertrend+ADX,short,,,96499.5,99478.457423911,,,,3.1088,,-9260.982839454542,3714057.502048452,SL,,,,,,,,,
2026-09-21T09:32:27.721639+00:00,close,,TIAIRT,Supertrend+ADX,short,,,96499.5,99478.457423911,,,,3.1088,,-9260.982839454542,3704796.5192089975,SL,,,,,,,,,
2026-09-21T09:32:30.536716+00:00,close,,TIAIRT,ICT/SMC Scalp Pro,short,,,98003.0,99410.23209122632,,,,1.0203,,-1435.7989026782034,3703360.720306319,SL,,,,,,,,,
2026-09-21T09:32:30.850135+00:00,close,,TIAIRT,ICT/SMC Scalp Pro,short,,,98003.0,99410.23209122632,,,,1.0204,,-1435.9396258873262,3701924.780680432,SL,,,,,,,,,
2026-09-21T09:32:36.964792+00:00,close,,TRBIRT,Supertrend+ADX,long,,,4089843.0,4263078.8266807925,,,,0.0733,,12698.18609570209,3714622.966776134,TP1,,,,,,,,,
2026-09-21T09:32:49.776405+00:00,close,,XLMIRT,ICT/SMC Scalp Pro,short,,,46765.1,47390.46998080864,,,,2.1383,,-1337.228629963112,3713285.738146171,SL,,,,,,,,,
2026-09-21T09:32:50.276405+00:00,close,,XLMIRT,ICT/SMC Scalp Pro,short,,,46765.1,47390.46998080864,,,,2.1383,,-1337.228629963112,3711948.509516208,SL,,,,,,,,,
2026-09-21T09:45:34.828305+00:00,open,,ADAIRT,ICT/SMC Scalp Pro,short,,,55084.0,,55919.21585473515,53831.17621789728,52578.35243579456,3.630818,200000.0,,,,,,,,,,,,
2026-09-21T09:45:41.439034+00:00,close,,BTCIRT,ICT/SMC Scalp Pro,short,,,19333500166.0,19499175926.56189,,,,5.17e-06,,-856.5436821049694,3711091.965834103,SL,,,,,,,,,
2026-09-21T09:45:41.939034+00:00,close,,BTCIRT,ICT/SMC Scalp Pro,short,,,19333500166.0,19499175926.56189,,,,5.17e-06,,-856.5436821049694,3710235.422151998,SL,,,,,,,,,
2026-09-21T09:45:48.503696+00:00,open,,BTCIRT,ICT/SMC Scalp Pro,short,,,19423874471.5,,19605942682.39984,19150772155.15025,18877669838.80049,1.029e-05,200000.0,,,,,,,,,,,,
2026-09-21T09:45:54.450225+00:00,close,,DOGEIRT,ICT/SMC Scalp Pro,short,,,21018.0,21313.659629492744,,,,4.75,,-1404.383240090534,3708831.0389119075,SL,,,,,,,,,
2026-09-21T09:45:54.817313+00:00,close,,DOGEIRT,ICT/SMC Scalp Pro,short,,,21018.0,21313.659629492744,,,,4.76,,-1407.3398363854612,3707423.699075522,SL,,,,,,,,,
2026-09-21T09:46:07.564885+00:00,open,,ETHIRT,ICT/SMC Scalp Pro,short,,,626500000.5,,633016551.1846349,616725174.4730476,606950348.4460951,0.000319,200000.0,,,,,,,,,,,,
2026-09-21T09:46:14.412194+00:00,open,,GRAMIRT,ICT/SMC Scalp Pro,short,,,326315.0,,328646.151614533,322818.2725782006,319321.5451564012,0.6129,200000.0,,,,,,,,,,,,
2026-09-21T09:46:21.542817+00:00,close,,LINKIRT,ICT/SMC Scalp Pro,short,,,2929561.0,2966333.5490249577,,,,0.0341,,-1253.9439217510574,3706169.755153771,SL,,,,,,,,,
2026-09-21T09:46:22.042817+00:00,close,,LINKIRT,ICT/SMC Scalp Pro,short,,,2929561.0,2966333.5490249577,,,,0.0341,,-1253.9439217510574,3704915.81123202,SL,,,,,,,,,
2026-09-21T09:46:25.966302+00:00,open,,LINKIRT,ICT/SMC Scalp Pro,short,,,2986991.0,,3028085.663485652,2925349.004771522,2863707.009543044,0.0669,200000.0,,,,,,,,,,,,
2026-09-21T09:46:29.385647+00:00,close,,NOTIRT,ICT/SMC Scalp Pro,short,,,114.75,114.75,,,,871.5,,-0.0,3704915.81123202,SL,,,,,,,,,
2026-09-21T09:47:01.922709+00:00,close,,TRBIRT,ICT/SMC Scalp Pro,short,,,4224310.0,4275347.608060055,,,,0.0236,,-1204.4875502172856,3703711.323681803,SL,,,,,,,,,
2026-09-21T09:47:02.372193+00:00,close,,TRBIRT,ICT/SMC Scalp Pro,short,,,4224310.0,4275347.608060055,,,,0.0237,,-1209.5913110232912,3702501.73237078,SL,,,,,,,,,
2026-09-21T09:47:06.280641+00:00,open,,TRBIRT,ICT/SMC Scalp Pro,short,,,4317446.5,,4371571.35921839,4236259.211172415,4155071.92234483,0.0463,200000.0,,,,,,,,,,,,
2026-09-21T09:47:11.401059+00:00,close,,WIFIRT,ICT/SMC Scalp Pro,short,,,47895.0,48621.24694820352,,,,2.08,,-1510.5936522633128,3700991.1387185166,SL,,,,,,,,,
2026-09-21T09:47:12.124585+00:00,close,,WIFIRT,ICT/SMC Scalp Pro,short,,,47895.0,48621.24694820352,,,,2.09,,-1517.856121745348,3699473.282596771,SL,,,,,,,,,
2026-09-21T10:16:11.645521+00:00,open,,FLOKIIRT,ICT/SMC Scalp Pro,short,,,6.169995,,6.272872635114113,6.015678547328832,5.861362094657663,32414.9,200000.0,,,,,,,,,,,,
2026-09-21T10:16:46.185230+00:00,close,,TRBIRT,ICT/SMC Scalp Pro,short,,,4317446.5,4371571.35921839,,,,0.0231,,-1250.2842479448027,3698222.9983488265,SL,,,,,,,,,
2026-09-21T10:16:46.691137+00:00,close,,TRBIRT,ICT/SMC Scalp Pro,short,,,4317446.5,4371571.35921839,,,,0.0232,,-1255.6967338666416,3696967.3016149597,SL,,,,,,,,,
2026-09-21T10:16:50.682190+00:00,close,,TRXIRT,ICT/SMC Scalp Pro,short,,,78819.0,78819.0,,,,1.26,,-0.0,3696967.3016149597,SL,,,,,,,,,
2026-09-21T10:31:42.782394+00:00,close,,SEIIRT,ICT/SMC Scalp Pro,short,,,13204.0,13543.3744968723,,,,7.5,,-2545.3087265422528,3694421.9928884176,SL,,,,,,,,,
2026-09-21T10:31:43.446794+00:00,close,,SEIIRT,ICT/SMC Scalp Pro,short,,,13204.0,13543.3744968723,,,,7.6,,-2579.246176229483,3691842.7467121882,SL,,,,,,,,,
2026-09-21T10:45:50.311842+00:00,close,,ARBIRT,ICT/SMC Scalp Pro,short,,,50748.0,51840.63260968067,,,,1.9705,,-2153.032557375767,3689689.7141548125,SL,,,,,,,,,
2026-09-21T10:45:50.811842+00:00,close,,ARBIRT,ICT/SMC Scalp Pro,short,,,50748.0,51840.63260968067,,,,1.9705,,-2153.032557375767,3687536.681597437,SL,,,,,,,,,
2026-09-21T10:46:24.294227+00:00,open,,SEIIRT,ICT/SMC Scalp Pro,short,,,13906.5,,14287.627037570785,13334.809443643822,12763.118887287645,14.3,200000.0,,,,,,,,,,,,
2026-09-21T10:46:40.011311+00:00,open,,TRXIRT,ICT/SMC Scalp Pro,short,,,78925.5,,79089.12728242239,78680.05907636641,78434.61815273283,2.53,200000.0,,,,,,,,,,,,
2026-09-21T10:46:46.035979+00:00,open,,WIFIRT,ICT/SMC Scalp Pro,short,,,48908.5,,49782.64599133146,47597.2810130028,46286.06202600561,4.08,200000.0,,,,,,,,,,,,
2026-09-21T10:46:49.840609+00:00,open,,XLMIRT,ICT/SMC Scalp Pro,short,,,48612.75,,49455.12453888112,47349.18819167832,46085.62638335665,4.1141,200000.0,,,,,,,,,,,,
2026-09-21T11:01:38.686774+00:00,close,,SEIIRT,ICT/SMC Scalp Pro,short,,,13906.5,14287.627037570785,,,,7.1,,-2706.00196675257,3684830.679630684,SL,,,,,,,,,
2026-09-21T11:01:39.277712+00:00,close,,SEIIRT,ICT/SMC Scalp Pro,short,,,13906.5,14287.627037570785,,,,7.2,,-2744.1146705096485,3682086.5649601747,SL,,,,,,,,,
2026-09-21T11:01:44.477838+00:00,open,,SEIIRT,ICT/SMC Scalp Pro,short,,,14414.0,,14856.184538915812,13750.72319162628,13087.446383252558,13.8,200000.0,,,,,,,,,,,,
2026-09-21T11:16:00.629389+00:00,close,,FLOKIIRT,ICT/SMC Scalp Pro,short,,,6.169995,6.272872635114113,,,,16207.4,,-1667.378983348471,3680419.185976826,SL,,,,,,,,,
2026-09-21T11:16:01.333810+00:00,close,,FLOKIIRT,ICT/SMC Scalp Pro,short,,,6.169995,6.272872635114113,,,,16207.5,,-1667.3892711119822,3678751.796705714,SL,,,,,,,,,
2026-09-21T11:16:18.249717+00:00,close,,HBARIRT,ICT/SMC Scalp Pro,short,,,20500.0,20500.0,,,,4.878,,-0.0,3678751.796705714,SL,,,,,,,,,
2026-09-21T11:31:33.622639+00:00,close,,TRXIRT,ICT/SMC Scalp Pro,short,,,78925.5,78680.05907636641,,,,1.26,,309.25556377832635,3679061.0522694923,TP1,,,,,,,,,
2026-09-21T11:46:17.879701+00:00,close,,SOLIRT,ICT/SMC Scalp Pro,short,,,26455299.5,26780633.473044854,,,,0.003,,-976.001919134561,3678085.050350358,SL,,,,,,,,,
2026-09-21T11:46:18.257053+00:00,close,,SOLIRT,ICT/SMC Scalp Pro,short,,,26455299.5,26780633.473044854,,,,0.004,,-1301.3358921794147,3676783.7144581783,SL,,,,,,,,,
2026-09-21T11:46:32.792317+00:00,close,,TRXIRT,ICT/SMC Scalp Pro,short,,,78925.5,78925.5,,,,1.26,,-0.0,3676783.7144581783,SL,,,,,,,,,
2026-09-21T12:16:23.677638+00:00,close,,SEIIRT,ICT/SMC Scalp Pro,short,,,14414.0,13750.72319162628,,,,6.9,,4576.609977778675,3681360.324435957,TP1,,,,,,,,,
2026-09-21T12:16:44.087786+00:00,close,,WIFIRT,ICT/SMC Scalp Pro,short,,,48908.5,49782.64599133146,,,,2.04,,-1783.2578223161806,3679577.0666136406,SL,,,,,,,,,
2026-09-21T12:16:44.587786+00:00,close,,WIFIRT,ICT/SMC Scalp Pro,short,,,48908.5,49782.64599133146,,,,2.04,,-1783.2578223161806,3677793.8087913245,SL,,,,,,,,,
2026-09-21T12:30:47.053720+00:00,close,,ADAIRT,ICT/SMC Scalp Pro,short,,,55084.0,55919.21585473515,,,,1.815409,,-1516.258379628884,3676277.5504116956,SL,,,,,,,,,
2026-09-21T12:30:47.553720+00:00,close,,ADAIRT,ICT/SMC Scalp Pro,short,,,55084.0,55919.21585473515,,,,1.815409,,-1516.258379628884,3674761.2920320667,SL,,,,,,,,,
2026-09-21T12:30:54.248084+00:00,open,,ADAIRT,ICT/SMC Scalp Pro,short,,,55953.0,,56802.57811426747,54678.63282859879,53404.26565719758,3.574428,200000.0,,,,,,,,,,,,
2026-09-21T12:30:59.816683+00:00,open,,ARBIRT,ICT/SMC Scalp Pro,short,,,54951.5,,56744.01749729353,52262.723754059705,49573.94750811943,3.6395,200000.0,,,,,,,,,,,,
2026-09-21T12:45:36.301232+00:00,close,,ADAIRT,ICT/SMC Scalp Pro,short,,,55953.0,56802.57811426747,,,,1.787214,,-1518.377899912418,3673242.9141321545,SL,,,,,,,,,
2026-09-21T12:45:36.801232+00:00,close,,ADAIRT,ICT/SMC Scalp Pro,short,,,55953.0,56802.57811426747,,,,1.787214,,-1518.377899912418,3671724.5362322424,SL,,,,,,,,,
2026-09-21T12:46:13.892407+00:00,open,,FLOKIIRT,ICT/SMC Scalp Pro,short,,,6.341035,,6.435742067100847,6.198974399348729,6.056913798697457,31540.5,200000.0,,,,,,,,,,,,
2026-09-21T12:46:31.187415+00:00,open,,NOTIRT,ICT/SMC Scalp Pro,short,,,115.95,,117.51056683054216,113.6091497541867,111.26829950837342,1724.8,200000.0,,,,,,,,,,,,
2026-09-21T13:01:47.745928+00:00,open,,TIAIRT,ICT/SMC Scalp Pro,short,,,101520.0,,103045.28976837732,99232.065347434,96944.13069486804,1.97,200000.0,,,,,,,,,,,,
2026-09-21T13:15:45.926862+00:00,close,,ARBIRT,ICT/SMC Scalp Pro,short,,,54951.5,56744.01749729353,,,,1.8197,,-3261.844089825032,3668462.692142417,SL,,,,,,,,,
2026-09-21T13:15:46.426862+00:00,close,,ARBIRT,ICT/SMC Scalp Pro,short,,,54951.5,56744.01749729353,,,,1.8197,,-3261.844089825032,3665200.848052592,SL,,,,,,,,,
2026-09-21T13:31:40.830390+00:00,close,,XLMIRT,ICT/SMC Scalp Pro,short,,,48612.75,47349.18819167832,,,,2.057,,2599.146639717688,3667799.9946923098,TP1,,,,,,,,,
2026-09-21T14:01:35.782476+00:00,open,,PEPEIRT,ICT/SMC Scalp Pro,short,,,0.986705,,1.008316125713218,0.9542883114301728,0.9218716228603456,202694.8,200000.0,,,,,,,,,,,,
2026-09-21T14:01:43.840888+00:00,open,,SOLIRT,ICT/SMC Scalp Pro,short,,,27074280.5,,27407761.95207068,26574058.321893983,26073836.14378797,0.007,200000.0,,,,,,,,,,,,
2026-09-21T14:02:01.140323+00:00,open,,TRXIRT,ICT/SMC Scalp Pro,short,,,78944.0,,79095.0251110772,78717.46233338422,78490.92466676843,2.53,200000.0,,,,,,,,,,,,
2026-09-21T14:16:38.709700+00:00,close,,TRXIRT,ICT/SMC Scalp Pro,short,,,78944.0,79095.0251110772,,,,1.26,,-190.2916399572636,3667609.7030523526,SL,,,,,,,,,
2026-09-21T14:16:39.209700+00:00,close,,TRXIRT,ICT/SMC Scalp Pro,short,,,78944.0,79095.0251110772,,,,1.26,,-190.2916399572636,3667419.4114123955,SL,,,,,,,,,
2026-09-21T14:30:57.576916+00:00,open,,ADAIRT,ICT/SMC Scalp Pro,short,,,55545.0,,56562.6254210913,54018.56186836305,52492.1237367261,3.600684,200000.0,,,,,,,,,,,,
2026-09-21T14:31:03.742844+00:00,close,,BTCIRT,ICT/SMC Scalp Pro,short,,,19423874471.5,19605942682.39984,,,,5.14e-06,,-935.8306040251452,3666483.5808083704,SL,,,,,,,,,
2026-09-21T14:31:04.223859+00:00,close,,BTCIRT,ICT/SMC Scalp Pro,short,,,19423874471.5,19605942682.39984,,,,5.15e-06,,-937.6512861341434,3665545.9295222363,SL,,,,,,,,,
2026-09-21T14:31:07.471173+00:00,open,,BTCIRT,ICT/SMC Scalp Pro,short,,,19576055002.5,,19747375818.135902,19319073779.046143,19062092555.59229,1.021e-05,200000.0,,,,,,,,,,,,
2026-09-21T14:31:23.441019+00:00,close,,GRAMIRT,ICT/SMC Scalp Pro,short,,,326315.0,328646.151614533,,,,0.30645,,-714.3814122736319,3664831.5481099626,SL,,,,,,,,,
2026-09-21T14:31:23.941019+00:00,close,,GRAMIRT,ICT/SMC Scalp Pro,short,,,326315.0,328646.151614533,,,,0.30645,,-714.3814122736319,3664117.166697689,SL,,,,,,,,,
2026-09-21T14:31:38.799728+00:00,close,,PEPEIRT,ICT/SMC Scalp Pro,short,,,0.986705,1.008316125713218,,,,101347.4,,-2190.2314021078005,3661926.935295581,SL,,,,,,,,,
2026-09-21T14:31:39.299728+00:00,close,,PEPEIRT,ICT/SMC Scalp Pro,short,,,0.986705,1.008316125713218,,,,101347.4,,-2190.2314021078005,3659736.703893473,SL,,,,,,,,,
2026-09-21T14:32:01.071805+00:00,open,,WIFIRT,ICT/SMC Scalp Pro,short,,,54493.5,,56020.787962897535,52202.56805565369,49911.63611130738,3.67,200000.0,,,,,,,,,,,,
2026-09-21T14:46:10.415143+00:00,open,,PEPEIRT,ICT/SMC Scalp Pro,short,,,1.026095,,1.051977864680356,0.987270702979466,0.948446405958932,194913.7,200000.0,,,,,,,,,,,,
2026-09-21T15:01:13.530454+00:00,open,,DOGEIRT,ICT/SMC Scalp Pro,short,,,21740.0,,22135.23481421125,21147.147778683127,20554.29555736625,9.19,200000.0,,,,,,,,,,,,
2026-09-21T15:01:22.274197+00:00,close,,FLOKIIRT,ICT/SMC Scalp Pro,short,,,6.341035,6.435742067100847,,,,15770.2,,-1493.5493895937805,3658243.154503879,SL,,,,,,,,,
2026-09-21T15:01:22.672162+00:00,close,,FLOKIIRT,ICT/SMC Scalp Pro,short,,,6.341035,6.435742067100847,,,,15770.3,,-1493.5588603004906,3656749.5956435786,SL,,,,,,,,,
2026-09-21T15:01:27.974953+00:00,open,,FLOKIIRT,ICT/SMC Scalp Pro,short,,,6.611475,,6.749505817733479,6.404428773399783,6.197382546799565,30250.4,200000.0,,,,,,,,,,,,
2026-09-21T15:01:36.032901+00:00,open,,GRAMIRT,ICT/SMC Scalp Pro,short,,,328824.0,,331976.5962427797,324095.1056358305,319366.211271661,0.60822,200000.0,,,,,,,,,,,,
2026-09-21T15:01:48.620540+00:00,close,,PEPEIRT,ICT/SMC Scalp Pro,short,,,1.026095,1.051977864680356,,,,97456.8,,-2522.461166580513,3654227.134476998,SL,,,,,,,,,
2026-09-21T15:01:48.943822+00:00,close,,PEPEIRT,ICT/SMC Scalp Pro,short,,,1.026095,1.051977864680356,,,,97456.9,,-2522.463754866981,3651704.6707221307,SL,,,,,,,,,
2026-09-21T15:01:52.147534+00:00,open,,PEPEIRT,ICT/SMC Scalp Pro,short,,,1.108035,,1.1422778284152575,1.056670757377114,1.0053065147542275,180499.7,200000.0,,,,,,,,,,,,
2026-09-21T15:02:08.434767+00:00,open,,SHIBIRT,ICT/SMC Scalp Pro,short,,,1.3415,,1.3643843253413324,1.3071735119880012,1.2728470239760026,149086.8,200000.0,,,,,,,,,,,,
2026-09-21T15:02:26.845978+00:00,open,,TRBIRT,ICT/SMC Scalp Pro,short,,,4384942.5,,4458888.097134333,4274024.104298501,4163105.708597002,0.0456,200000.0,,,,,,,,,,,,
2026-09-21T15:02:31.835460+00:00,close,,WIFIRT,ICT/SMC Scalp Pro,short,,,54493.5,56020.787962897535,,,,1.83,,-2794.9369721024896,3648909.733750028,SL,,,,,,,,,
2026-09-21T15:02:32.335460+00:00,close,,WIFIRT,ICT/SMC Scalp Pro,short,,,54493.5,56020.787962897535,,,,1.83,,-2794.9369721024896,3646114.7967779255,SL,,,,,,,,,
2026-09-21T15:15:47.420667+00:00,close,,BTCIRT,ICT/SMC Scalp Pro,short,,,19576055002.5,19747375818.135902,,,,5.1e-06,,-873.7361597431218,3645241.060618182,SL,,,,,,,,,
2026-09-21T15:15:47.966062+00:00,close,,BTCIRT,ICT/SMC Scalp Pro,short,,,19576055002.5,19747375818.135902,,,,5.11e-06,,-875.4493678994808,3644365.6112502827,SL,,,,,,,,,
2026-09-21T15:15:52.624971+00:00,close,,DOGEIRT,ICT/SMC Scalp Pro,short,,,21740.0,22135.23481421125,,,,4.59,,-1814.127797229636,3642551.483453053,SL,,,,,,,,,
2026-09-21T15:15:53.145425+00:00,close,,DOGEIRT,ICT/SMC Scalp Pro,short,,,21740.0,22135.23481421125,,,,4.6,,-1818.080145371748,3640733.4033076814,SL,,,,,,,,,
2026-09-21T15:16:00.399444+00:00,open,,DOGEIRT,ICT/SMC Scalp Pro,short,,,22107.0,,22568.445070690486,21414.832393964272,20722.664787928545,9.04,200000.0,,,,,,,,,,,,
2026-09-21T15:16:04.083875+00:00,open,,DOGSIRT,ICT/SMC Scalp Pro,short,,,11.37,,11.53617428483598,11.120738572746037,10.871477145492069,17590.1,200000.0,,,,,,,,,,,,
2026-09-21T15:16:58.851122+00:00,open,,TRXIRT,ICT/SMC Scalp Pro,short,,,78810.5,,78980.82672190997,78555.00991713504,78299.51983427008,2.53,200000.0,,,,,,,,,,,,
2026-09-21T15:32:29.993495+00:00,close,,TRXIRT,ICT/SMC Scalp Pro,short,,,78810.5,78980.82672190997,,,,1.26,,-214.61166960655623,3640518.791638075,SL,,,,,,,,,
2026-09-21T15:32:30.493495+00:00,close,,TRXIRT,ICT/SMC Scalp Pro,short,,,78810.5,78980.82672190997,,,,1.26,,-214.61166960655623,3640304.1799684684,SL,,,,,,,,,
2026-09-21T15:47:02.228593+00:00,close,,PEPEIRT,ICT/SMC Scalp Pro,short,,,1.108035,1.1422778284152575,,,,90249.8,,-3090.4084159113163,3637213.771552557,SL,,,,,,,,,
2026-09-21T15:47:02.952541+00:00,close,,PEPEIRT,ICT/SMC Scalp Pro,short,,,1.108035,1.1422778284152575,,,,90249.9,,-3090.4118401941573,3634123.3597123628,SL,,,,,,,,,
2026-09-21T15:47:32.007521+00:00,open,,TRXIRT,ICT/SMC Scalp Pro,short,,,79049.0,,79238.64199632364,78764.53700551455,78480.0740110291,2.53,200000.0,,,,,,,,,,,,
2026-09-21T15:47:41.628163+00:00,open,,XRPIRT,ICT/SMC Scalp Pro,short,,,342842.5,,347750.0798765307,335481.13018520403,328119.76037040807,0.5,200000.0,,,,,,,,,,,,
2026-09-21T16:01:13.945613+00:00,close,,FLOKIIRT,ICT/SMC Scalp Pro,short,,,6.611475,6.749505817733479,,,,15125.2,,-2087.743724382414,3632035.6159879803,SL,,,,,,,,,
2026-09-21T16:01:14.445613+00:00,close,,FLOKIIRT,ICT/SMC Scalp Pro,short,,,6.611475,6.749505817733479,,,,15125.2,,-2087.743724382414,3629947.872263598,SL,,,,,,,,,
2026-09-21T16:01:18.792537+00:00,open,,FLOKIIRT,ICT/SMC Scalp Pro,short,,,6.835925,,7.008395055128994,6.577219917306508,6.318514834613016,29257.1,200000.0,,,,,,,,,,,,
2026-09-21T16:01:37.946466+00:00,open,,PEPEIRT,ICT/SMC Scalp Pro,short,,,1.169655,,1.218959082259797,1.0956988766103046,1.021742753220609,170990.5,200000.0,,,,,,,,,,,,
2026-09-21T16:01:42.353258+00:00,close,,SHIBIRT,ICT/SMC Scalp Pro,short,,,1.3415,1.3643843253413324,,,,74543.4,,-1705.8754176490809,3628241.9968459485,SL,,,,,,,,,
2026-09-21T16:01:42.853258+00:00,close,,SHIBIRT,ICT/SMC Scalp Pro,short,,,1.3415,1.3643843253413324,,,,74543.4,,-1705.8754176490809,3626536.121428299,SL,,,,,,,,,
2026-09-21T16:01:45.859054+00:00,open,,SHIBIRT,ICT/SMC Scalp Pro,short,,,1.38535,,1.4130646802779607,1.3437779795830584,1.302205959166117,144367.8,200000.0,,,,,,,,,,,,
2026-09-21T16:16:27.783049+00:00,close,,TRXIRT,ICT/SMC Scalp Pro,short,,,79049.0,78764.53700551455,,,,1.26,,358.4233730516711,3626894.5448013507,TP1,,,,,,,,,
2026-09-21T16:16:28.787175+00:00,close,,TRXIRT,ICT/SMC Scalp Pro,short,,,79049.0,79049.0,,,,1.26,,-0.0,3626894.5448013507,SL,,,,,,,,,
2026-09-21T16:46:26.838479+00:00,close,,FLOKIIRT,ICT/SMC Scalp Pro,short,,,6.835925,6.577219917306508,,,,14628.5,,3784.467302181748,3630679.0121035324,TP1,,,,,,,,,
2026-09-21T16:46:51.824953+00:00,close,,SHIBIRT,ICT/SMC Scalp Pro,short,,,1.38535,1.3437779795830584,,,,72183.9,,3000.830564574457,3633679.842668107,TP1,,,,,,,,,
2026-09-21T17:45:44.971240+00:00,close,,DOGEIRT,ICT/SMC Scalp Pro,short,,,22107.0,22568.445070690486,,,,4.52,,-2085.731719520998,3631594.110948586,SL,,,,,,,,,
2026-09-21T17:45:45.471240+00:00,close,,DOGEIRT,ICT/SMC Scalp Pro,short,,,22107.0,22568.445070690486,,,,4.52,,-2085.731719520998,3629508.379229065,SL,,,,,,,,,
2026-09-21T17:46:26.215613+00:00,close,,TIAIRT,ICT/SMC Scalp Pro,short,,,101520.0,99232.065347434,,,,0.985,,2253.615632777503,3631761.9948618426,TP1,,,,,,,,,
2026-09-21T17:46:41.948276+00:00,open,,TRXIRT,ICT/SMC Scalp Pro,short,,,78701.5,,78878.78782020241,78435.56826969638,78169.63653939274,2.54,200000.0,,,,,,,,,,,,
2026-09-21T18:01:22.361589+00:00,close,,LINKIRT,ICT/SMC Scalp Pro,short,,,2986991.0,2925349.004771522,,,,0.0334,,2058.8426406311723,3633820.837502474,TP1,,,,,,,,,
2026-09-21T18:16:14.210928+00:00,close,,NOTIRT,ICT/SMC Scalp Pro,short,,,115.95,113.6091497541867,,,,862.4,,2018.7492519893776,3635839.586754463,TP1,,,,,,,,,
2026-09-21T18:16:40.516377+00:00,close,,TRBIRT,Supertrend+ADX,long,,,4089843.0,4436314.653361584,,,,0.0733,,25396.37219140412,3661235.958945867,TP2,,,,,,,,,
2026-09-21T18:32:12.126743+00:00,close,,TRXIRT,ICT/SMC Scalp Pro,short,,,78701.5,78878.78782020241,,,,1.27,,-225.1555316570669,3661010.80341421,SL,,,,,,,,,
2026-09-21T18:32:12.626743+00:00,close,,TRXIRT,ICT/SMC Scalp Pro,short,,,78701.5,78878.78782020241,,,,1.27,,-225.1555316570669,3660785.6478825533,SL,,,,,,,,,
2026-09-21T19:30:56.297084+00:00,close,,ETHIRT,ICT/SMC Scalp Pro,short,,,626500000.5,633016551.1846349,,,,0.000159,,-1036.1315588569528,3659749.5163236964,SL,,,,,,,,,
2026-09-21T19:30:56.670847+00:00,close,,ETHIRT,ICT/SMC Scalp Pro,short,,,626500000.5,633016551.1846349,,,,0.00016,,-1042.648109541588,3658706.8682141546,SL,,,,,,,,,
2026-09-21T19:46:04.951102+00:00,close,,LINKIRT,ICT/SMC Scalp Pro,short,,,2986991.0,2986991.0,,,,0.0335,,-0.0,3658706.8682141546,SL,,,,,,,,,
2026-09-21T20:01:13.558822+00:00,close,,GRAMIRT,ICT/SMC Scalp Pro,short,,,328824.0,331976.5962427797,,,,0.30411,,-958.736043391732,3657748.132170763,SL,,,,,,,,,
2026-09-21T20:01:14.058822+00:00,close,,GRAMIRT,ICT/SMC Scalp Pro,short,,,328824.0,331976.5962427797,,,,0.30411,,-958.736043391732,3656789.396127371,SL,,,,,,,,,
2026-09-21T20:01:19.739501+00:00,open,,GRAMIRT,ICT/SMC Scalp Pro,short,,,332169.0,,335743.2907834353,326807.56382484705,321446.1276496941,0.6021,200000.0,,,,,,,,,,,,
2026-09-21T20:01:56.741682+00:00,close,,XLMIRT,ICT/SMC Scalp Pro,short,,,48612.75,48612.75,,,,2.057,,-0.0,3656789.396127371,SL,,,,,,,,,
2026-09-21T20:02:00.171943+00:00,open,,XLMIRT,ICT/SMC Scalp Pro,short,,,48647.75,,49375.13881708672,47556.66677436992,46465.58354873984,4.1111,200000.0,,,,,,,,,,,,
2026-09-21T20:15:58.709643+00:00,close,,GRAMIRT,ICT/SMC Scalp Pro,short,,,332169.0,335743.2907834353,,,,0.30105,,-1076.0402403531912,3655713.355887018,SL,,,,,,,,,
2026-09-21T20:15:59.209643+00:00,close,,GRAMIRT,ICT/SMC Scalp Pro,short,,,332169.0,335743.2907834353,,,,0.30105,,-1076.0402403531912,3654637.315646665,SL,,,,,,,,,
2026-09-21T20:30:43.011867+00:00,close,,ADAIRT,ICT/SMC Scalp Pro,short,,,55545.0,56562.6254210913,,,,1.800342,,-1832.0737858583584,3652805.241860807,SL,,,,,,,,,
2026-09-21T20:30:43.511867+00:00,close,,ADAIRT,ICT/SMC Scalp Pro,short,,,55545.0,56562.6254210913,,,,1.800342,,-1832.0737858583584,3650973.1680749487,SL,,,,,,,,,
2026-09-21T20:30:54.455947+00:00,open,,ADAIRT,ICT/SMC Scalp Pro,short,,,56576.0,,57391.41738008149,55352.873929877765,54129.74785975553,3.535067,200000.0,,,,,,,,,,,,
2026-09-21T20:31:01.041278+00:00,open,,BTCIRT,ICT/SMC Scalp Pro,short,,,19913336962.5,,20049492057.03561,19709104320.696587,19504871678.893173,1.004e-05,200000.0,,,,,,,,,,,,
2026-09-21T20:31:10.051683+00:00,open,,ETHIRT,ICT/SMC Scalp Pro,short,,,641323769.0,,647348294.1035445,632286981.3446832,623250193.6893665,0.000311,200000.0,,,,,,,,,,,,
2026-09-21T20:31:20.727372+00:00,open,,GRAMIRT,ICT/SMC Scalp Pro,short,,,335325.0,,339687.7978919541,328780.8031620689,322236.6063241378,0.59643,200000.0,,,,,,,,,,,,
2026-09-21T20:31:25.248585+00:00,open,,HBARIRT,ICT/SMC Scalp Pro,short,,,21027.0,,21383.13736777189,20492.79394834216,19958.587896684327,9.5115,200000.0,,,,,,,,,,,,
2026-09-21T20:31:33.629937+00:00,open,,LINKIRT,ICT/SMC Scalp Pro,short,,,3024467.5,,3064215.139585624,2964846.040621564,2905224.581243127,0.0661,200000.0,,,,,,,,,,,,
2026-09-21T20:31:37.593649+00:00,close,,NOTIRT,ICT/SMC Scalp Pro,short,,,115.95,115.95,,,,862.4,,-0.0,3650973.1680749487,SL,,,,,,,,,
2026-09-21T20:32:21.348517+00:00,close,,XRPIRT,ICT/SMC Scalp Pro,short,,,342842.5,347750.0798765307,,,,0.2,,-981.5159753061366,3649991.6520996424,SL,,,,,,,,,
2026-09-21T20:32:21.827339+00:00,close,,XRPIRT,ICT/SMC Scalp Pro,short,,,342842.5,347750.0798765307,,,,0.3,,-1472.2739629592047,3648519.3781366833,SL,,,,,,,,,
2026-09-21T20:32:26.122966+00:00,open,,XRPIRT,ICT/SMC Scalp Pro,short,,,347491.0,,351984.1194739309,340751.3207891036,334011.6415782073,0.5,200000.0,,,,,,,,,,,,
2026-09-21T21:02:05.945869+00:00,close,,XRPIRT,ICT/SMC Scalp Pro,short,,,347491.0,351984.1194739309,,,,0.2,,-898.6238947861829,3647620.7542418973,SL,,,,,,,,,
2026-09-21T21:02:06.333242+00:00,close,,XRPIRT,ICT/SMC Scalp Pro,short,,,347491.0,351984.1194739309,,,,0.3,,-1347.9358421792742,3646272.818399718,SL,,,,,,,,,
2026-09-21T21:46:14.895519+00:00,close,,SOLIRT,ICT/SMC Scalp Pro,short,,,27074280.5,27407761.95207068,,,,0.003,,-1000.4443562120384,3645272.374043506,SL,,,,,,,,,
2026-09-21T21:46:15.345656+00:00,close,,SOLIRT,ICT/SMC Scalp Pro,short,,,27074280.5,27407761.95207068,,,,0.004,,-1333.925808282718,3643938.4482352235,SL,,,,,,,,,
2026-09-21T21:46:34.260259+00:00,close,,XLMIRT,ICT/SMC Scalp Pro,short,,,48647.75,49375.13881708672,,,,2.0555,,-1495.1477135217551,3642443.3005217016,SL,,,,,,,,,
2026-09-21T21:46:34.693659+00:00,close,,XLMIRT,ICT/SMC Scalp Pro,short,,,48647.75,49375.13881708672,,,,2.0556,,-1495.2204524034642,3640948.080069298,SL,,,,,,,,,
2026-09-21T21:46:39.864570+00:00,open,,XLMIRT,ICT/SMC Scalp Pro,short,,,49488.35,,50309.09972854052,48257.22540718922,47026.10081437843,4.0413,200000.0,,,,,,,,,,,,
2026-09-21T22:16:16.721243+00:00,close,,SHIBIRT,ICT/SMC Scalp Pro,short,,,1.38535,1.38535,,,,72183.9,,-0.0,3640948.080069298,SL,,,,,,,,,
2026-09-21T22:16:20.064347+00:00,open,,SHIBIRT,ICT/SMC Scalp Pro,short,,,1.39975,,1.4269746341163965,1.358913048825405,1.31807609765081,142882.6,200000.0,,,,,,,,,,,,
2026-09-21T22:16:39.846035+00:00,open,,XRPIRT,ICT/SMC Scalp Pro,short,,,359661.5,,365346.37381424505,351134.18927863246,342606.87855726486,0.5,200000.0,,,,,,,,,,,,
2026-09-21T22:31:05.306071+00:00,close,,HBARIRT,ICT/SMC Scalp Pro,short,,,21027.0,21383.13736777189,,,,4.7557,,-1693.6824799127828,3639254.397589385,SL,,,,,,,,,
2026-09-21T22:31:05.659131+00:00,close,,HBARIRT,ICT/SMC Scalp Pro,short,,,21027.0,21383.13736777189,,,,4.7558,,-1693.71809364956,3637560.6794957356,SL,,,,,,,,,
2026-09-21T22:46:03.981824+00:00,close,,PEPEIRT,ICT/SMC Scalp Pro,short,,,1.169655,1.0956988766103046,,,,85495.2,,6322.893560426693,3643883.5730561623,TP1,,,,,,,,,
2026-09-21T23:15:40.521215+00:00,open,,DOGSIRT,Supertrend+ADX,short,,,11.44,,11.688397796329172,11.06740330550624,10.694806611012485,52447.5,600000.0,,,,,,,,,,,,
2026-09-21T23:15:57.964286+00:00,open,,NOTIRT,ICT/SMC Scalp Pro,short,,,116.25,,117.4521261978126,114.44681070328112,112.64362140656222,1720.4,200000.0,,,,,,,,,,,,
2026-09-21T23:16:18.314421+00:00,open,,TRXIRT,ICT/SMC Scalp Pro,short,,,78819.5,,78961.77646951738,78606.08529572393,78392.67059144785,2.53,200000.0,,,,,,,,,,,,
2026-09-21T23:31:37.749598+00:00,close,,TRXIRT,ICT/SMC Scalp Pro,short,,,78819.5,78961.77646951738,,,,1.26,,-179.26835159190233,3643704.30470457,SL,,,,,,,,,
2026-09-21T23:31:38.249598+00:00,close,,TRXIRT,ICT/SMC Scalp Pro,short,,,78819.5,78961.77646951738,,,,1.26,,-179.26835159190233,3643525.036352978,SL,,,,,,,,,
2026-09-21T23:46:35.913363+00:00,close,,XRPIRT,ICT/SMC Scalp Pro,short,,,359661.5,351134.18927863246,,,,0.2,,1705.462144273508,3645230.4984972514,TP1,,,,,,,,,
2026-09-22T00:16:28.301168+00:00,open,,TRXIRT,ICT/SMC Scalp Pro,short,,,79021.0,,79161.75012069607,78809.87481895588,78598.7496379118,2.53,200000.0,,,,,,,,,,,,
2026-09-22T00:31:28.877326+00:00,open,,SUIIRT,ICT/SMC Scalp Pro,short,,,240707.5,,245232.37409728565,233920.1888540715,227132.877708143,0.8308,200000.0,,,,,,,,,,,,
2026-09-22T00:31:37.466859+00:00,close,,TRXIRT,ICT/SMC Scalp Pro,short,,,79021.0,79161.75012069607,,,,1.26,,-177.34515207705235,3645053.153345174,SL,,,,,,,,,
2026-09-22T00:31:37.966859+00:00,close,,TRXIRT,ICT/SMC Scalp Pro,short,,,79021.0,79161.75012069607,,,,1.26,,-177.34515207705235,3644875.808193097,SL,,,,,,,,,
2026-09-22T00:31:40.878244+00:00,open,,TRXIRT,ICT/SMC Scalp Pro,short,,,79040.5,,79188.64480165216,78818.28279752175,78596.0655950435,2.53,200000.0,,,,,,,,,,,,
2026-09-22T00:31:44.281956+00:00,open,,WIFIRT,ICT/SMC Scalp Pro,short,,,56727.5,,58250.50097151563,54442.99854272656,52158.49708545312,3.52,200000.0,,,,,,,,,,,,
2026-09-22T00:45:39.067916+00:00,close,,BTCIRT,ICT/SMC Scalp Pro,short,,,19913336962.5,19709104320.696587,,,,5.02e-06,,1025.2478618531352,3645901.05605495,TP1,,,,,,,,,
2026-09-22T00:45:45.988600+00:00,close,,DOGSIRT,ICT/SMC Scalp Pro,short,,,11.37,11.53617428483598,,,,8795.0,,-1461.502835132432,3644439.5532198176,SL,,,,,,,,,
2026-09-22T00:45:46.488600+00:00,close,,DOGSIRT,ICT/SMC Scalp Pro,short,,,11.37,11.53617428483598,,,,8795.0,,-1461.502835132432,3642978.050384685,SL,,,,,,,,,
2026-09-22T00:46:23.868197+00:00,close,,TRXIRT,ICT/SMC Scalp Pro,short,,,79040.5,79188.64480165216,,,,1.26,,-186.66245008172265,3642791.3879346033,SL,,,,,,,,,
2026-09-22T00:46:24.368197+00:00,close,,TRXIRT,ICT/SMC Scalp Pro,short,,,79040.5,79188.64480165216,,,,1.26,,-186.66245008172265,3642604.7254845216,SL,,,,,,,,,
2026-09-22T00:46:27.731216+00:00,open,,TRXIRT,ICT/SMC Scalp Pro,short,,,79126.5,,79275.85783142298,78902.46325286552,78678.42650573104,2.52,200000.0,,,,,,,,,,,,
2026-09-22T01:00:57.066584+00:00,open,,ARBIRT,ICT/SMC Scalp Pro,long,,,51135.0,,49934.60402548324,52935.593961775136,54736.18792355027,3.9112,200000.0,,,,,,,,,,,,
2026-09-22T01:01:07.560139+00:00,close,,ETHIRT,ICT/SMC Scalp Pro,short,,,641323769.0,632286981.3446832,,,,0.000155,,1400.7020865741083,3644005.4275710955,TP1,,,,,,,,,
2026-09-22T01:01:34.992408+00:00,close,,SUIIRT,ICT/SMC Scalp Pro,short,,,240707.5,245232.37409728565,,,,0.4154,,-1879.6327000124577,3642125.794871083,SL,,,,,,,,,
2026-09-22T01:01:35.492408+00:00,close,,SUIIRT,ICT/SMC Scalp Pro,short,,,240707.5,245232.37409728565,,,,0.4154,,-1879.6327000124577,3640246.1621710705,SL,,,,,,,,,
2026-09-22T01:01:46.586825+00:00,close,,TRXIRT,ICT/SMC Scalp Pro,short,,,79126.5,79275.85783142298,,,,1.26,,-188.1908675929569,3640057.9713034774,SL,,,,,,,,,
2026-09-22T01:01:47.086825+00:00,close,,TRXIRT,ICT/SMC Scalp Pro,short,,,79126.5,79275.85783142298,,,,1.26,,-188.1908675929569,3639869.7804358844,SL,,,,,,,,,
2026-09-22T01:16:21.130374+00:00,open,,TRXIRT,ICT/SMC Scalp Pro,short,,,79305.5,,79474.4000680726,79052.1498978911,78798.79979578218,2.52,200000.0,,,,,,,,,,,,
2026-09-22T01:30:54.931561+00:00,open,,DOGEIRT,ICT/SMC Scalp Pro,short,,,22706.5,,23288.4062687756,21833.6405968366,20960.7811936732,8.8,200000.0,,,,,,,,,,,,
2026-09-22T01:31:17.142068+00:00,close,,LINKIRT,ICT/SMC Scalp Pro,short,,,3024467.5,2964846.040621564,,,,0.033,,1967.5081594884105,3641837.288595373,TP1,,,,,,,,,
2026-09-22T01:31:50.104240+00:00,close,,XLMIRT,ICT/SMC Scalp Pro,short,,,49488.35,48257.22540718922,,,,2.0206,,2487.610352233466,3644324.8989476063,TP1,,,,,,,,,
2026-09-22T01:46:07.240494+00:00,close,,PEPEIRT,ICT/SMC Scalp Pro,short,,,1.169655,1.169655,,,,85495.3,,-0.0,3644324.8989476063,SL,,,,,,,,,
2026-09-22T01:46:26.686395+00:00,close,,TRXIRT,ICT/SMC Scalp Pro,short,,,79305.5,79474.4000680726,,,,1.26,,-212.81408577147872,3644112.084861835,SL,,,,,,,,,
2026-09-22T01:46:27.186395+00:00,close,,TRXIRT,ICT/SMC Scalp Pro,short,,,79305.5,79474.4000680726,,,,1.26,,-212.81408577147872,3643899.2707760637,SL,,,,,,,,,
2026-09-22T02:01:03.352381+00:00,open,,DOGSIRT,ICT/SMC Scalp Pro,short,,,11.47,,11.620797214806398,11.2438041777904,11.0176083555808,17436.7,200000.0,,,,,,,,,,,,
2026-09-22T02:01:35.630383+00:00,open,,TIAIRT,Supertrend+ADX,short,,,100866.5,,103741.94543258664,96553.33185112003,92240.16370224008,5.9484,600000.0,,,,,,,,,,,,
2026-09-22T02:01:43.182672+00:00,open,,TRXIRT,ICT/SMC Scalp Pro,short,,,79599.5,,79808.29180781181,79286.31228828231,78973.12457656462,2.51,200000.0,,,,,,,,,,,,
2026-09-22T02:16:25.263429+00:00,close,,TRBIRT,ICT/SMC Scalp Pro,short,,,4384942.5,4458888.097134333,,,,0.0228,,-1685.9596146627948,3642213.3111614008,SL,,,,,,,,,
2026-09-22T02:16:25.763429+00:00,close,,TRBIRT,ICT/SMC Scalp Pro,short,,,4384942.5,4458888.097134333,,,,0.0228,,-1685.9596146627948,3640527.351546738,SL,,,,,,,,,
2026-09-22T02:31:15.710153+00:00,open,,HBARIRT,ICT/SMC Scalp Pro,short,,,21134.5,,21507.20022165596,20575.449667516063,20016.399335032125,9.4631,200000.0,,,,,,,,,,,,
2026-09-22T03:16:02.384178+00:00,close,,GRAMIRT,ICT/SMC Scalp Pro,short,,,335325.0,328780.8031620689,,,,0.29821,,1951.5449390394376,3642478.896485777,TP1,,,,,,,,,
2026-09-22T03:31:15.019060+00:00,open,,PEPEIRT,ICT/SMC Scalp Pro,short,,,1.197375,,1.2410613743226104,1.1318454385160843,1.0663158770321692,167032.0,200000.0,,,,,,,,,,,,
2026-09-22T03:31:27.068562+00:00,close,,TIAIRT,ICT/SMC Scalp Pro,short,,,101520.0,101520.0,,,,0.985,,-0.0,3642478.896485777,SL,,,,,,,,,
2026-09-22T03:31:30.423672+00:00,open,,TIAIRT,ICT/SMC Scalp Pro,short,,,101800.0,,103493.31477570823,99260.02783643766,96720.05567287529,1.9646,200000.0,,,,,,,,,,,,
2026-09-22T03:31:35.479535+00:00,open,,TRBIRT,ICT/SMC Scalp Pro,short,,,4413463.0,,4488274.675209193,4301245.487186211,4189027.974372422,0.0453,200000.0,,,,,,,,,,,,
2026-09-22T04:01:03.825402+00:00,close,,DOGEIRT,ICT/SMC Scalp Pro,short,,,22706.5,23288.4062687756,,,,4.4,,-2560.387582612646,3639918.5089031644,SL,,,,,,,,,
2026-09-22T04:01:04.325402+00:00,close,,DOGEIRT,ICT/SMC Scalp Pro,short,,,22706.5,23288.4062687756,,,,4.4,,-2560.387582612646,3637358.1213205517,SL,,,,,,,,,
2026-09-22T04:01:08.212801+00:00,open,,DOGEIRT,ICT/SMC Scalp Pro,short,,,23299.5,,23833.903149925,22497.895275112503,21696.290550225003,8.58,200000.0,,,,,,,,,,,,
2026-09-22T04:01:25.346969+00:00,close,,HBARIRT,ICT/SMC Scalp Pro,short,,,21134.5,21507.20022165596,,,,4.7315,,-1763.431098765172,3635594.6902217865,SL,,,,,,,,,
2026-09-22T04:01:25.732753+00:00,close,,HBARIRT,ICT/SMC Scalp Pro,short,,,21134.5,21507.20022165596,,,,4.7316,,-1763.4683687873378,3633831.221852999,SL,,,,,,,,,
2026-09-22T04:01:28.820156+00:00,open,,HBARIRT,ICT/SMC Scalp Pro,short,,,21537.0,,21935.06688425656,20939.899673615168,20342.79934723033,9.2863,200000.0,,,,,,,,,,,,
2026-09-22T04:01:56.881794+00:00,close,,WIFIRT,ICT/SMC Scalp Pro,short,,,56727.5,58250.50097151563,,,,1.76,,-2680.481709867503,3631150.7401431315,SL,,,,,,,,,
2026-09-22T04:01:57.381794+00:00,close,,WIFIRT,ICT/SMC Scalp Pro,short,,,56727.5,58250.50097151563,,,,1.76,,-2680.481709867503,3628470.2584332637,SL,,,,,,,,,
2026-09-22T04:16:09.776607+00:00,close,,ADAIRT,ICT/SMC Scalp Pro,short,,,56576.0,57391.41738008149,,,,1.767533,,-1441.2771280675756,3627028.981305196,SL,,,,,,,,,
2026-09-22T04:16:10.101573+00:00,close,,ADAIRT,ICT/SMC Scalp Pro,short,,,56576.0,57391.41738008149,,,,1.767534,,-1441.2779434849558,3625587.703361711,SL,,,,,,,,,
2026-09-22T04:16:19.061044+00:00,close,,DOGEIRT,ICT/SMC Scalp Pro,short,,,23299.5,23833.903149925,,,,4.29,,-2292.5895131782404,3623295.1138485326,SL,,,,,,,,,
2026-09-22T04:16:19.561044+00:00,close,,DOGEIRT,ICT/SMC Scalp Pro,short,,,23299.5,23833.903149925,,,,4.29,,-2292.5895131782404,3621002.524335354,SL,,,,,,,,,
2026-09-22T04:16:22.934009+00:00,open,,DOGEIRT,ICT/SMC Scalp Pro,short,,,24004.0,,24620.031459919814,23079.95281012028,22155.905620240566,8.33,200000.0,,,,,,,,,,,,
2026-09-22T04:16:25.514817+00:00,close,,DOGSIRT,Supertrend+ADX,short,,,11.44,11.688397796329172,,,,26223.7,,-6513.909291597312,3614488.615043757,SL,,,,,,,,,
2026-09-22T04:16:25.861740+00:00,close,,DOGSIRT,Supertrend+ADX,short,,,11.44,11.688397796329172,,,,26223.8,,-6513.934131376944,3607974.68091238,SL,,,,,,,,,
2026-09-22T04:16:28.060900+00:00,close,,DOGSIRT,ICT/SMC Scalp Pro,short,,,11.47,11.620797214806398,,,,8718.3,,-1314.6953578466298,3606659.9855545335,SL,,,,,,,,,
2026-09-22T04:16:28.439613+00:00,close,,DOGSIRT,ICT/SMC Scalp Pro,short,,,11.47,11.620797214806398,,,,8718.4,,-1314.7104375681106,3605345.2751169656,SL,,,,,,,,,
2026-09-22T04:16:31.795234+00:00,open,,DOGSIRT,ICT/SMC Scalp Pro,short,,,11.695,,11.849169922105732,11.463745116841404,11.232490233682803,17101.3,200000.0,,,,,,,,,,,,
2026-09-22T04:16:36.296627+00:00,close,,FLOKIIRT,ICT/SMC Scalp Pro,short,,,6.835925,6.835925,,,,14628.5,,-0.0,3605345.2751169656,SL,,,,,,,,,
2026-09-22T04:16:39.384818+00:00,open,,FLOKIIRT,ICT/SMC Scalp Pro,short,,,6.8393250000000005,,7.00886444793389,6.585015828099166,6.330706656198332,29242.6,200000.0,,,,,,,,,,,,
2026-09-22T04:17:17.316345+00:00,open,,WIFIRT,ICT/SMC Scalp Pro,short,,,58363.5,,60148.94220693921,55685.33668959119,53007.17337918237,3.42,200000.0,,,,,,,,,,,,
2026-09-22T04:30:49.753843+00:00,close,,DOGSIRT,ICT/SMC Scalp Pro,short,,,11.695,11.849169922105732,,,,8550.6,,-1318.24533595727,3604027.029781008,SL,,,,,,,,,
2026-09-22T04:30:50.253843+00:00,close,,DOGSIRT,ICT/SMC Scalp Pro,short,,,11.695,11.849169922105732,,,,8550.6,,-1318.24533595727,3602708.7844450506,SL,,,,,,,,,
2026-09-22T04:30:54.260261+00:00,open,,DOGSIRT,ICT/SMC Scalp Pro,short,,,11.775,,11.970604330214927,11.481593504677605,11.188187009355207,16985.1,200000.0,,,,,,,,,,,,
2026-09-22T04:31:28.831450+00:00,close,,TRXIRT,ICT/SMC Scalp Pro,short,,,79599.5,79808.29180781181,,,,1.25,,-260.9897597647614,3602447.794685286,SL,,,,,,,,,
2026-09-22T04:31:29.331450+00:00,close,,TRXIRT,ICT/SMC Scalp Pro,short,,,79599.5,79808.29180781181,,,,1.25,,-260.9897597647614,3602186.8049255214,SL,,,,,,,,,
2026-09-22T05:00:54.255359+00:00,close,,ARBIRT,ICT/SMC Scalp Pro,long,,,51135.0,49934.60402548324,,,,1.9556,,-2347.494367764975,3599839.3105577566,SL,,,,,,,,,
2026-09-22T05:00:54.755359+00:00,close,,ARBIRT,ICT/SMC Scalp Pro,long,,,51135.0,49934.60402548324,,,,1.9556,,-2347.494367764975,3597491.816189992,SL,,,,,,,,,
2026-09-22T05:01:00.920161+00:00,close,,DOGEIRT,ICT/SMC Scalp Pro,short,,,24004.0,23079.95281012028,,,,4.16,,3844.0363098996295,3601335.8524998915,TP1,,,,,,,,,
2026-09-22T05:16:32.336943+00:00,close,,WIFIRT,ICT/SMC Scalp Pro,short,,,58363.5,55685.33668959119,,,,1.71,,4579.659260799066,3605915.5117606907,TP1,,,,,,,,,
2026-09-22T05:30:47.074137+00:00,open,,ADAIRT,ICT/SMC Scalp Pro,long,,,55418.5,,54260.82279357021,57155.01580964469,58891.5316192894,3.608903,200000.0,,,,,,,,,,,,
2026-09-22T05:30:51.340073+00:00,close,,BTCIRT,ICT/SMC Scalp Pro,short,,,19913336962.5,19504871678.893173,,,,5.02e-06,,2050.4957237062704,3607966.007484397,TP2,,,,,,,,,
2026-09-22T05:30:58.111035+00:00,close,,DOGSIRT,ICT/SMC Scalp Pro,short,,,11.775,11.481593504677605,,,,8492.5,,2491.7546615254446,3610457.7621459225,TP1,,,,,,,,,
2026-09-22T05:31:01.127787+00:00,close,,ETHIRT,ICT/SMC Scalp Pro,short,,,641323769.0,623250193.6893665,,,,0.000156,,2819.477748458832,3613277.2398943813,TP2,,,,,,,,,
2026-09-22T05:31:05.529002+00:00,close,,FLOKIIRT,ICT/SMC Scalp Pro,short,,,6.8393250000000005,6.585015828099166,,,,14621.3,,3718.330695113666,3616995.570589495,TP1,,,,,,,,,
2026-09-22T05:31:19.412483+00:00,close,,NOTIRT,ICT/SMC Scalp Pro,short,,,116.25,114.44681070328112,,,,860.2,,1551.103433037584,3618546.6740225325,TP1,,,,,,,,,
2026-09-22T05:31:34.181218+00:00,close,,TIAIRT,ICT/SMC Scalp Pro,short,,,101800.0,99260.02783643766,,,,0.9823,,2495.014656267289,3621041.6886787997,TP1,,,,,,,,,
2026-09-22T06:15:57.014310+00:00,close,,FLOKIIRT,ICT/SMC Scalp Pro,short,,,6.8393250000000005,6.8393250000000005,,,,14621.3,,-0.0,3621041.6886787997,SL,,,,,,,,,
2026-09-22T07:16:01.261554+00:00,close,,NOTIRT,ICT/SMC Scalp Pro,short,,,116.25,116.25,,,,860.2,,-0.0,3621041.6886787997,SL,,,,,,,,,
2026-09-22T07:16:19.892829+00:00,close,,TIAIRT,ICT/SMC Scalp Pro,short,,,101800.0,101800.0,,,,0.9823,,-0.0,3621041.6886787997,SL,,,,,,,,,
2026-09-22T07:16:23.478898+00:00,open,,TIAIRT,ICT/SMC Scalp Pro,short,,,102180.0,,103939.4753808688,99540.78692869678,96901.57385739357,1.9573,200000.0,,,,,,,,,,,,
2026-09-22T07:16:31.815537+00:00,close,,WIFIRT,ICT/SMC Scalp Pro,short,,,58363.5,58363.5,,,,1.71,,-0.0,3621041.6886787997,SL,,,,,,,,,
2026-09-22T07:45:51.089259+00:00,close,,DOGSIRT,ICT/SMC Scalp Pro,short,,,11.775,11.775,,,,8492.5,,-0.0,3621041.6886787997,SL,,,,,,,,,
2026-09-22T07:46:07.675108+00:00,close,,HBARIRT,ICT/SMC Scalp Pro,short,,,21537.0,21935.06688425656,,,,4.6431,,-1848.2643502916208,3619193.424328508,SL,,,,,,,,,
2026-09-22T07:46:08.020157+00:00,close,,HBARIRT,ICT/SMC Scalp Pro,short,,,21537.0,21935.06688425656,,,,4.6432,,-1848.3041569800475,3617345.120171528,SL,,,,,,,,,
2026-09-22T08:00:58.326017+00:00,close,,ADAIRT,ICT/SMC Scalp Pro,long,,,55418.5,57155.01580964469,,,,1.804451,,3133.457689229171,3620478.5778607572,TP1,,,,,,,,,
2026-09-22T08:16:01.647958+00:00,open,,HBARIRT,ICT/SMC Scalp Pro,short,,,22117.0,,22488.939688725808,21559.09046691129,21001.18093382258,9.0428,200000.0,,,,,,,,,,,,
2026-09-22T08:16:25.508344+00:00,close,,TIAIRT,Supertrend+ADX,short,,,100866.5,103741.94543258664,,,,2.9742,,-8552.149805599183,3611926.428055158,SL,,,,,,,,,
2026-09-22T08:16:26.008344+00:00,close,,TIAIRT,Supertrend+ADX,short,,,100866.5,103741.94543258664,,,,2.9742,,-8552.149805599183,3603374.2782495585,SL,,,,,,,,,
2026-09-22T08:45:49.357983+00:00,open,,BTCIRT,Supertrend+ADX,short,,,19917529852.0,,20225925953.53357,19454935699.69965,18992341547.399303,3.012e-05,600000.0,,,,,,,,,,,,
2026-09-22T08:45:51.896993+00:00,open,,BTCIRT,ICT/SMC Scalp Pro,short,,,19917529852.0,,20024641175.44036,19756862866.839462,19596195881.67893,1.004e-05,200000.0,,,,,,,,,,,,
2026-09-22T08:46:26.167389+00:00,open,,SOLIRT,ICT/SMC Scalp Pro,short,,,27158621.5,,27414229.309585333,26775209.785622,26391798.071244,0.007,200000.0,,,,,,,,,,,,
2026-09-22T08:46:31.870788+00:00,close,,TIAIRT,ICT/SMC Scalp Pro,short,,,102180.0,103939.4753808688,,,,0.9786,,-1721.8226077182185,3601652.45564184,SL,,,,,,,,,
2026-09-22T08:46:32.282636+00:00,close,,TIAIRT,ICT/SMC Scalp Pro,short,,,102180.0,103939.4753808688,,,,0.9787,,-1721.9985552563053,3599930.4570865836,SL,,,,,,,,,
2026-09-22T08:46:46.078732+00:00,open,,WIFIRT,ICT/SMC Scalp Pro,short,,,59403.0,,61755.11162949822,55874.83255575268,52346.66511150535,3.36,200000.0,,,,,,,,,,,,
2026-09-22T09:01:15.228853+00:00,open,,ETHIRT,ICT/SMC Scalp Pro,short,,,635302367.0,,639564903.3784755,628908562.4322866,622514757.8645731,0.000314,200000.0,,,,,,,,,,,,
2026-09-22T09:01:23.999399+00:00,close,,HBARIRT,ICT/SMC Scalp Pro,short,,,22117.0,22488.939688725808,,,,4.5214,,-1681.6881086048686,3598248.7689779787,SL,,,,,,,,,
2026-09-22T09:01:24.499399+00:00,close,,HBARIRT,ICT/SMC Scalp Pro,short,,,22117.0,22488.939688725808,,,,4.5214,,-1681.6881086048686,3596567.080869374,SL,,,,,,,,,
2026-09-22T09:01:59.393084+00:00,close,,XRPIRT,ICT/SMC Scalp Pro,short,,,359661.5,359661.5,,,,0.3,,-0.0,3596567.080869374,SL,,,,,,,,,
2026-09-22T09:16:18.958926+00:00,open,,NOTIRT,ICT/SMC Scalp Pro,long,,,115.8,,114.19895685470686,118.20156471793968,120.6031294358794,1727.1,200000.0,,,,,,,,,,,,
2026-09-22T09:32:03.512095+00:00,open,,XRPIRT,ICT/SMC Scalp Pro,short,,,355328.0,,360121.24036013393,348138.1394597991,340948.2789195983,0.5,200000.0,,,,,,,,,,,,
2026-09-22T10:16:33.707789+00:00,open,,TRXIRT,ICT/SMC Scalp Pro,long,,,80162.0,,79936.49972231041,80500.25041653437,80838.50083306876,2.49,200000.0,,,,,,,,,,,,
2026-09-22T10:30:51.339440+00:00,close,,BTCIRT,ICT/SMC Scalp Pro,short,,,19917529852.0,19756862866.839462,,,,5.02e-06,,806.5482655058803,3597373.62913488,TP1,,,,,,,,,
2026-09-22T10:31:13.171813+00:00,close,,NOTIRT,ICT/SMC Scalp Pro,long,,,115.8,114.19895685470686,,,,863.5,,-1382.5007559606202,3595991.1283789193,SL,,,,,,,,,
2026-09-22T10:31:13.671813+00:00,close,,NOTIRT,ICT/SMC Scalp Pro,long,,,115.8,114.19895685470686,,,,863.5,,-1382.5007559606202,3594608.6276229587,SL,,,,,,,,,
2026-09-22T10:31:17.990808+00:00,open,,NOTIRT,ICT/SMC Scalp Pro,long,,,113.0,,111.405035626501,115.39244656024847,117.78489312049696,1769.9,200000.0,,,,,,,,,,,,
2026-09-22T10:31:19.654893+00:00,close,,PEPEIRT,ICT/SMC Scalp Pro,short,,,1.197375,1.1318454385160843,,,,83516.0,,5472.766856890689,3600081.3944798494,TP1,,,,,,,,,
2026-09-22T10:31:41.025010+00:00,close,,TRXIRT,ICT/SMC Scalp Pro,long,,,80162.0,79936.49972231041,,,,1.24,,-279.6203443350858,3599801.774135514,SL,,,,,,,,,
2026-09-22T10:31:41.418193+00:00,close,,TRXIRT,ICT/SMC Scalp Pro,long,,,80162.0,79936.49972231041,,,,1.25,,-281.8753471119817,3599519.8987884023,SL,,,,,,,,,
2026-09-22T10:31:44.204978+00:00,open,,TRXIRT,ICT/SMC Scalp Pro,long,,,79946.5,,79716.71178720907,80291.18231918638,80635.86463837275,2.5,200000.0,,,,,,,,,,,,
2026-09-22T10:46:04.512718+00:00,close,,NOTIRT,ICT/SMC Scalp Pro,long,,,113.0,111.405035626501,,,,884.9,,-1411.3839741092618,3598108.514814293,SL,,,,,,,,,
2026-09-22T10:46:04.888507+00:00,close,,NOTIRT,ICT/SMC Scalp Pro,long,,,113.0,111.405035626501,,,,885.0,,-1411.5434705466116,3596696.9713437464,SL,,,,,,,,,
2026-09-22T10:46:21.945908+00:00,close,,SOLIRT,ICT/SMC Scalp Pro,short,,,27158621.5,26775209.785622,,,,0.003,,1150.235143133998,3597847.2064868803,TP1,,,,,,,,,
2026-09-22T10:46:34.014949+00:00,close,,TRXIRT,ICT/SMC Scalp Pro,long,,,79946.5,79716.71178720907,,,,1.25,,-287.23526598865647,3597559.9712208915,SL,,,,,,,,,
2026-09-22T10:46:34.514949+00:00,close,,TRXIRT,ICT/SMC Scalp Pro,long,,,79946.5,79716.71178720907,,,,1.25,,-287.23526598865647,3597272.7359549026,SL,,,,,,,,,
2026-09-22T10:46:39.465261+00:00,open,,TRXIRT,ICT/SMC Scalp Pro,long,,,79690.5,,79456.7535119514,80041.1197320729,80391.7394641458,2.5,200000.0,,,,,,,,,,,,
2026-09-22T11:01:18.543624+00:00,close,,ETHIRT,ICT/SMC Scalp Pro,short,,,635302367.0,628908562.4322866,,,,0.000157,,1003.8273171310008,3598276.563272034,TP1,,,,,,,,,
2026-09-22T11:01:53.714089+00:00,close,,TRXIRT,ICT/SMC Scalp Pro,long,,,79690.5,79456.7535119514,,,,1.25,,-292.18311006074146,3597984.380161973,SL,,,,,,,,,
2026-09-22T11:01:54.214089+00:00,close,,TRXIRT,ICT/SMC Scalp Pro,long,,,79690.5,79456.7535119514,,,,1.25,,-292.18311006074146,3597692.1970519125,SL,,,,,,,,,
2026-09-22T11:16:17.005673+00:00,close,,SHIBIRT,ICT/SMC Scalp Pro,short,,,1.39975,1.358913048825405,,,,71441.3,,2917.444879949591,3600609.641931862,TP1,,,,,,,,,
2026-09-22T13:01:44.692421+00:00,open,,TIAIRT,ICT/SMC Scalp Pro,short,,,103563.5,,105396.72610957554,100813.66083563668,98063.82167127336,1.9311,200000.0,,,,,,,,,,,,
2026-09-22T13:01:52.978170+00:00,close,,WIFIRT,ICT/SMC Scalp Pro,short,,,59403.0,61755.11162949822,,,,1.68,,-3951.54753755701,3596658.0943943053,SL,,,,,,,,,
2026-09-22T13:01:53.478170+00:00,close,,WIFIRT,ICT/SMC Scalp Pro,short,,,59403.0,61755.11162949822,,,,1.68,,-3951.54753755701,3592706.5468567484,SL,,,,,,,,,
2026-09-22T13:15:48.868228+00:00,close,,ETHIRT,ICT/SMC Scalp Pro,short,,,635302367.0,635302367.0,,,,0.000157,,-0.0,3592706.5468567484,SL,,,,,,,,,
2026-09-22T13:16:00.213622+00:00,close,,LINKIRT,ICT/SMC Scalp Pro,short,,,3024467.5,3024467.5,,,,0.0331,,-0.0,3592706.5468567484,SL,,,,,,,,,
2026-09-22T13:16:04.838071+00:00,open,,LINKIRT,ICT/SMC Scalp Pro,short,,,3005110.0,,3042323.3911420265,2949289.91328696,2893469.82657392,0.0665,200000.0,,,,,,,,,,,,
2026-09-22T13:16:15.716665+00:00,close,,SHIBIRT,ICT/SMC Scalp Pro,short,,,1.39975,1.39975,,,,71441.3,,-0.0,3592706.5468567484,SL,,,,,,,,,
2026-09-22T13:16:26.018931+00:00,open,,TIAIRT,Supertrend+ADX,short,,,104484.5,,108833.63266619317,97960.80100071024,91437.10200142048,5.7424,600000.0,,,,,,,,,,,,
2026-09-22T14:01:07.920482+00:00,open,,DOGEIRT,Supertrend+ADX,short,,,23066.5,,23870.08888753228,21861.11666870158,20655.73333740316,26.01,600000.0,,,,,,,,,,,,
2026-09-22T14:01:22.112813+00:00,open,,HBARIRT,Supertrend+ADX,short,,,22191.0,,23011.14015145317,20960.789772820244,19730.57954564049,27.0379,600000.0,,,,,,,,,,,,
2026-09-22T14:01:49.064647+00:00,open,,TRBIRT,Supertrend+ADX,short,,,4462140.0,,4621418.027237062,4223222.959144406,3984305.918288813,0.1344,600000.0,,,,,,,,,,,,
2026-09-22T14:01:54.823758+00:00,close,,XLMIRT,ICT/SMC Scalp Pro,short,,,49488.35,49488.35,,,,2.0206,,-0.0,3592706.5468567484,SL,,,,,,,,,
2026-09-22T14:01:58.695014+00:00,close,,XRPIRT,ICT/SMC Scalp Pro,short,,,355328.0,360121.24036013393,,,,0.2,,-958.6480720267864,3591747.8987847217,SL,,,,,,,,,
2026-09-22T14:01:59.083542+00:00,close,,XRPIRT,ICT/SMC Scalp Pro,short,,,355328.0,360121.24036013393,,,,0.3,,-1437.9721080401796,3590309.9266766817,SL,,,,,,,,,
2026-09-22T14:02:02.814179+00:00,open,,XRPIRT,ICT/SMC Scalp Pro,short,,,363382.0,,368853.7094296435,355174.43585553474,346966.8717110695,0.5,200000.0,,,,,,,,,,,,
2026-09-22T14:15:59.109197+00:00,open,,GRAMIRT,Supertrend+ADX,short,,,331236.0,,337642.12224364013,321626.81663453975,312017.63326907955,1.81139,600000.0,,,,,,,,,,,,
2026-09-22T14:16:04.991648+00:00,open,,HBARIRT,ICT/SMC Scalp Pro,short,,,22414.5,,22807.156753165247,21825.51487025213,21236.52974050426,8.9227,200000.0,,,,,,,,,,,,
2026-09-22T14:30:55.089083+00:00,open,,ARBIRT,ICT/SMC Scalp Pro,long,,,48922.0,,47910.48391192113,50439.27413211831,51956.54826423662,4.0881,200000.0,,,,,,,,,,,,
2026-09-22T14:31:51.191817+00:00,close,,TRBIRT,ICT/SMC Scalp Pro,short,,,4413463.0,4488274.675209193,,,,0.0226,,-1690.7438597277517,3588619.182816954,SL,,,,,,,,,
2026-09-22T14:31:51.621296+00:00,close,,TRBIRT,ICT/SMC Scalp Pro,short,,,4413463.0,4488274.675209193,,,,0.0227,,-1698.2250272486713,3586920.957789705,SL,,,,,,,,,
2026-09-22T14:46:13.009094+00:00,close,,LINKIRT,ICT/SMC Scalp Pro,short,,,3005110.0,2949289.91328696,,,,0.0332,,1853.226878872936,3588774.184668578,TP1,,,,,,,,,
2026-09-22T14:46:34.853611+00:00,open,,SUIIRT,ICT/SMC Scalp Pro,long,,,227661.0,,223285.0438832112,234224.9341751832,240788.8683503664,0.8784,200000.0,,,,,,,,,,,,
2026-09-22T14:46:39.102836+00:00,close,,TIAIRT,ICT/SMC Scalp Pro,short,,,103563.5,100813.66083563668,,,,0.9655,,2654.969713192788,3591429.154381771,TP1,,,,,,,,,
2026-09-22T14:46:48.660275+00:00,open,,TRXIRT,ICT/SMC Scalp Pro,long,,,78355.0,,78049.8607982795,78812.70880258078,79270.41760516152,2.55,200000.0,,,,,,,,,,,,
2026-09-22T14:46:54.022892+00:00,close,,XRPIRT,ICT/SMC Scalp Pro,short,,,363382.0,355174.43585553474,,,,0.2,,1641.5128288930516,3593070.667210664,TP1,,,,,,,,,
2026-09-22T15:31:44.797653+00:00,open,,TRBIRT,ICT/SMC Scalp Pro,short,,,4598186.5,,4693808.604100922,4454753.343848617,4311320.187697234,0.0434,200000.0,,,,,,,,,,,,
2026-09-22T15:31:54.232123+00:00,close,,XRPIRT,ICT/SMC Scalp Pro,short,,,363382.0,363382.0,,,,0.3,,-0.0,3593070.667210664,SL,,,,,,,,,
2026-09-22T15:31:58.364111+00:00,open,,XRPIRT,ICT/SMC Scalp Pro,short,,,363414.0,,369943.3917646821,353619.9123529769,343825.8247059538,0.5,200000.0,,,,,,,,,,,,
2026-09-22T15:46:02.641130+00:00,close,,LINKIRT,ICT/SMC Scalp Pro,short,,,3005110.0,3005110.0,,,,0.0333,,-0.0,3593070.667210664,SL,,,,,,,,,
2026-09-22T15:46:29.663224+00:00,close,,TRBIRT,Supertrend+ADX,short,,,4462140.0,4621418.027237062,,,,0.0672,,-10703.483430330589,3582367.1837803335,SL,,,,,,,,,
2026-09-22T15:46:30.163224+00:00,close,,TRBIRT,Supertrend+ADX,short,,,4462140.0,4621418.027237062,,,,0.0672,,-10703.483430330589,3571663.700350003,SL,,,,,,,,,
2026-09-22T16:01:26.667391+00:00,close,,HBARIRT,ICT/SMC Scalp Pro,short,,,22414.5,22807.156753165247,,,,4.4613,,-1751.759572896117,3569911.9407771067,SL,,,,,,,,,
2026-09-22T16:01:27.288568+00:00,close,,HBARIRT,ICT/SMC Scalp Pro,short,,,22414.5,22807.156753165247,,,,4.4614,,-1751.798838571434,3568160.141938535,SL,,,,,,,,,
2026-09-22T16:16:30.486441+00:00,close,,TIAIRT,ICT/SMC Scalp Pro,short,,,103563.5,103563.5,,,,0.9656,,-0.0,3568160.141938535,SL,,,,,,,,,
2026-09-22T16:31:42.235626+00:00,open,,WIFIRT,ICT/SMC Scalp Pro,short,,,58926.5,,61390.40412187623,55230.643817185664,51534.78763437133,3.39,200000.0,,,,,,,,,,,,
2026-09-22T17:16:26.320900+00:00,close,,TRXIRT,ICT/SMC Scalp Pro,long,,,78355.0,78049.8607982795,,,,1.27,,-387.5267861850441,3567772.61515235,SL,,,,,,,,,
2026-09-22T17:16:26.820900+00:00,close,,TRXIRT,ICT/SMC Scalp Pro,long,,,78355.0,78049.8607982795,,,,1.27,,-387.5267861850441,3567385.0883661653,SL,,,,,,,,,
2026-09-22T18:16:06.869296+00:00,open,,HBARIRT,ICT/SMC Scalp Pro,short,,,21987.5,,22416.07061374298,21344.64407938553,20701.78815877105,9.096,200000.0,,,,,,,,,,,,
2026-09-22T18:46:04.451802+00:00,close,,BTCIRT,ICT/SMC Scalp Pro,short,,,19917529852.0,19596195881.67893,,,,5.02e-06,,1613.0965310117606,3568998.184897177,TP2,,,,,,,,,
2026-09-22T19:16:09.980277+00:00,close,,HBARIRT,ICT/SMC Scalp Pro,short,,,21987.5,22416.07061374298,,,,4.548,,-1949.139151303076,3567049.045745874,SL,,,,,,,,,
2026-09-22T19:16:10.480277+00:00,close,,HBARIRT,ICT/SMC Scalp Pro,short,,,21987.5,22416.07061374298,,,,4.548,,-1949.139151303076,3565099.9065945707,SL,,,,,,,,,
2026-09-22T19:31:13.948852+00:00,open,,HBARIRT,ICT/SMC Scalp Pro,short,,,22589.0,,23040.698987344425,21911.45151898336,21233.90303796672,8.8538,200000.0,,,,,,,,,,,,
2026-09-22T19:31:35.979157+00:00,open,,TIAIRT,ICT/SMC Scalp Pro,short,,,108092.0,,110484.17447659916,104503.73828510128,100915.47657020252,1.8502,200000.0,,,,,,,,,,,,
2026-09-22T19:31:47.307531+00:00,open,,XLMIRT,ICT/SMC Scalp Pro,short,,,49387.9,,50110.24071100274,48304.388933495895,47220.87786699179,4.0495,200000.0,,,,,,,,,,,,
2026-09-22T19:46:24.053312+00:00,close,,TIAIRT,Supertrend+ADX,short,,,104484.5,108833.63266619317,,,,2.8712,,-12487.22971117382,3552612.6768833967,SL,,,,,,,,,
2026-09-22T19:46:24.553312+00:00,close,,TIAIRT,Supertrend+ADX,short,,,104484.5,108833.63266619317,,,,2.8712,,-12487.22971117382,3540125.4471722227,SL,,,,,,,,,
2026-09-22T19:46:27.461988+00:00,close,,TIAIRT,ICT/SMC Scalp Pro,short,,,108092.0,110484.17447659916,,,,0.9251,,-2213.00060830187,3537912.446563921,SL,,,,,,,,,
2026-09-22T19:46:27.961988+00:00,close,,TIAIRT,ICT/SMC Scalp Pro,short,,,108092.0,110484.17447659916,,,,0.9251,,-2213.00060830187,3535699.445955619,SL,,,,,,,,,
2026-09-22T19:46:31.579562+00:00,open,,TIAIRT,ICT/SMC Scalp Pro,short,,,110275.0,,112887.2310776475,106356.65338352873,102438.30676705748,1.8136,200000.0,,,,,,,,,,,,
2026-09-22T19:46:39.655653+00:00,open,,TRXIRT,ICT/SMC Scalp Pro,long,,,77341.5,,77123.09650270849,77669.10524593724,77996.71049187452,2.58,200000.0,,,,,,,,,,,,
2026-09-22T20:01:46.219120+00:00,close,,TIAIRT,ICT/SMC Scalp Pro,short,,,110275.0,112887.2310776475,,,,0.9068,,-2368.7711412107587,3533330.6748144086,SL,,,,,,,,,
2026-09-22T20:01:46.719120+00:00,close,,TIAIRT,ICT/SMC Scalp Pro,short,,,110275.0,112887.2310776475,,,,0.9068,,-2368.7711412107587,3530961.903673198,SL,,,,,,,,,
2026-09-22T20:01:49.894819+00:00,open,,TIAIRT,ICT/SMC Scalp Pro,short,,,113548.5,,116369.40027167022,109317.14959249466,105085.79918498934,1.7613,200000.0,,,,,,,,,,,,
2026-09-22T20:32:00.597073+00:00,close,,TRXIRT,ICT/SMC Scalp Pro,long,,,77341.5,77123.09650270849,,,,1.29,,-281.7405115060487,3530680.163161692,SL,,,,,,,,,
2026-09-22T20:32:01.097073+00:00,close,,TRXIRT,ICT/SMC Scalp Pro,long,,,77341.5,77123.09650270849,,,,1.29,,-281.7405115060487,3530398.4226501863,SL,,,,,,,,,
2026-09-22T20:45:44.139820+00:00,close,,BTCIRT,Supertrend+ADX,short,,,19917529852.0,19454935699.69965,,,,1.506e-05,,6966.6679336432735,3537365.0905838297,TP1,,,,,,,,,
2026-09-22T20:46:20.154348+00:00,close,,SOLIRT,ICT/SMC Scalp Pro,short,,,27158621.5,26391798.071244,,,,0.004,,3067.2937150239945,3540432.3842988536,TP2,,,,,,,,,
2026-09-22T20:46:38.249973+00:00,close,,XLMIRT,ICT/SMC Scalp Pro,short,,,49387.9,48304.388933495895,,,,2.0247,,2193.7848563508646,3542626.1691552047,TP1,,,,,,,,,
2026-09-22T20:46:40.918503+00:00,close,,XRPIRT,ICT/SMC Scalp Pro,short,,,363414.0,353619.9123529769,,,,0.2,,1958.8175294046173,3544584.986684609,TP1,,,,,,,,,
2026-09-22T21:16:35.005694+00:00,close,,TIAIRT,ICT/SMC Scalp Pro,short,,,113548.5,109317.14959249466,,,,0.8806,,3726.1271688491984,3548311.1138534583,TP1,,,,,,,,,
2026-09-22T22:16:19.818409+00:00,open,,SHIBIRT,ICT/SMC Scalp Pro,long,,,1.3649,,1.344912683457699,1.3948809748134516,1.4248619496269033,146530.8,200000.0,,,,,,,,,,,,
2026-09-22T22:45:42.033817+00:00,close,,ARBIRT,ICT/SMC Scalp Pro,long,,,48922.0,50439.27413211831,,,,2.044,,3101.308326049832,3551412.422179508,TP1,,,,,,,,,
2026-09-22T22:45:46.110248+00:00,open,,ARBIRT,Supertrend+ADX,short,,,50912.0,,53076.67550758568,47664.98673862149,44417.97347724297,11.785,600000.0,,,,,,,,,,,,
2026-09-22T23:15:41.988401+00:00,close,,ARBIRT,ICT/SMC Scalp Pro,long,,,48922.0,51956.54826423662,,,,2.0441,,6202.920106926072,3557615.342286434,TP2,,,,,,,,,
2026-09-22T23:15:45.799010+00:00,open,,ARBIRT,ICT/SMC Scalp Pro,short,,,52080.5,,53074.36275450359,50589.705868244615,49098.91173648922,3.8402,200000.0,,,,,,,,,,,,
2026-09-22T23:15:56.683337+00:00,open,,ETHIRT,ICT/SMC Scalp Pro,short,,,627237617.0,,631209566.7088553,621279692.436717,615321767.873434,0.000318,200000.0,,,,,,,,,,,,
2026-09-22T23:16:22.747110+00:00,open,,SOLIRT,ICT/SMC Scalp Pro,short,,,27019501.5,,27223616.21211544,26713329.43182684,26407157.36365368,0.007,200000.0,,,,,,,,,,,,
2026-09-22T23:16:27.012225+00:00,open,,SUIIRT,Supertrend+ADX,short,,,233609.5,,241762.33934287625,221380.2409856856,209150.98197137128,2.5683,600000.0,,,,,,,,,,,,
2026-09-22T23:16:33.395621+00:00,close,,TRBIRT,ICT/SMC Scalp Pro,short,,,4598186.5,4693808.604100922,,,,0.0217,,-2074.99965899001,3555540.342627444,SL,,,,,,,,,
2026-09-22T23:16:33.895621+00:00,close,,TRBIRT,ICT/SMC Scalp Pro,short,,,4598186.5,4693808.604100922,,,,0.0217,,-2074.99965899001,3553465.3429684537,SL,,,,,,,,,
2026-09-22T23:16:36.719154+00:00,open,,TRBIRT,ICT/SMC Scalp Pro,short,,,4711623.0,,4790470.30580167,4593352.041297496,4475081.082594992,0.0424,200000.0,,,,,,,,,,,,
2026-09-22T23:31:09.311644+00:00,close,,GRAMIRT,ICT/SMC Scalp Pro,short,,,335325.0,335325.0,,,,0.29822,,-0.0,3553465.3429684537,SL,,,,,,,,,
2026-09-22T23:45:44.624769+00:00,close,,ARBIRT,Supertrend+ADX,short,,,50912.0,53076.67550758568,,,,5.8925,,-12755.350428448608,3540709.992540005,SL,,,,,,,,,
2026-09-22T23:45:45.124769+00:00,close,,ARBIRT,Supertrend+ADX,short,,,50912.0,53076.67550758568,,,,5.8925,,-12755.350428448608,3527954.6421115566,SL,,,,,,,,,
2026-09-22T23:45:48.846808+00:00,close,,ARBIRT,ICT/SMC Scalp Pro,short,,,52080.5,53074.36275450359,,,,1.9201,,-1908.315874922348,3526046.326236634,SL,,,,,,,,,
2026-09-22T23:45:49.346808+00:00,close,,ARBIRT,ICT/SMC Scalp Pro,short,,,52080.5,53074.36275450359,,,,1.9201,,-1908.315874922348,3524138.0103617115,SL,,,,,,,,,
2026-09-22T23:46:38.588044+00:00,close,,TIAIRT,ICT/SMC Scalp Pro,short,,,113548.5,113548.5,,,,0.8807,,-0.0,3524138.0103617115,SL,,,,,,,,,
2026-09-23T00:01:08.949598+00:00,close,,ETHIRT,ICT/SMC Scalp Pro,short,,,627237617.0,621279692.436717,,,,0.000159,,947.3100055619916,3525085.3203672734,TP1,,,,,,,,,
2026-09-23T00:01:34.209529+00:00,close,,SOLIRT,ICT/SMC Scalp Pro,short,,,27019501.5,26713329.43182684,,,,0.003,,918.516204519488,3526003.836571793,TP1,,,,,,,,,
2026-09-23T00:01:43.361703+00:00,open,,TIAIRT,ICT/SMC Scalp Pro,short,,,116668.0,,120394.01433188852,111078.9785021672,105489.9570043344,1.7142,200000.0,,,,,,,,,,,,
2026-09-23T00:15:49.799392+00:00,open,,FLOKIIRT,ICT/SMC Scalp Pro,short,,,6.945935,,7.074715369101025,6.752764446348465,6.559593892696928,28793.8,200000.0,,,,,,,,,,,,
2026-09-23T00:16:04.145422+00:00,open,,NOTIRT,ICT/SMC Scalp Pro,short,,,117.05,,118.32694440699474,115.13458338950794,113.21916677901586,1708.6,200000.0,,,,,,,,,,,,
2026-09-23T00:45:40.833940+00:00,open,,BTCIRT,ICT/SMC Scalp Pro,long,,,19550083753.5,,19468350051.934715,19672684305.847923,19795284858.19585,1.023e-05,200000.0,,,,,,,,,,,,
2026-09-23T01:01:43.615443+00:00,close,,TRBIRT,ICT/SMC Scalp Pro,short,,,4711623.0,4593352.041297496,,,,0.0212,,2507.3443244930786,3528511.180896286,TP1,,,,,,,,,
2026-09-23T01:30:58.253710+00:00,close,,ETHIRT,ICT/SMC Scalp Pro,short,,,627237617.0,627237617.0,,,,0.000159,,-0.0,3528511.180896286,SL,,,,,,,,,
2026-09-23T01:31:14.985584+00:00,open,,LINKIRT,ICT/SMC Scalp Pro,long,,,2957942.5,,2926478.7251417087,3005138.162287437,3052333.824574874,0.0676,200000.0,,,,,,,,,,,,
2026-09-23T01:31:23.755703+00:00,close,,SHIBIRT,ICT/SMC Scalp Pro,long,,,1.3649,1.3948809748134516,,,,73265.4,,2196.568112097459,3530707.7490083836,TP1,,,,,,,,,
2026-09-23T02:31:39.150009+00:00,close,,XLMIRT,ICT/SMC Scalp Pro,short,,,49387.9,49387.9,,,,2.0248,,-0.0,3530707.7490083836,SL,,,,,,,,,
2026-09-23T03:01:05.840816+00:00,open,,ETHIRT,ICT/SMC Scalp Pro,short,,,626673145.5,,630283744.9884667,621257246.2672999,615841347.0345997,0.000319,200000.0,,,,,,,,,,,,
2026-09-23T03:31:32.516952+00:00,close,,SOLIRT,ICT/SMC Scalp Pro,short,,,27019501.5,27019501.5,,,,0.004,,-0.0,3530707.7490083836,SL,,,,,,,,,
2026-09-23T03:31:37.273309+00:00,close,,SUIIRT,ICT/SMC Scalp Pro,long,,,227661.0,234224.9341751832,,,,0.4392,,2882.879889740453,3533590.628898124,TP1,,,,,,,,,
2026-09-23T03:31:52.326789+00:00,close,,XRPIRT,ICT/SMC Scalp Pro,short,,,363414.0,363414.0,,,,0.3,,-0.0,3533590.628898124,SL,,,,,,,,,
2026-09-23T03:45:41.027715+00:00,close,,BTCIRT,ICT/SMC Scalp Pro,long,,,19550083753.5,19672684305.847923,,,,5.11e-06,,626.488822497888,3534217.117720622,TP1,,,,,,,,,
2026-09-23T03:45:48.840733+00:00,close,,ETHIRT,ICT/SMC Scalp Pro,short,,,626673145.5,630283744.9884667,,,,0.000159,,-574.0853186662116,3533643.0324019557,SL,,,,,,,,,
2026-09-23T03:45:49.478779+00:00,close,,ETHIRT,ICT/SMC Scalp Pro,short,,,626673145.5,630283744.9884667,,,,0.00016,,-577.6959181546783,3533065.336483801,SL,,,,,,,,,
2026-09-23T03:45:53.493393+00:00,open,,ETHIRT,Supertrend+ADX,short,,,630910666.0,,640429210.6519494,616632849.0220758,602355032.0441514,0.000951,600000.0,,,,,,,,,,,,
2026-09-23T03:45:55.283545+00:00,open,,ETHIRT,ICT/SMC Scalp Pro,short,,,631471201.0,,635392625.471968,625589064.2920479,619706927.5840957,0.000316,200000.0,,,,,,,,,,,,
2026-09-23T03:46:20.594741+00:00,open,,SOLIRT,ICT/SMC Scalp Pro,short,,,27120729.5,,27325814.5319429,26813101.95208565,26505474.404171303,0.007,200000.0,,,,,,,,,,,,
2026-09-23T04:00:49.786629+00:00,close,,ADAIRT,ICT/SMC Scalp Pro,long,,,55418.5,58891.5316192894,,,,1.804452,,6266.918851489988,3539332.255335291,TP2,,,,,,,,,
2026-09-23T04:30:53.082862+00:00,close,,BTCIRT,ICT/SMC Scalp Pro,long,,,19550083753.5,19795284858.19585,,,,5.12e-06,,1255.429656042754,3540587.6849913336,TP2,,,,,,,,,
2026-09-23T04:31:18.361159+00:00,close,,LINKIRT,ICT/SMC Scalp Pro,long,,,2957942.5,3005138.162287437,,,,0.0338,,1595.2133853153668,3542182.898376649,TP1,,,,,,,,,
2026-09-23T04:46:01.548279+00:00,open,,GRAMIRT,ICT/SMC Scalp Pro,short,,,335379.0,,338149.6101808811,331223.0847286783,327067.16945735656,0.59634,200000.0,,,,,,,,,,,,
2026-09-23T06:01:26.017125+00:00,close,,LINKIRT,ICT/SMC Scalp Pro,long,,,2957942.5,2957942.5,,,,0.0338,,0.0,3542182.898376649,SL,,,,,,,,,
2026-09-23T06:01:30.001500+00:00,close,,NOTIRT,ICT/SMC Scalp Pro,short,,,117.05,115.13458338950794,,,,854.3,,1636.3404103433782,3543819.238786992,TP1,,,,,,,,,
2026-09-23T06:45:46.021709+00:00,open,,BTCIRT,ICT/SMC Scalp Pro,short,,,19672127032.5,,19761222393.05472,19538483991.667915,19404840950.835827,1.016e-05,200000.0,,,,,,,,,,,,
2026-09-23T07:15:56.925599+00:00,close,,ETHIRT,ICT/SMC Scalp Pro,short,,,631471201.0,625589064.2920479,,,,0.000158,,929.3775998564385,3544748.6163868485,TP1,,,,,,,,,
2026-09-23T07:46:15.374723+00:00,close,,GRAMIRT,ICT/SMC Scalp Pro,short,,,335379.0,331223.0847286783,,,,0.29817,,1239.169256449997,3545987.7856432986,TP1,,,,,,,,,
2026-09-23T08:01:54.166584+00:00,close,,SOLIRT,ICT/SMC Scalp Pro,short,,,27120729.5,26813101.95208565,,,,0.003,,922.8826437430456,3546910.6682870416,TP1,,,,,,,,,
2026-09-23T08:32:00.572889+00:00,close,,TIAIRT,ICT/SMC Scalp Pro,short,,,116668.0,120394.01433188852,,,,0.8571,,-3193.566883861654,3543717.10140318,SL,,,,,,,,,
2026-09-23T08:32:01.072889+00:00,close,,TIAIRT,ICT/SMC Scalp Pro,short,,,116668.0,120394.01433188852,,,,0.8571,,-3193.566883861654,3540523.5345193185,SL,,,,,,,,,
2026-09-23T08:33:53.453167+00:00,open,,TIAIRT,ICT/SMC Scalp Pro,short,,,120914.0,,124088.54000481551,116152.18999277672,111390.37998555345,1.654,200000.0,,,,,,,,,,,,
2026-09-23T09:01:03.481546+00:00,close,,BTCIRT,ICT/SMC Scalp Pro,short,,,19672127032.5,19538483991.667915,,,,5.08e-06,,678.90664742699,3541202.4411667455,TP1,,,,,,,,,
2026-09-23T09:01:39.590225+00:00,open,,LINKIRT,Supertrend+ADX,long,,,2940017.0,,2872660.599196543,3041051.601205185,3142086.202410371,0.204,600000.0,,,,,,,,,,,,
2026-09-23T09:02:17.551799+00:00,open,,TRXIRT,Supertrend+ADX,long,,,78274.5,,77896.90630556564,78840.89054165153,79407.28108330307,7.66,600000.0,,,,,,,,,,,,
2026-09-23T10:02:28.782452+00:00,close,,TRXIRT,Supertrend+ADX,long,,,78274.5,77896.90630556564,,,,3.83,,-1446.1838496835824,3539756.257317062,SL,,,,,,,,,
2026-09-23T10:02:29.282452+00:00,close,,TRXIRT,Supertrend+ADX,long,,,78274.5,77896.90630556564,,,,3.83,,-1446.1838496835824,3538310.0734673785,SL,,,,,,,,,
2026-09-23T10:31:18.509662+00:00,close,,FLOKIIRT,ICT/SMC Scalp Pro,short,,,6.945935,6.752764446348465,,,,14396.9,,2781.057143865793,3541091.130611244,TP1,,,,,,,,,
2026-09-23T11:31:27.920610+00:00,open,,LINKIRT,ICT/SMC Scalp Pro,long,,,2913775.5,,2879690.046928436,2964903.679607346,3016031.859214693,0.0686,200000.0,,,,,,,,,,,,
2026-09-23T11:46:13.504778+00:00,close,,HBARIRT,ICT/SMC Scalp Pro,short,,,22589.0,21911.45151898336,,,,4.4269,,2999.439370612571,3544090.5699818567,TP1,,,,,,,,,
2026-09-23T11:46:29.436724+00:00,close,,SHIBIRT,ICT/SMC Scalp Pro,long,,,1.3649,1.3649,,,,73265.4,,0.0,3544090.5699818567,SL,,,,,,,,,
2026-09-23T12:16:32.997529+00:00,close,,TIAIRT,ICT/SMC Scalp Pro,short,,,120914.0,116152.18999277672,,,,0.827,,3938.01687597365,3548028.58685783,TP1,,,,,,,,,
2026-09-23T12:48:45.131111+00:00,open,,TRXIRT,ICT/SMC Scalp Pro,long,,,78140.5,,77954.56302242214,78419.4054663668,78698.31093273358,2.55,200000.0,,,,,,,,,,,,
2026-09-23T13:02:01.113486+00:00,close,,TRXIRT,ICT/SMC Scalp Pro,long,,,78140.5,77954.56302242214,,,,1.27,,-236.139961523884,3547792.4468963062,SL,,,,,,,,,
2026-09-23T13:02:01.613486+00:00,close,,TRXIRT,ICT/SMC Scalp Pro,long,,,78140.5,77954.56302242214,,,,1.27,,-236.139961523884,3547556.3069347823,SL,,,,,,,,,
2026-09-23T13:15:51.509781+00:00,close,,ETHIRT,ICT/SMC Scalp Pro,short,,,631471201.0,619706927.5840957,,,,0.000158,,1858.755199712877,3549415.062134495,TP2,,,,,,,,,
2026-09-23T13:16:13.658479+00:00,close,,NOTIRT,ICT/SMC Scalp Pro,short,,,117.05,113.21916677901586,,,,854.3,,3272.6808206867563,3552687.7429551817,TP2,,,,,,,,,
2026-09-23T14:00:59.718151+00:00,close,,BTCIRT,ICT/SMC Scalp Pro,short,,,19672127032.5,19672127032.5,,,,5.08e-06,,-0.0,3552687.7429551817,SL,,,,,,,,,
2026-09-23T14:15:47.807043+00:00,close,,DOGEIRT,Supertrend+ADX,short,,,23066.5,21861.11666870158,,,,13.0,,15669.983306879469,3568357.7262620614,TP1,,,,,,,,,
2026-09-23T14:15:49.929505+00:00,close,,DOGEIRT,ICT/SMC Scalp Pro,short,,,24004.0,22155.905620240566,,,,4.17,,7706.553563596838,3576064.279825658,TP2,,,,,,,,,
2026-09-23T14:15:57.491589+00:00,close,,ETHIRT,Supertrend+ADX,short,,,630910666.0,616632849.0220758,,,,0.000475,,6781.963064514008,3582846.242890172,TP1,,,,,,,,,
2026-09-23T14:16:00.787661+00:00,open,,ETHIRT,ICT/SMC Scalp Pro,long,,,614241122.5,,608504897.5700095,622845459.8949857,631449797.2899716,0.000325,200000.0,,,,,,,,,,,,
2026-09-23T14:16:02.815930+00:00,close,,FLOKIIRT,ICT/SMC Scalp Pro,short,,,6.945935,6.559593892696928,,,,14396.9,,5562.114287731598,3588408.357177904,TP2,,,,,,,,,
2026-09-23T14:16:06.272650+00:00,open,,FLOKIIRT,ICT/SMC Scalp Pro,long,,,6.412235000000001,,6.233083329025391,6.680962506461916,6.94969001292383,31190.3,200000.0,,,,,,,,,,,,
2026-09-23T14:16:45.888707+00:00,close,,GRAMIRT,ICT/SMC Scalp Pro,short,,,335379.0,327067.16945735656,,,,0.29817,,2478.338512899994,3590886.6956908037,TP2,,,,,,,,,
2026-09-23T14:16:57.179529+00:00,close,,HBARIRT,Supertrend+ADX,short,,,22191.0,20960.789772820244,,,,13.5189,,16631.089040220402,3607517.784731024,TP1,,,,,,,,,
2026-09-23T14:17:00.684981+00:00,close,,HBARIRT,ICT/SMC Scalp Pro,short,,,22589.0,21233.90303796672,,,,4.4269,,5998.878741225127,3613516.663472249,TP2,,,,,,,,,
2026-09-23T14:17:04.563870+00:00,close,,LINKIRT,Supertrend+ADX,long,,,2940017.0,2872660.599196543,,,,0.102,,-6870.352881952616,3606646.3105902965,SL,,,,,,,,,
2026-09-23T14:17:05.063870+00:00,close,,LINKIRT,Supertrend+ADX,long,,,2940017.0,2872660.599196543,,,,0.102,,-6870.352881952616,3599775.957708344,SL,,,,,,,,,
2026-09-23T14:17:06.974992+00:00,close,,LINKIRT,ICT/SMC Scalp Pro,long,,,2913775.5,2879690.046928436,,,,0.0343,,-1169.131040354644,3598606.826667989,SL,,,,,,,,,
2026-09-23T14:17:07.474992+00:00,close,,LINKIRT,ICT/SMC Scalp Pro,long,,,2913775.5,2879690.046928436,,,,0.0343,,-1169.131040354644,3597437.6956276344,SL,,,,,,,,,
2026-09-23T14:17:13.991810+00:00,close,,PEPEIRT,ICT/SMC Scalp Pro,short,,,1.197375,1.0663158770321692,,,,83516.0,,10945.53371378136,3608383.2293414157,TP2,,,,,,,,,
2026-09-23T14:17:20.929569+00:00,open,,SEIIRT,Supertrend+ADX,long,,,13470.0,,12747.460790591802,14553.808814112295,15637.617628224596,44.5,600000.0,,,,,,,,,,,,
2026-09-23T14:17:26.661637+00:00,close,,SOLIRT,ICT/SMC Scalp Pro,short,,,27120729.5,26505474.404171303,,,,0.004,,2461.0203833147884,3610844.2497247304,TP2,,,,,,,,,
2026-09-23T14:17:33.093729+00:00,close,,SUIIRT,Supertrend+ADX,short,,,233609.5,221380.2409856856,,,,1.2841,,15703.591500281109,3626547.8412250113,TP1,,,,,,,,,
2026-09-23T14:17:35.155162+00:00,close,,SUIIRT,ICT/SMC Scalp Pro,long,,,227661.0,227661.0,,,,0.4392,,0.0,3626547.8412250113,SL,,,,,,,,,
2026-09-23T14:17:43.112889+00:00,close,,TRBIRT,ICT/SMC Scalp Pro,short,,,4711623.0,4475081.082594992,,,,0.0212,,5014.688648986177,3631562.5298739974,TP2,,,,,,,,,
2026-09-23T14:17:51.093163+00:00,open,,TRXIRT,ICT/SMC Scalp Pro,long,,,78297.5,,78086.17764678376,78614.48352982436,78931.46705964873,2.55,200000.0,,,,,,,,,,,,
2026-09-23T14:17:57.697364+00:00,close,,WIFIRT,ICT/SMC Scalp Pro,short,,,58926.5,55230.643817185664,,,,1.69,,6245.996948956227,3637808.5268229535,TP1,,,,,,,,,
2026-09-23T14:31:09.667671+00:00,open,,DOGEIRT,ICT/SMC Scalp Pro,long,,,21583.0,,21063.60502095434,22362.092468568488,23141.18493713698,9.26,200000.0,,,,,,,,,,,,
2026-09-23T14:31:42.158190+00:00,open,,LINKIRT,ICT/SMC Scalp Pro,long,,,2810118.0,,2755228.0724177225,2892452.8913734164,2974787.7827468324,0.0711,200000.0,,,,,,,,,,,,
2026-09-23T14:31:46.857818+00:00,open,,NOTIRT,ICT/SMC Scalp Pro,long,,,109.45,,107.1944668639538,112.83329970406928,116.2165994081386,1827.3,200000.0,,,,,,,,,,,,
2026-09-23T14:31:56.632113+00:00,open,,SHIBIRT,ICT/SMC Scalp Pro,long,,,1.29045,,1.25776283458115,1.3394807481282751,1.3885114962565503,154984.6,200000.0,,,,,,,,,,,,
2026-09-23T14:32:05.279827+00:00,open,,SOLIRT,ICT/SMC Scalp Pro,long,,,26073526.0,,25717756.19633058,26607180.705504127,27140835.41100826,0.007,200000.0,,,,,,,,,,,,
2026-09-23T14:32:12.861322+00:00,close,,TIAIRT,ICT/SMC Scalp Pro,short,,,120914.0,111390.37998555345,,,,0.827,,7876.0337519473,3645684.560574901,TP2,,,,,,,,,
2026-09-23T14:32:20.412985+00:00,close,,TRXIRT,ICT/SMC Scalp Pro,long,,,78297.5,78086.17764678376,,,,1.27,,-268.3793885846215,3645416.181186316,SL,,,,,,,,,
2026-09-23T14:32:20.912985+00:00,close,,TRXIRT,ICT/SMC Scalp Pro,long,,,78297.5,78086.17764678376,,,,1.27,,-268.3793885846215,3645147.8017977313,SL,,,,,,,,,
2026-09-23T14:32:24.983921+00:00,open,,TRXIRT,ICT/SMC Scalp Pro,long,,,78144.5,,77927.74598244358,78469.63102633464,78794.76205266928,2.55,200000.0,,,,,,,,,,,,
2026-09-23T14:32:34.899574+00:00,open,,XLMIRT,ICT/SMC Scalp Pro,long,,,47068.25,,46121.13780330328,48488.91829504508,49909.58659009016,4.2491,200000.0,,,,,,,,,,,,
2026-09-23T14:46:44.450773+00:00,close,,TRXIRT,ICT/SMC Scalp Pro,long,,,78144.5,77927.74598244358,,,,1.27,,-275.2776022966545,3644872.5241954345,SL,,,,,,,,,
2026-09-23T14:46:44.950773+00:00,close,,TRXIRT,ICT/SMC Scalp Pro,long,,,78144.5,77927.74598244358,,,,1.27,,-275.2776022966545,3644597.2465931377,SL,,,,,,,,,
2026-09-23T15:30:59.842624+00:00,open,,DOGSIRT,ICT/SMC Scalp Pro,long,,,10.84,,10.605412574056764,11.191881138914852,11.543762277829709,18450.1,200000.0,,,,,,,,,,,,
2026-09-23T15:46:05.909015+00:00,close,,GRAMIRT,Supertrend+ADX,short,,,331236.0,321626.81663453975,,,,0.90569,,8702.941282263695,3653300.187875401,TP1,,,,,,,,,
2026-09-23T15:46:16.844490+00:00,close,,NOTIRT,ICT/SMC Scalp Pro,long,,,109.45,107.1944668639538,,,,913.6,,-2060.655073091805,3651239.5328023094,SL,,,,,,,,,
2026-09-23T15:46:17.344490+00:00,close,,NOTIRT,ICT/SMC Scalp Pro,long,,,109.45,107.1944668639538,,,,913.6,,-2060.655073091805,3649178.8777292175,SL,,,,,,,,,
2026-09-23T15:46:40.774613+00:00,open,,TRBIRT,ICT/SMC Scalp Pro,long,,,4306093.5,,4203595.00969164,4459841.235462541,4613588.970925082,0.0464,200000.0,,,,,,,,,,,,
2026-09-23T16:01:03.797829+00:00,open,,BTCIRT,ICT/SMC Scalp Pro,long,,,19250140428.0,,19105748306.993538,19466728609.50969,19683316791.01938,1.038e-05,200000.0,,,,,,,,,,,,
2026-09-23T16:01:17.877320+00:00,close,,ETHIRT,ICT/SMC Scalp Pro,long,,,614241122.5,608504897.5700095,,,,0.000162,,-929.268438658466,3648249.609290559,SL,,,,,,,,,
2026-09-23T16:01:18.377320+00:00,close,,ETHIRT,ICT/SMC Scalp Pro,long,,,614241122.5,608504897.5700095,,,,0.000162,,-929.268438658466,3647320.3408519,SL,,,,,,,,,
2026-09-23T16:01:22.177013+00:00,close,,FLOKIIRT,ICT/SMC Scalp Pro,long,,,6.412235000000001,6.233083329025391,,,,15595.1,,-2793.888224016143,3644526.452627884,SL,,,,,,,,,
2026-09-23T16:01:22.677013+00:00,close,,FLOKIIRT,ICT/SMC Scalp Pro,long,,,6.412235000000001,6.233083329025391,,,,15595.1,,-2793.888224016143,3641732.5644038683,SL,,,,,,,,,
2026-09-23T16:02:03.697845+00:00,close,,WIFIRT,ICT/SMC Scalp Pro,short,,,58926.5,51534.78763437133,,,,1.7,,12565.91102156874,3654298.475425437,TP2,,,,,,,,,
2026-09-23T16:15:45.625123+00:00,close,,DOGEIRT,ICT/SMC Scalp Pro,long,,,21583.0,21063.60502095434,,,,4.63,,-2404.79875298141,3651893.676672456,SL,,,,,,,,,
2026-09-23T16:15:46.125123+00:00,close,,DOGEIRT,ICT/SMC Scalp Pro,long,,,21583.0,21063.60502095434,,,,4.63,,-2404.79875298141,3649488.8779194746,SL,,,,,,,,,
2026-09-23T16:15:51.304879+00:00,close,,DOGSIRT,ICT/SMC Scalp Pro,long,,,10.84,10.605412574056764,,,,9225.0,,-2164.069004326349,3647324.8089151485,SL,,,,,,,,,
2026-09-23T16:15:51.804879+00:00,close,,DOGSIRT,ICT/SMC Scalp Pro,long,,,10.84,10.605412574056764,,,,9225.0,,-2164.069004326349,3645160.7399108224,SL,,,,,,,,,
2026-09-23T16:16:43.266380+00:00,close,,XLMIRT,ICT/SMC Scalp Pro,long,,,47068.25,46121.13780330328,,,,2.1245,,-2012.139861882178,3643148.60004894,SL,,,,,,,,,
2026-09-23T16:16:43.660598+00:00,close,,XLMIRT,ICT/SMC Scalp Pro,long,,,47068.25,46121.13780330328,,,,2.1246,,-2012.234573101848,3641136.3654758385,SL,,,,,,,,,
2026-09-23T18:01:11.901872+00:00,open,,DOGSIRT,ICT/SMC Scalp Pro,long,,,10.88,,10.676063491479038,11.18590476278144,11.491809525562884,18382.3,200000.0,,,,,,,,,,,,
2026-09-23T19:45:39.611213+00:00,close,,BTCIRT,ICT/SMC Scalp Pro,long,,,19250140428.0,19466728609.50969,,,,5.19e-06,,1124.0926620352875,3642260.458137874,TP1,,,,,,,,,
2026-09-23T21:01:20.277863+00:00,open,,GRAMIRT,ICT/SMC Scalp Pro,long,,,326475.5,,323566.80930109567,330838.5360483565,335201.57209671295,0.6126,200000.0,,,,,,,,,,,,
2026-09-23T22:16:20.044711+00:00,close,,SOLIRT,ICT/SMC Scalp Pro,long,,,26073526.0,26607180.705504127,,,,0.003,,1600.9641165123803,3643861.4222543864,TP1,,,,,,,,,
2026-09-23T22:31:39.779708+00:00,open,,XLMIRT,ICT/SMC Scalp Pro,long,,,46582.75,,46003.58719039161,47451.494214412574,48320.23842882515,4.2934,200000.0,,,,,,,,,,,,
2026-09-23T23:15:47.422671+00:00,open,,DOGEIRT,ICT/SMC Scalp Pro,short,,,21395.5,,21640.3680132195,21028.19798017076,20660.895960341502,9.34,200000.0,,,,,,,,,,,,
2026-09-23T23:50:49.286957+00:00,open,,ARBIRT,ICT/SMC Scalp Pro,long,,,49755.5,,48887.76271031336,51057.10593452994,52358.71186905991,4.0196,200000.0,,,,,,,,,,,,
2026-09-24T00:16:03.353060+00:00,open,,HBARIRT,ICT/SMC Scalp Pro,long,,,20819.5,,20587.683894444646,21167.224158333032,21514.948316666058,9.6063,200000.0,,,,,,,,,,,,
2026-09-24T01:31:31.862181+00:00,open,,TIAIRT,ICT/SMC Scalp Pro,short,,,106798.0,,108544.07231970702,104178.89152043949,101559.78304087896,1.8726,200000.0,,,,,,,,,,,,
2026-09-24T01:45:59.178496+00:00,open,,ETHIRT,ICT/SMC Scalp Pro,long,,,619737676.5,,616431100.1187521,624697541.0718718,629657405.6437435,0.000322,200000.0,,,,,,,,,,,,
2026-09-24T01:46:32.987595+00:00,open,,SUIIRT,ICT/SMC Scalp Pro,long,,,220955.5,,218069.56075869343,225284.40886195985,229613.31772391964,0.9051,200000.0,,,,,,,,,,,,
2026-09-24T02:45:48.691318+00:00,close,,DOGEIRT,ICT/SMC Scalp Pro,short,,,21395.5,21640.3680132195,,,,4.67,,-1143.533621735067,3642717.8886326514,SL,,,,,,,,,
2026-09-24T02:45:49.191318+00:00,close,,DOGEIRT,ICT/SMC Scalp Pro,short,,,21395.5,21640.3680132195,,,,4.67,,-1143.533621735067,3641574.3550109165,SL,,,,,,,,,
2026-09-24T02:46:34.600288+00:00,close,,TIAIRT,ICT/SMC Scalp Pro,short,,,106798.0,108544.07231970702,,,,0.9363,,-1634.847512941681,3639939.5074979747,SL,,,,,,,,,
2026-09-24T02:46:35.100288+00:00,close,,TIAIRT,ICT/SMC Scalp Pro,short,,,106798.0,108544.07231970702,,,,0.9363,,-1634.847512941681,3638304.659985033,SL,,,,,,,,,
2026-09-24T02:46:38.916178+00:00,open,,TIAIRT,ICT/SMC Scalp Pro,short,,,109350.5,,111276.80874375904,106461.03688436144,103571.57376872288,1.8289,200000.0,,,,,,,,,,,,
2026-09-24T02:46:48.395621+00:00,open,,WIFIRT,ICT/SMC Scalp Pro,short,,,57479.0,,58585.79284060276,55818.81073909586,54158.62147819172,3.47,200000.0,,,,,,,,,,,,
2026-09-24T03:46:32.804028+00:00,close,,WIFIRT,ICT/SMC Scalp Pro,short,,,57479.0,55818.81073909586,,,,1.73,,2872.12742136416,3641176.787406397,TP1,,,,,,,,,
2026-09-24T05:01:17.210172+00:00,open,,FLOKIIRT,ICT/SMC Scalp Pro,long,,,6.371275,,6.284262779271252,6.501793331093121,6.632311662186243,31390.8,200000.0,,,,,,,,,,,,
2026-09-24T05:01:51.013920+00:00,close,,TRBIRT,ICT/SMC Scalp Pro,long,,,4306093.5,4459841.235462541,,,,0.0232,,3566.947462730945,3644743.734869128,TP1,,,,,,,,,
2026-09-24T05:16:10.800416+00:00,close,,HBARIRT,ICT/SMC Scalp Pro,long,,,20819.5,21167.224158333032,,,,4.8031,,1670.1539048893878,3646413.8887740173,TP1,,,,,,,,,
2026-09-24T05:16:30.373877+00:00,close,,SUIIRT,ICT/SMC Scalp Pro,long,,,220955.5,225284.40886195985,,,,0.4525,,1958.831260036818,3648372.720034054,TP1,,,,,,,,,
2026-09-24T05:16:35.606633+00:00,open,,TIAIRT,Supertrend+ADX,short,,,111142.5,,116145.65836561462,103637.76245157806,96133.02490315613,5.3984,600000.0,,,,,,,,,,,,
2026-09-24T05:31:06.713650+00:00,close,,GRAMIRT,ICT/SMC Scalp Pro,long,,,326475.5,330838.5360483565,,,,0.3063,,1336.3979416115965,3649709.1179756657,TP1,,,,,,,,,
2026-09-24T06:01:13.578151+00:00,close,,GRAMIRT,Supertrend+ADX,short,,,331236.0,331236.0,,,,0.9057,,-0.0,3649709.1179756657,SL,,,,,,,,,
2026-09-24T06:31:06.712542+00:00,close,,ETHIRT,ICT/SMC Scalp Pro,long,,,619737676.5,624697541.0718718,,,,0.000161,,798.538196071353,3650507.6561717372,TP1,,,,,,,,,
2026-09-24T06:31:41.616394+00:00,close,,TIAIRT,ICT/SMC Scalp Pro,short,,,109350.5,111276.80874375904,,,,0.9144,,-1761.4167152932696,3648746.239456444,SL,,,,,,,,,
2026-09-24T06:31:41.956814+00:00,close,,TIAIRT,ICT/SMC Scalp Pro,short,,,109350.5,111276.80874375904,,,,0.9145,,-1761.6093461676455,3646984.6301102764,SL,,,,,,,,,
2026-09-24T07:31:04.932625+00:00,close,,FLOKIIRT,ICT/SMC Scalp Pro,long,,,6.371275,6.501793331093121,,,,15695.4,,2048.537413838976,3649033.167524115,TP1,,,,,,,,,
2026-09-24T07:31:17.440920+00:00,close,,LINKIRT,ICT/SMC Scalp Pro,long,,,2810118.0,2892452.8913734164,,,,0.0355,,2922.8886437562824,3651956.0561678717,TP1,,,,,,,,,
2026-09-24T07:31:52.832460+00:00,close,,XLMIRT,ICT/SMC Scalp Pro,long,,,46582.75,47451.494214412574,,,,2.1467,,1864.9332050794733,3653820.989372951,TP1,,,,,,,,,
2026-09-24T07:45:41.067244+00:00,close,,BTCIRT,ICT/SMC Scalp Pro,long,,,19250140428.0,19683316791.01938,,,,5.19e-06,,2248.1853240705755,3656069.1746970215,TP2,,,,,,,,,
2026-09-24T07:46:25.482217+00:00,close,,SHIBIRT,ICT/SMC Scalp Pro,long,,,1.29045,1.3394807481282751,,,,77492.3,,3799.505443180744,3659868.6801402024,TP1,,,,,,,,,
2026-09-24T08:01:10.879915+00:00,close,,ETHIRT,Supertrend+ADX,short,,,630910666.0,630910666.0,,,,0.000476,,-0.0,3659868.6801402024,SL,,,,,,,,,
2026-09-24T08:01:12.990198+00:00,close,,ETHIRT,ICT/SMC Scalp Pro,long,,,619737676.5,629657405.6437435,,,,0.000161,,1597.076392142706,3661465.756532345,TP2,,,,,,,,,
2026-09-24T08:16:39.068158+00:00,open,,TRXIRT,Supertrend+ADX,long,,,79762.5,,79166.03944595934,80657.190831061,81551.881662122,7.52,600000.0,,,,,,,,,,,,
2026-09-24T08:31:37.582058+00:00,open,,BTCIRT,ICT/SMC Scalp Pro,long,,,19571631124.5,,19472574781.476093,19720215639.035866,19868800153.571728,1.021e-05,200000.0,,,,,,,,,,,,
2026-09-24T08:31:46.298659+00:00,open,,DOGEIRT,ICT/SMC Scalp Pro,long,,,21918.0,,21684.42779890518,22268.35830164223,22618.71660328446,9.12,200000.0,,,,,,,,,,,,
2026-09-24T08:31:57.921600+00:00,open,,ETHIRT,ICT/SMC Scalp Pro,long,,,623819459.5,,620111487.059511,629381418.1607336,634943376.821467,0.00032,200000.0,,,,,,,,,,,,
2026-09-24T08:33:01.405178+00:00,open,,XRPIRT,ICT/SMC Scalp Pro,long,,,348518.5,,345039.91536533734,353736.376951994,358954.25390398805,0.5,200000.0,,,,,,,,,,,,
2026-09-24T08:45:39.547317+00:00,open,,ADAIRT,ICT/SMC Scalp Pro,long,,,55699.0,,55028.29905227185,56705.05142159223,57711.10284318446,3.590728,200000.0,,,,,,,,,,,,
2026-09-24T09:01:20.828278+00:00,close,,FLOKIIRT,ICT/SMC Scalp Pro,long,,,6.371275,6.371275,,,,15695.4,,0.0,3661465.756532345,SL,,,,,,,,,
2026-09-24T09:02:02.183902+00:00,open,,TRXIRT,ICT/SMC Scalp Pro,long,,,79629.5,,79406.44183065605,79964.08725401592,80298.6745080318,2.51,200000.0,,,,,,,,,,,,
2026-09-24T09:16:52.864046+00:00,close,,TRXIRT,ICT/SMC Scalp Pro,long,,,79629.5,79406.44183065605,,,,1.25,,-278.8227116799317,3661186.933820665,SL,,,,,,,,,
2026-09-24T09:16:53.364046+00:00,close,,TRXIRT,ICT/SMC Scalp Pro,long,,,79629.5,79406.44183065605,,,,1.25,,-278.8227116799317,3660908.111108985,SL,,,,,,,,,
2026-09-24T09:16:57.079103+00:00,open,,TRXIRT,ICT/SMC Scalp Pro,long,,,79599.0,,79373.7162899345,79936.92556509825,80274.8511301965,2.51,200000.0,,,,,,,,,,,,
2026-09-24T09:17:01.894184+00:00,close,,XLMIRT,ICT/SMC Scalp Pro,long,,,46582.75,46582.75,,,,2.1467,,0.0,3660908.111108985,SL,,,,,,,,,
2026-09-24T09:17:05.991360+00:00,close,,XRPIRT,ICT/SMC Scalp Pro,long,,,348518.5,345039.91536533734,,,,0.2,,-695.7169269325328,3660212.3941820525,SL,,,,,,,,,
2026-09-24T09:17:06.386866+00:00,close,,XRPIRT,ICT/SMC Scalp Pro,long,,,348518.5,345039.91536533734,,,,0.3,,-1043.575390398799,3659168.8187916535,SL,,,,,,,,,
2026-09-24T09:17:09.428868+00:00,open,,XRPIRT,ICT/SMC Scalp Pro,long,,,343877.0,,339899.2614885547,349843.6077671679,355810.2155343358,0.5,200000.0,,,,,,,,,,,,
2026-09-24T09:30:44.979654+00:00,close,,ADAIRT,ICT/SMC Scalp Pro,long,,,55699.0,55028.29905227185,,,,1.795364,,-1204.1523363170086,3657964.6664553364,SL,,,,,,,,,
2026-09-24T09:30:45.479654+00:00,close,,ADAIRT,ICT/SMC Scalp Pro,long,,,55699.0,55028.29905227185,,,,1.795364,,-1204.1523363170086,3656760.5141190193,SL,,,,,,,,,
2026-09-24T09:30:58.885661+00:00,close,,DOGEIRT,ICT/SMC Scalp Pro,long,,,21918.0,21684.42779890518,,,,4.56,,-1065.089236992376,3655695.424882027,SL,,,,,,,,,
2026-09-24T09:30:59.385661+00:00,close,,DOGEIRT,ICT/SMC Scalp Pro,long,,,21918.0,21684.42779890518,,,,4.56,,-1065.089236992376,3654630.3356450344,SL,,,,,,,,,
2026-09-24T09:31:36.828713+00:00,open,,SHIBIRT,Supertrend+ADX,long,,,1.3086,,1.2718416874245115,1.3637374688632329,1.4188749377264651,458505.2,600000.0,,,,,,,,,,,,
2026-09-24T09:31:42.341303+00:00,close,,SUIIRT,ICT/SMC Scalp Pro,long,,,220955.5,220955.5,,,,0.4526,,0.0,3654630.3356450344,SL,,,,,,,,,
2026-09-24T09:31:53.849763+00:00,open,,TIAIRT,ICT/SMC Scalp Pro,long,,,106282.5,,103960.05121314556,109766.17318028168,113249.84636056336,1.8817,200000.0,,,,,,,,,,,,
2026-09-24T09:32:08.961693+00:00,open,,XLMIRT,ICT/SMC Scalp Pro,long,,,46311.95,,45802.38231986304,47076.30152020543,47840.65304041087,4.3185,200000.0,,,,,,,,,,,,
2026-09-24T09:45:43.513527+00:00,close,,BTCIRT,ICT/SMC Scalp Pro,long,,,19571631124.5,19472574781.476093,,,,5.1e-06,,-505.1873494219242,3654125.1482956125,SL,,,,,,,,,
2026-09-24T09:45:43.882675+00:00,close,,BTCIRT,ICT/SMC Scalp Pro,long,,,19571631124.5,19472574781.476093,,,,5.11e-06,,-506.1779128521633,3653618.9703827603,SL,,,,,,,,,
2026-09-24T09:45:47.765893+00:00,open,,BTCIRT,ICT/SMC Scalp Pro,long,,,19476746743.5,,19361817726.266304,19649140269.350548,19821533795.201088,1.026e-05,200000.0,,,,,,,,,,,,
2026-09-24T09:45:56.952736+00:00,close,,ETHIRT,ICT/SMC Scalp Pro,long,,,623819459.5,620111487.059511,,,,0.00016,,-593.2755904782487,3653025.694792282,SL,,,,,,,,,
2026-09-24T09:45:57.452736+00:00,close,,ETHIRT,ICT/SMC Scalp Pro,long,,,623819459.5,620111487.059511,,,,0.00016,,-593.2755904782487,3652432.4192018034,SL,,,,,,,,,
2026-09-24T09:46:11.489775+00:00,close,,HBARIRT,ICT/SMC Scalp Pro,long,,,20819.5,20819.5,,,,4.8031,,0.0,3652432.4192018034,SL,,,,,,,,,
2026-09-24T09:46:45.748516+00:00,close,,TRXIRT,ICT/SMC Scalp Pro,long,,,79599.0,79373.7162899345,,,,1.25,,-281.6046375818769,3652150.8145642215,SL,,,,,,,,,
2026-09-24T09:46:46.248516+00:00,close,,TRXIRT,ICT/SMC Scalp Pro,long,,,79599.0,79373.7162899345,,,,1.25,,-281.6046375818769,3651869.2099266397,SL,,,,,,,,,
2026-09-24T10:02:03.386261+00:00,close,,TRXIRT,Supertrend+ADX,long,,,79762.5,79166.03944595934,,,,3.76,,-2242.691683192892,3649626.518243447,SL,,,,,,,,,
2026-09-24T10:02:03.886261+00:00,close,,TRXIRT,Supertrend+ADX,long,,,79762.5,79166.03944595934,,,,3.76,,-2242.691683192892,3647383.826560254,SL,,,,,,,,,
2026-09-24T10:02:11.687898+00:00,close,,WIFIRT,ICT/SMC Scalp Pro,short,,,57479.0,54158.62147819172,,,,1.74,,5777.458627946403,3653161.2851882004,TP2,,,,,,,,,
2026-09-24T10:16:52.066022+00:00,close,,XRPIRT,ICT/SMC Scalp Pro,long,,,343877.0,339899.2614885547,,,,0.2,,-795.5477022890584,3652365.737485911,SL,,,,,,,,,
2026-09-24T10:16:52.547281+00:00,close,,XRPIRT,ICT/SMC Scalp Pro,long,,,343877.0,339899.2614885547,,,,0.3,,-1193.3215534335875,3651172.4159324775,SL,,,,,,,,,
2026-09-24T10:30:47.624768+00:00,open,,ADAIRT,ICT/SMC Scalp Pro,long,,,54837.5,,54130.32031746301,55898.26952380548,56959.03904761096,3.647139,200000.0,,,,,,,,,,,,
2026-09-24T11:46:09.598155+00:00,close,,GRAMIRT,ICT/SMC Scalp Pro,long,,,326475.5,326475.5,,,,0.3063,,0.0,3651172.4159324775,SL,,,,,,,,,
2026-09-24T13:30:48.084348+00:00,close,,ADAIRT,ICT/SMC Scalp Pro,long,,,54837.5,55898.26952380548,,,,1.823569,,1934.386419756436,3653106.802352234,TP1,,,,,,,,,
2026-09-24T13:31:39.073487+00:00,close,,TIAIRT,ICT/SMC Scalp Pro,long,,,106282.5,109766.17318028168,,,,0.9408,,3277.439728009004,3656384.242080243,TP1,,,,,,,,,
2026-09-24T13:31:49.289116+00:00,close,,XLMIRT,ICT/SMC Scalp Pro,long,,,46311.95,47076.30152020543,,,,2.1592,,1650.3878024275712,3658034.6298826705,TP1,,,,,,,,,
2026-09-24T13:45:40.113806+00:00,close,,ARBIRT,ICT/SMC Scalp Pro,long,,,49755.5,51057.10593452994,,,,2.0098,,2615.9676072182806,3660650.597489889,TP1,,,,,,,,,
2026-09-24T13:45:44.067305+00:00,close,,BTCIRT,ICT/SMC Scalp Pro,long,,,19476746743.5,19649140269.350548,,,,5.13e-06,,884.3787876133101,3661534.9762775023,TP1,,,,,,,,,
2026-09-24T14:01:41.630482+00:00,open,,SUIIRT,ICT/SMC Scalp Pro,short,,,231669.0,,234939.95668940945,226762.56496588583,221856.1299317717,0.8633,200000.0,,,,,,,,,,,,
2026-09-24T14:15:38.238019+00:00,close,,ADAIRT,ICT/SMC Scalp Pro,long,,,54837.5,56959.03904761096,,,,1.82357,,3868.774961051919,3665403.7512385543,TP2,,,,,,,,,
2026-09-24T14:16:24.926891+00:00,close,,SUIIRT,Supertrend+ADX,short,,,233609.5,233609.5,,,,1.2841,,-0.0,3665403.7512385543,SL,,,,,,,,,
2026-09-24T14:16:27.710544+00:00,close,,SUIIRT,ICT/SMC Scalp Pro,short,,,231669.0,234939.95668940945,,,,0.4316,,-1411.744907149117,3663992.006331405,SL,,,,,,,,,
2026-09-24T14:16:28.240789+00:00,close,,SUIIRT,ICT/SMC Scalp Pro,short,,,231669.0,234939.95668940945,,,,0.4317,,-1412.0720028180576,3662579.9343285873,SL,,,,,,,,,
2026-09-24T14:16:38.188794+00:00,close,,TRBIRT,ICT/SMC Scalp Pro,long,,,4306093.5,4613588.970925082,,,,0.0232,,7133.894925461913,3669713.8292540493,TP2,,,,,,,,,
2026-09-24T14:16:44.932724+00:00,close,,XLMIRT,ICT/SMC Scalp Pro,long,,,46311.95,47840.65304041087,,,,2.1593,,3300.9284751591995,3673014.7577292086,TP2,,,,,,,,,
2026-09-24T14:16:49.018763+00:00,open,,XLMIRT,ICT/SMC Scalp Pro,long,,,48060.95,,47527.11582240252,48861.701266396216,49662.45253279244,4.1613,200000.0,,,,,,,,,,,,
2026-09-24T14:30:53.670783+00:00,close,,BTCIRT,ICT/SMC Scalp Pro,long,,,19476746743.5,19821533795.201088,,,,5.13e-06,,1768.7575752265811,3674783.515304435,TP2,,,,,,,,,
2026-09-24T14:31:03.592685+00:00,close,,DOGSIRT,ICT/SMC Scalp Pro,long,,,10.88,11.18590476278144,,,,9191.1,,2811.6012652005074,3677595.1165696355,TP1,,,,,,,,,
2026-09-24T14:31:18.529559+00:00,open,,HBARIRT,ICT/SMC Scalp Pro,short,,,22069.5,,22391.572140863795,21586.391788704303,21103.283577408616,9.0622,200000.0,,,,,,,,,,,,
2026-09-24T14:31:43.407915+00:00,close,,SOLIRT,ICT/SMC Scalp Pro,long,,,26073526.0,27140835.41100826,,,,0.004,,4269.2376440330445,3681864.3542136685,TP2,,,,,,,,,
2026-09-24T14:31:50.094972+00:00,open,,SUIIRT,ICT/SMC Scalp Pro,short,,,237255.0,,241260.8141491198,231246.2787763203,225237.5575526406,0.8429,200000.0,,,,,,,,,,,,
2026-09-24T14:31:55.023009+00:00,close,,TIAIRT,ICT/SMC Scalp Pro,long,,,106282.5,113249.84636056336,,,,0.9409,,6555.576190654077,3688419.9304043227,TP2,,,,,,,,,
2026-09-24T14:31:58.450433+00:00,open,,TIAIRT,ICT/SMC Scalp Pro,short,,,114780.0,,117053.60410698924,111369.59383951616,107959.18767903231,1.7424,200000.0,,,,,,,,,,,,
2026-09-24T14:32:05.223598+00:00,open,,TRBIRT,ICT/SMC Scalp Pro,short,,,4728201.5,,4812993.602575884,4601013.346136174,4473825.192272347,0.0422,200000.0,,,,,,,,,,,,
2026-09-24T14:32:09.683265+00:00,open,,WIFIRT,Supertrend+ADX,short,,,56456.0,,59107.713151991775,52478.43027201233,48500.860544024654,10.62,600000.0,,,,,,,,,,,,
2026-09-24T14:32:12.391731+00:00,close,,XLMIRT,ICT/SMC Scalp Pro,long,,,48060.95,48861.701266396216,,,,2.0806,,1666.043084863973,3690085.9734891867,TP1,,,,,,,,,
2026-09-24T14:45:58.657614+00:00,close,,HBARIRT,Supertrend+ADX,short,,,22191.0,22191.0,,,,13.519,,-0.0,3690085.9734891867,SL,,,,,,,,,
2026-09-24T14:46:05.198408+00:00,close,,LINKIRT,ICT/SMC Scalp Pro,long,,,2810118.0,2974787.7827468324,,,,0.0356,,5862.244265787232,3695948.217754974,TP2,,,,,,,,,
2026-09-24T14:46:19.353773+00:00,close,,SHIBIRT,Supertrend+ADX,long,,,1.3086,1.3637374688632329,,,,229252.6,,12640.408094315137,3708588.6258492894,TP1,,,,,,,,,
2026-09-24T15:01:42.041197+00:00,close,,SUIIRT,ICT/SMC Scalp Pro,short,,,237255.0,231246.2787763203,,,,0.4214,,2532.075123658622,3711120.7009729478,TP1,,,,,,,,,
2026-09-24T15:01:56.955162+00:00,open,,TRXIRT,ICT/SMC Scalp Pro,long,,,79576.0,,79359.08407435329,79901.37388847006,80226.7477769401,2.51,200000.0,,,,,,,,,,,,
2026-09-24T15:02:04.738062+00:00,close,,XLMIRT,ICT/SMC Scalp Pro,long,,,48060.95,48060.95,,,,2.0806,,0.0,3711120.7009729478,SL,,,,,,,,,
2026-09-24T15:31:16.009157+00:00,close,,HBARIRT,ICT/SMC Scalp Pro,short,,,22069.5,21586.391788704303,,,,4.5311,,2189.011616201918,3713309.71258915,TP1,,,,,,,,,
2026-09-24T15:31:47.963737+00:00,close,,TRXIRT,ICT/SMC Scalp Pro,long,,,79576.0,79359.08407435329,,,,1.25,,-271.1449070583876,3713038.5676820916,SL,,,,,,,,,
2026-09-24T15:31:48.463737+00:00,close,,TRXIRT,ICT/SMC Scalp Pro,long,,,79576.0,79359.08407435329,,,,1.25,,-271.1449070583876,3712767.4227750334,SL,,,,,,,,,
2026-09-24T15:46:32.742982+00:00,close,,TRBIRT,ICT/SMC Scalp Pro,short,,,4728201.5,4812993.602575884,,,,0.0211,,-1789.1133643511566,3710978.3094106824,SL,,,,,,,,,
2026-09-24T15:46:33.242982+00:00,close,,TRBIRT,ICT/SMC Scalp Pro,short,,,4728201.5,4812993.602575884,,,,0.0211,,-1789.1133643511566,3709189.1960463314,SL,,,,,,,,,
2026-09-24T15:46:37.307014+00:00,open,,TRBIRT,ICT/SMC Scalp Pro,short,,,4878190.0,,4988385.436772672,4712896.844840991,4547603.689681983,0.0409,200000.0,,,,,,,,,,,,
2026-09-24T16:01:33.719192+00:00,open,,LINKIRT,ICT/SMC Scalp Pro,short,,,2989471.5,,3031408.388593011,2926566.167110484,2863660.834220968,0.0669,200000.0,,,,,,,,,,,,
2026-09-24T16:02:05.957122+00:00,open,,TRXIRT,ICT/SMC Scalp Pro,long,,,79609.0,,79385.53706661474,79944.19440007789,80279.38880015578,2.51,200000.0,,,,,,,,,,,,
2026-09-24T16:17:14.397063+00:00,open,,HBARIRT,Supertrend+ADX,long,,,21633.0,,20861.95652115429,22789.56521826856,23946.130436537125,27.7354,600000.0,,,,,,,,,,,,
2026-09-24T16:32:01.312567+00:00,open,,ADAIRT,ICT/SMC Scalp Pro,short,,,58317.0,,59401.107569224885,56690.83864616267,55064.67729232536,3.429531,200000.0,,,,,,,,,,,,
2026-09-24T16:32:58.478209+00:00,close,,SUIIRT,ICT/SMC Scalp Pro,short,,,237255.0,237255.0,,,,0.4215,,-0.0,3709189.1960463314,SL,,,,,,,,,
2026-09-24T16:33:02.969691+00:00,close,,TIAIRT,Supertrend+ADX,short,,,111142.5,116145.65836561462,,,,2.6992,,-13504.525060466996,3695684.6709858645,SL,,,,,,,,,
2026-09-24T16:33:03.469691+00:00,close,,TIAIRT,Supertrend+ADX,short,,,111142.5,116145.65836561462,,,,2.6992,,-13504.525060466996,3682180.1459253975,SL,,,,,,,,,
2026-09-24T16:33:13.936289+00:00,close,,TRXIRT,ICT/SMC Scalp Pro,long,,,79609.0,79385.53706661474,,,,1.25,,-279.3286667315806,3681900.817258666,SL,,,,,,,,,
2026-09-24T16:33:14.436289+00:00,close,,TRXIRT,ICT/SMC Scalp Pro,long,,,79609.0,79385.53706661474,,,,1.25,,-279.3286667315806,3681621.488591934,SL,,,,,,,,,
2026-09-24T16:33:18.806077+00:00,open,,TRXIRT,ICT/SMC Scalp Pro,long,,,79374.5,,79131.22718081578,79739.40922877632,80104.31845755264,2.51,200000.0,,,,,,,,,,,,
2026-09-24T16:33:25.871310+00:00,open,,XLMIRT,ICT/SMC Scalp Pro,short,,,49234.3,,50140.04749841154,47875.67875238269,46517.05750476538,4.0622,200000.0,,,,,,,,,,,,
2026-09-24T16:33:30.458112+00:00,open,,XRPIRT,ICT/SMC Scalp Pro,short,,,354138.5,,359080.6952235216,346725.20716471766,339311.91432943527,0.5,200000.0,,,,,,,,,,,,
2026-09-24T16:46:45.610930+00:00,close,,TRXIRT,ICT/SMC Scalp Pro,long,,,79374.5,79131.22718081578,,,,1.25,,-304.09102398027244,3681317.397567954,SL,,,,,,,,,
2026-09-24T16:46:46.110930+00:00,close,,TRXIRT,ICT/SMC Scalp Pro,long,,,79374.5,79131.22718081578,,,,1.25,,-304.09102398027244,3681013.3065439737,SL,,,,,,,,,
2026-09-24T16:46:50.511572+00:00,open,,TRXIRT,ICT/SMC Scalp Pro,long,,,79196.5,,78956.30368390148,79556.79447414778,79917.08894829555,2.52,200000.0,,,,,,,,,,,,
2026-09-24T17:01:37.254225+00:00,close,,SEIIRT,ICT/SMC Scalp Pro,short,,,14414.0,14414.0,,,,6.9,,-0.0,3681013.3065439737,SL,,,,,,,,,
2026-09-24T17:02:02.565248+00:00,close,,TRXIRT,ICT/SMC Scalp Pro,long,,,79196.5,79556.79447414778,,,,1.26,,453.971037426208,3681467.2775814,TP1,,,,,,,,,
2026-09-24T17:02:03.371281+00:00,close,,TRXIRT,ICT/SMC Scalp Pro,long,,,79196.5,79196.5,,,,1.26,,0.0,3681467.2775814,SL,,,,,,,,,
2026-09-24T17:32:00.677534+00:00,close,,TRBIRT,ICT/SMC Scalp Pro,short,,,4878190.0,4988385.436772672,,,,0.0204,,-2247.986910162518,3679219.2906712373,SL,,,,,,,,,
2026-09-24T17:32:01.177534+00:00,close,,TRBIRT,ICT/SMC Scalp Pro,short,,,4878190.0,4988385.436772672,,,,0.0204,,-2247.986910162518,3676971.303761075,SL,,,,,,,,,
2026-09-24T17:32:20.723369+00:00,close,,XRPIRT,ICT/SMC Scalp Pro,short,,,354138.5,359080.6952235216,,,,0.2,,-988.4390447043116,3675982.8647163706,SL,,,,,,,,,
2026-09-24T17:32:21.072671+00:00,close,,XRPIRT,ICT/SMC Scalp Pro,short,,,354138.5,359080.6952235216,,,,0.3,,-1482.6585670564673,3674500.206149314,SL,,,,,,,,,
2026-09-24T18:16:39.506849+00:00,close,,LINKIRT,ICT/SMC Scalp Pro,short,,,2989471.5,3031408.388593011,,,,0.0334,,-1400.6920790065697,3673099.5140703074,SL,,,,,,,,,
2026-09-24T18:16:39.949432+00:00,close,,LINKIRT,ICT/SMC Scalp Pro,short,,,2989471.5,3031408.388593011,,,,0.0335,,-1404.885767865871,3671694.6283024414,SL,,,,,,,,,
2026-09-24T18:16:44.674239+00:00,open,,LINKIRT,ICT/SMC Scalp Pro,short,,,3062544.0,,3115763.658983968,2982714.511524048,2902885.023048095,0.0653,200000.0,,,,,,,,,,,,
2026-09-24T18:31:48.707686+00:00,open,,FLOKIIRT,ICT/SMC Scalp Pro,short,,,6.6273,,6.737849498279468,6.461475752580799,6.295651505161596,30178.2,200000.0,,,,,,,,,,,,
2026-09-24T19:01:36.569599+00:00,close,,LINKIRT,ICT/SMC Scalp Pro,short,,,3062544.0,3115763.658983968,,,,0.0326,,-1734.960882877363,3669959.667419564,SL,,,,,,,,,
2026-09-24T19:01:37.022810+00:00,close,,LINKIRT,ICT/SMC Scalp Pro,short,,,3062544.0,3115763.658983968,,,,0.0327,,-1740.2828487757602,3668219.384570788,SL,,,,,,,,,
2026-09-24T20:01:44.160046+00:00,open,,SUIIRT,ICT/SMC Scalp Pro,short,,,238470.5,,243020.23314765736,231645.900278514,224821.30055702792,0.8386,200000.0,,,,,,,,,,,,
2026-09-24T21:02:48.833675+00:00,close,,SEIIRT,Supertrend+ADX,long,,,13470.0,14553.808814112295,,,,22.2,,24060.555673292994,3692279.940244081,TP1,,,,,,,,,
2026-09-24T21:31:52.950174+00:00,close,,XLMIRT,ICT/SMC Scalp Pro,short,,,49234.3,50140.04749841154,,,,2.0311,,-1839.6637440236784,3690440.2765000574,SL,,,,,,,,,
2026-09-24T21:31:53.450174+00:00,close,,XLMIRT,ICT/SMC Scalp Pro,short,,,49234.3,50140.04749841154,,,,2.0311,,-1839.6637440236784,3688600.612756034,SL,,,,,,,,,
2026-09-24T21:46:05.816553+00:00,close,,HBARIRT,ICT/SMC Scalp Pro,short,,,22069.5,22069.5,,,,4.5311,,-0.0,3688600.612756034,SL,,,,,,,,,
2026-09-24T22:31:12.459770+00:00,open,,GRAMIRT,Supertrend+ADX,long,,,330225.5,,324455.46656381304,338880.55015428044,347535.60030856094,1.81694,600000.0,,,,,,,,,,,,
2026-09-24T22:31:24.510333+00:00,open,,PEPEIRT,ICT/SMC Scalp Pro,long,,,1.030685,,1.012843048769564,1.057447926845654,1.0842108536913078,194045.7,200000.0,,,,,,,,,,,,
2026-09-24T23:45:40.882892+00:00,open,,BTCIRT,ICT/SMC Scalp Pro,long,,,19705363911.0,,19622035279.83626,19830356857.74561,19955349804.49122,1.014e-05,200000.0,,,,,,,,,,,,
2026-09-24T23:45:51.738347+00:00,open,,ETHIRT,ICT/SMC Scalp Pro,long,,,628459177.5,,625231017.1852059,633301417.9721911,638143658.4443823,0.000318,200000.0,,,,,,,,,,,,
2026-09-25T00:16:07.431726+00:00,open,,LINKIRT,ICT/SMC Scalp Pro,short,,,3119162.0,,3160994.626693371,3056413.059959944,2993664.119919887,0.0641,200000.0,,,,,,,,,,,,
2026-09-25T00:16:16.295833+00:00,open,,SEIIRT,ICT/SMC Scalp Pro,short,,,14729.0,,14975.620820463266,14359.0687693051,13989.1375386102,13.5,200000.0,,,,,,,,,,,,
2026-09-25T00:16:37.939930+00:00,open,,XLMIRT,ICT/SMC Scalp Pro,short,,,51410.5,,52205.93194025776,50217.35208961335,49024.2041792267,3.8902,200000.0,,,,,,,,,,,,
2026-09-25T00:16:40.985117+00:00,open,,XRPIRT,ICT/SMC Scalp Pro,short,,,361526.0,,365214.50043707096,355993.2493443935,350460.498688787,0.5,200000.0,,,,,,,,,,,,
2026-09-25T01:01:39.141776+00:00,close,,SUIIRT,ICT/SMC Scalp Pro,short,,,238470.5,243020.23314765736,,,,0.4193,,-1907.703108812731,3686692.909647221,SL,,,,,,,,,
2026-09-25T01:01:39.641776+00:00,close,,SUIIRT,ICT/SMC Scalp Pro,short,,,238470.5,243020.23314765736,,,,0.4193,,-1907.703108812731,3684785.2065384085,SL,,,,,,,,,
2026-09-25T01:16:10.503894+00:00,open,,HBARIRT,ICT/SMC Scalp Pro,short,,,21818.5,,22066.180847091186,21446.97872936322,21075.45745872644,9.1665,200000.0,,,,,,,,,,,,
2026-09-25T02:45:49.389890+00:00,close,,ETHIRT,ICT/SMC Scalp Pro,long,,,628459177.5,625231017.1852059,,,,0.000159,,-513.2774900522561,3684271.929048356,SL,,,,,,,,,
2026-09-25T02:45:49.889890+00:00,close,,ETHIRT,ICT/SMC Scalp Pro,long,,,628459177.5,625231017.1852059,,,,0.000159,,-513.2774900522561,3683758.6515583037,SL,,,,,,,,,
2026-09-25T02:46:01.886243+00:00,open,,GRAMIRT,ICT/SMC Scalp Pro,short,,,330779.0,,333388.85952035425,326864.2107194686,322949.42143893725,0.60463,200000.0,,,,,,,,,,,,
2026-09-25T03:00:59.197149+00:00,close,,BTCIRT,ICT/SMC Scalp Pro,long,,,19705363911.0,19622035279.83626,,,,5.07e-06,,-422.4761600001529,3683336.1753983037,SL,,,,,,,,,
2026-09-25T03:00:59.697149+00:00,close,,BTCIRT,ICT/SMC Scalp Pro,long,,,19705363911.0,19622035279.83626,,,,5.07e-06,,-422.4761600001529,3682913.6992383036,SL,,,,,,,,,
2026-09-25T03:01:03.198545+00:00,open,,BTCIRT,ICT/SMC Scalp Pro,long,,,19619630942.5,,19530115477.96744,19753904139.29884,19888177336.09767,1.019e-05,200000.0,,,,,,,,,,,,
2026-09-25T03:01:54.093655+00:00,close,,XRPIRT,ICT/SMC Scalp Pro,short,,,361526.0,355993.2493443935,,,,0.2,,1106.550131121301,3684020.249369425,TP1,,,,,,,,,
2026-09-25T03:15:54.449389+00:00,open,,ETHIRT,ICT/SMC Scalp Pro,long,,,624985439.5,,621720253.5814039,629883218.3778942,634780997.2557882,0.00032,200000.0,,,,,,,,,,,,
2026-09-25T03:31:12.748345+00:00,close,,HBARIRT,ICT/SMC Scalp Pro,short,,,21818.5,21446.97872936322,,,,4.5832,,1702.7562875824824,3685723.0056570075,TP1,,,,,,,,,
2026-09-25T06:31:07.731740+00:00,close,,GRAMIRT,ICT/SMC Scalp Pro,short,,,330779.0,326864.2107194686,,,,0.30231,,1183.4799473974488,3686906.485604405,TP1,,,,,,,,,
2026-09-25T06:46:40.000945+00:00,open,,WIFIRT,ICT/SMC Scalp Pro,long,,,55256.0,,54606.54302899123,56230.18545651314,57204.3709130263,3.61,200000.0,,,,,,,,,,,,
2026-09-25T07:01:34.027326+00:00,close,,SEIIRT,ICT/SMC Scalp Pro,short,,,14729.0,14975.620820463266,,,,6.7,,-1652.3594971038808,3685254.126107301,SL,,,,,,,,,
2026-09-25T07:01:34.482830+00:00,close,,SEIIRT,ICT/SMC Scalp Pro,short,,,14729.0,14975.620820463266,,,,6.8,,-1677.0215791502071,3683577.104528151,SL,,,,,,,,,
2026-09-25T07:15:49.964984+00:00,close,,BTCIRT,ICT/SMC Scalp Pro,long,,,19619630942.5,19530115477.96744,,,,5.09e-06,,-455.6337144707225,3683121.4708136804,SL,,,,,,,,,
2026-09-25T07:15:50.429213+00:00,close,,BTCIRT,ICT/SMC Scalp Pro,long,,,19619630942.5,19530115477.96744,,,,5.1e-06,,-456.5288691160481,3682664.941944564,SL,,,,,,,,,
2026-09-25T07:45:51.787638+00:00,close,,ETHIRT,ICT/SMC Scalp Pro,long,,,624985439.5,621720253.5814039,,,,0.00016,,-522.4297469753838,3682142.512197589,SL,,,,,,,,,
2026-09-25T07:45:52.287638+00:00,close,,ETHIRT,ICT/SMC Scalp Pro,long,,,624985439.5,621720253.5814039,,,,0.00016,,-522.4297469753838,3681620.082450614,SL,,,,,,,,,
2026-09-25T07:45:56.983250+00:00,open,,ETHIRT,ICT/SMC Scalp Pro,long,,,621803312.0,,618585745.0295365,626629662.4556954,631456012.9113908,0.000321,200000.0,,,,,,,,,,,,
2026-09-25T08:01:46.309674+00:00,open,,SUIIRT,ICT/SMC Scalp Pro,short,,,236324.0,,239749.45391562124,231185.8191265681,226047.6382531362,0.8462,200000.0,,,,,,,,,,,,
2026-09-25T08:16:24.685131+00:00,close,,LINKIRT,ICT/SMC Scalp Pro,short,,,3119162.0,3160994.626693371,,,,0.032,,-1338.644054187879,3680281.438396426,SL,,,,,,,,,
2026-09-25T08:16:25.254111+00:00,close,,LINKIRT,ICT/SMC Scalp Pro,short,,,3119162.0,3160994.626693371,,,,0.0321,,-1342.827316857216,3678938.6110795685,SL,,,,,,,,,
2026-09-25T08:16:28.756652+00:00,open,,LINKIRT,ICT/SMC Scalp Pro,short,,,3167643.5,,3212752.397328517,3099980.1540072244,3032316.808014449,0.0631,200000.0,,,,,,,,,,,,
2026-09-25T08:16:38.370240+00:00,open,,SEIIRT,ICT/SMC Scalp Pro,short,,,15224.5,,15570.26369776842,14705.85445334737,14187.20890669474,13.1,200000.0,,,,,,,,,,,,
2026-09-25T08:31:31.687941+00:00,close,,LINKIRT,ICT/SMC Scalp Pro,short,,,3167643.5,3212752.397328517,,,,0.0315,,-1420.9302658482834,3677517.6808137204,SL,,,,,,,,,
2026-09-25T08:31:32.242103+00:00,close,,LINKIRT,ICT/SMC Scalp Pro,short,,,3167643.5,3212752.397328517,,,,0.0316,,-1425.4411555811353,3676092.239658139,SL,,,,,,,,,
2026-09-25T08:31:39.462569+00:00,open,,LINKIRT,ICT/SMC Scalp Pro,short,,,3192410.0,,3241758.3039039774,3118387.544144034,3044365.088288068,0.0626,200000.0,,,,,,,,,,,,
2026-09-25T08:31:47.312594+00:00,close,,SEIIRT,ICT/SMC Scalp Pro,short,,,15224.5,15570.26369776842,,,,6.5,,-2247.46403549474,3673844.7756226445,SL,,,,,,,,,
2026-09-25T08:31:47.812986+00:00,close,,SEIIRT,ICT/SMC Scalp Pro,short,,,15224.5,15570.26369776842,,,,6.6,,-2282.0404052715817,3671562.735217373,SL,,,,,,,,,
2026-09-25T08:31:51.225305+00:00,open,,SEIIRT,ICT/SMC Scalp Pro,short,,,15524.0,,15899.540901434377,14960.688647848436,14397.377295696871,12.8,200000.0,,,,,,,,,,,,
2026-09-25T08:46:22.935102+00:00,close,,SUIIRT,ICT/SMC Scalp Pro,short,,,236324.0,239749.45391562124,,,,0.4231,,-1449.3095516993471,3670113.4256656733,SL,,,,,,,,,
2026-09-25T08:46:23.435102+00:00,close,,SUIIRT,ICT/SMC Scalp Pro,short,,,236324.0,239749.45391562124,,,,0.4231,,-1449.3095516993471,3668664.116113974,SL,,,,,,,,,
2026-09-25T09:01:50.808294+00:00,open,,SUIIRT,ICT/SMC Scalp Pro,short,,,238728.5,,242321.83026122875,233338.5046081569,227948.50921631383,0.8377,200000.0,,,,,,,,,,,,
2026-09-25T09:16:12.138543+00:00,close,,LINKIRT,ICT/SMC Scalp Pro,short,,,3192410.0,3241758.3039039774,,,,0.0313,,-1544.6019121944923,3667119.5142017794,SL,,,,,,,,,
2026-09-25T09:16:12.638543+00:00,close,,LINKIRT,ICT/SMC Scalp Pro,short,,,3192410.0,3241758.3039039774,,,,0.0313,,-1544.6019121944923,3665574.912289585,SL,,,,,,,,,
2026-09-25T09:16:40.286913+00:00,open,,TRXIRT,ICT/SMC Scalp Pro,long,,,78424.0,,78285.9816129646,78631.02758055311,78838.05516110621,2.55,200000.0,,,,,,,,,,,,
2026-09-25T09:31:45.251642+00:00,close,,ETHIRT,ICT/SMC Scalp Pro,long,,,621803312.0,626629662.4556954,,,,0.00016,,772.2160729112626,3666347.1283624964,TP1,,,,,,,,,
2026-09-25T09:32:29.931320+00:00,close,,TRXIRT,ICT/SMC Scalp Pro,long,,,78424.0,78285.9816129646,,,,1.27,,-175.28335153495036,3666171.8450109614,SL,,,,,,,,,
2026-09-25T09:32:30.431320+00:00,close,,TRXIRT,ICT/SMC Scalp Pro,long,,,78424.0,78285.9816129646,,,,1.27,,-175.28335153495036,3665996.5616594264,SL,,,,,,,,,
2026-09-25T09:32:41.398865+00:00,close,,XRPIRT,ICT/SMC Scalp Pro,short,,,361526.0,361526.0,,,,0.3,,-0.0,3665996.5616594264,SL,,,,,,,,,
2026-09-25T09:32:45.098709+00:00,open,,XRPIRT,ICT/SMC Scalp Pro,short,,,362030.5,,365998.1383154913,356079.0425267631,350127.58505352616,0.5,200000.0,,,,,,,,,,,,
2026-09-25T09:46:24.079965+00:00,close,,GRAMIRT,ICT/SMC Scalp Pro,short,,,330779.0,330779.0,,,,0.30232,,-0.0,3665996.5616594264,SL,,,,,,,,,
2026-09-25T10:02:07.812151+00:00,close,,SUIIRT,ICT/SMC Scalp Pro,short,,,238728.5,242321.83026122875,,,,0.4188,,-1504.8867134026011,3664491.6749460236,SL,,,,,,,,,
2026-09-25T10:02:08.388720+00:00,close,,SUIIRT,ICT/SMC Scalp Pro,short,,,238728.5,242321.83026122875,,,,0.4189,,-1505.246046428724,3662986.428899595,SL,,,,,,,,,
2026-09-25T11:01:58.089260+00:00,open,,SUIIRT,ICT/SMC Scalp Pro,short,,,248064.0,,252383.04706482936,241585.42940275595,235106.8588055119,0.8062,200000.0,,,,,,,,,,,,
2026-09-25T11:15:50.012967+00:00,open,,DOGEIRT,ICT/SMC Scalp Pro,short,,,22802.5,,23049.696401749145,22431.705397376285,22060.91079475257,8.77,200000.0,,,,,,,,,,,,
2026-09-25T11:15:54.997461+00:00,close,,ETHIRT,ICT/SMC Scalp Pro,long,,,621803312.0,631456012.9113908,,,,0.00016,,1544.4321458225252,3664530.8610454174,TP2,,,,,,,,,
2026-09-25T11:15:59.028671+00:00,open,,ETHIRT,ICT/SMC Scalp Pro,short,,,634415694.0,,638922238.0920632,627655877.8619053,620896061.7238107,0.000315,200000.0,,,,,,,,,,,,
2026-09-25T11:16:11.216359+00:00,close,,HBARIRT,ICT/SMC Scalp Pro,short,,,21818.5,21818.5,,,,4.5832,,-0.0,3664530.8610454174,SL,,,,,,,,,
2026-09-25T11:16:18.960111+00:00,close,,PEPEIRT,ICT/SMC Scalp Pro,long,,,1.030685,1.057447926845654,,,,97022.8,,2596.614098760515,3667127.4751441777,TP1,,,,,,,,,
2026-09-25T11:16:32.591699+00:00,open,,SOLIRT,ICT/SMC Scalp Pro,short,,,28179149.5,,28491129.94048321,27711178.839275185,27243208.178550374,0.007,200000.0,,,,,,,,,,,,
2026-09-25T11:16:34.746249+00:00,close,,SUIIRT,ICT/SMC Scalp Pro,short,,,248064.0,252383.04706482936,,,,0.4031,,-1741.0078718327252,3665386.467272345,SL,,,,,,,,,
2026-09-25T11:16:35.246249+00:00,close,,SUIIRT,ICT/SMC Scalp Pro,short,,,248064.0,252383.04706482936,,,,0.4031,,-1741.0078718327252,3663645.4594005123,SL,,,,,,,,,
2026-09-25T11:16:38.628326+00:00,open,,SUIIRT,ICT/SMC Scalp Pro,short,,,254987.5,,259954.97861619867,247536.282075702,240085.064151404,0.7843,200000.0,,,,,,,,,,,,
2026-09-25T11:16:51.512161+00:00,close,,WIFIRT,ICT/SMC Scalp Pro,long,,,55256.0,56230.18545651314,,,,1.8,,1753.5338217236583,3665398.993222236,TP1,,,,,,,,,
2026-09-25T11:16:59.679489+00:00,close,,XRPIRT,ICT/SMC Scalp Pro,short,,,362030.5,365998.1383154913,,,,0.2,,-793.527663098264,3664605.465559138,SL,,,,,,,,,
2026-09-25T11:17:00.009116+00:00,close,,XRPIRT,ICT/SMC Scalp Pro,short,,,362030.5,365998.1383154913,,,,0.3,,-1190.291494647396,3663415.1740644905,SL,,,,,,,,,
2026-09-25T11:31:30.896816+00:00,open,,HBARIRT,ICT/SMC Scalp Pro,short,,,22172.5,,22418.87797262604,21802.933041060944,21433.366082121887,9.0201,200000.0,,,,,,,,,,,,
2026-09-25T11:31:44.103609+00:00,close,,SEIIRT,Supertrend+ADX,long,,,13470.0,15637.617628224596,,,,22.3,,48337.873109408494,3711753.047173899,TP2,,,,,,,,,
2026-09-25T11:31:56.128264+00:00,close,,SUIIRT,ICT/SMC Scalp Pro,short,,,254987.5,259954.97861619867,,,,0.3921,,-1947.7483654114988,3709805.2988084876,SL,,,,,,,,,
2026-09-25T11:31:56.504220+00:00,close,,SUIIRT,ICT/SMC Scalp Pro,short,,,254987.5,259954.97861619867,,,,0.3922,,-1948.2451132731185,3707857.0536952144,SL,,,,,,,,,
2026-09-25T11:31:59.664503+00:00,open,,SUIIRT,ICT/SMC Scalp Pro,short,,,262235.0,,268238.4490367784,253229.8264448324,244224.6528896648,0.7626,200000.0,,,,,,,,,,,,
2026-09-25T11:32:11.476773+00:00,open,,TRBIRT,ICT/SMC Scalp Pro,short,,,4716143.5,,4777833.785149662,4623608.072275507,4531072.644551015,0.0424,200000.0,,,,,,,,,,,,
2026-09-25T11:45:59.768556+00:00,close,,ADAIRT,ICT/SMC Scalp Pro,short,,,58317.0,59401.107569224885,,,,1.714765,,-1858.9897159419104,3705998.0639792727,SL,,,,,,,,,
2026-09-25T11:46:00.268556+00:00,close,,ADAIRT,ICT/SMC Scalp Pro,short,,,58317.0,59401.107569224885,,,,1.714765,,-1858.9897159419104,3704139.074263331,SL,,,,,,,,,
2026-09-25T11:46:04.648096+00:00,close,,ARBIRT,ICT/SMC Scalp Pro,long,,,49755.5,52358.71186905991,,,,2.0098,,5231.935214436605,3709371.0094777676,TP2,,,,,,,,,
2026-09-25T11:46:08.310781+00:00,open,,ARBIRT,ICT/SMC Scalp Pro,short,,,52153.5,,53110.8977598182,50717.40336027271,49281.30672054541,3.8348,200000.0,,,,,,,,,,,,
2026-09-25T12:16:20.022231+00:00,open,,BTCIRT,ICT/SMC Scalp Pro,long,,,19508989223.0,,19403035877.92967,19667919240.60549,19826849258.210987,1.025e-05,200000.0,,,,,,,,,,,,
2026-09-25T12:16:29.641049+00:00,close,,ETHIRT,ICT/SMC Scalp Pro,short,,,634415694.0,627655877.8619053,,,,0.000157,,1061.2911336808622,3710432.3006114485,TP1,,,,,,,,,
2026-09-25T12:16:57.974164+00:00,close,,SOLIRT,ICT/SMC Scalp Pro,short,,,28179149.5,27711178.839275185,,,,0.003,,1403.911982174445,3711836.212593623,TP1,,,,,,,,,
2026-09-25T12:17:01.424191+00:00,close,,SUIIRT,ICT/SMC Scalp Pro,short,,,262235.0,268238.4490367784,,,,0.3813,,-2289.115117723588,3709547.0974758994,SL,,,,,,,,,
2026-09-25T12:17:01.924191+00:00,close,,SUIIRT,ICT/SMC Scalp Pro,short,,,262235.0,268238.4490367784,,,,0.3813,,-2289.115117723588,3707257.982358176,SL,,,,,,,,,
2026-09-25T12:17:10.341320+00:00,close,,TRBIRT,ICT/SMC Scalp Pro,short,,,4716143.5,4623608.072275507,,,,0.0212,,1961.751067759246,3709219.7334259353,TP1,,,,,,,,,
2026-09-25T12:17:21.197196+00:00,close,,XLMIRT,ICT/SMC Scalp Pro,short,,,51410.5,52205.93194025776,,,,1.9451,,-1547.1946669953695,3707672.53875894,SL,,,,,,,,,
2026-09-25T12:17:21.697196+00:00,close,,XLMIRT,ICT/SMC Scalp Pro,short,,,51410.5,52205.93194025776,,,,1.9451,,-1547.1946669953695,3706125.344091945,SL,,,,,,,,,
2026-09-25T12:31:32.913861+00:00,open,,ADAIRT,ICT/SMC Scalp Pro,short,,,59557.5,,60519.70509349508,58114.19235975738,56670.884719514754,3.358099,200000.0,,,,,,,,,,,,
2026-09-25T12:31:48.295626+00:00,close,,DOGEIRT,ICT/SMC Scalp Pro,short,,,22802.5,22431.705397376285,,,,4.38,,1624.0803594918718,3707749.424451437,TP1,,,,,,,,,
2026-09-25T12:32:08.658064+00:00,open,,GRAMIRT,ICT/SMC Scalp Pro,short,,,331116.5,,333939.32215039124,326882.2667744131,322648.03354882624,0.60401,200000.0,,,,,,,,,,,,
2026-09-25T12:32:37.589884+00:00,open,,SUIIRT,ICT/SMC Scalp Pro,short,,,263330.0,,270568.0507581159,252472.9238628261,241615.8477256523,0.7595,200000.0,,,,,,,,,,,,
2026-09-25T12:45:56.371757+00:00,close,,DOGEIRT,ICT/SMC Scalp Pro,short,,,22802.5,22802.5,,,,4.39,,-0.0,3707749.424451437,SL,,,,,,,,,
2026-09-25T12:46:22.928465+00:00,open,,LINKIRT,ICT/SMC Scalp Pro,short,,,3265874.5,,3327718.8764461824,3173107.935330727,3080341.3706614543,0.0612,200000.0,,,,,,,,,,,,
2026-09-25T13:16:30.047547+00:00,close,,SEIIRT,ICT/SMC Scalp Pro,short,,,15524.0,15899.540901434377,,,,6.4,,-2403.46176918,3705345.962682257,SL,,,,,,,,,
2026-09-25T13:16:30.547547+00:00,close,,SEIIRT,ICT/SMC Scalp Pro,short,,,15524.0,15899.540901434377,,,,6.4,,-2403.46176918,3702942.500913077,SL,,,,,,,,,
2026-09-25T13:46:27.244185+00:00,close,,PEPEIRT,ICT/SMC Scalp Pro,long,,,1.030685,1.030685,,,,97022.9,,0.0,3702942.500913077,SL,,,,,,,,,
2026-09-25T14:01:05.630585+00:00,close,,BTCIRT,ICT/SMC Scalp Pro,long,,,19508989223.0,19403035877.92967,,,,5.12e-06,,-542.4811267600977,3702400.019786317,SL,,,,,,,,,
2026-09-25T14:01:05.979372+00:00,close,,BTCIRT,ICT/SMC Scalp Pro,long,,,19508989223.0,19403035877.92967,,,,5.13e-06,,-543.540660210801,3701856.479126106,SL,,,,,,,,,
2026-09-25T14:01:33.946061+00:00,close,,HBARIRT,ICT/SMC Scalp Pro,short,,,22172.5,21802.933041060944,,,,4.51,,1666.746984815144,3703523.2261109212,TP1,,,,,,,,,
2026-09-25T14:15:37.872481+00:00,close,,ADAIRT,ICT/SMC Scalp Pro,short,,,59557.5,58114.19235975738,,,,1.679049,,2423.3842500417363,3705946.610360963,TP1,,,,,,,,,
2026-09-25T14:15:41.448383+00:00,close,,ARBIRT,ICT/SMC Scalp Pro,short,,,52153.5,50717.40336027271,,,,1.9174,,2753.571697013112,3708700.182057976,TP1,,,,,,,,,
2026-09-25T14:15:57.218366+00:00,open,,DOGSIRT,Supertrend+ADX,long,,,11.095,,10.868640657119268,11.434539014321096,11.774078028642194,54078.4,600000.0,,,,,,,,,,,,
2026-09-25T14:15:59.438572+00:00,close,,ETHIRT,ICT/SMC Scalp Pro,short,,,634415694.0,620896061.7238107,,,,0.000158,,2136.101899637913,3710836.2839576136,TP2,,,,,,,,,
2026-09-25T14:16:02.488423+00:00,open,,ETHIRT,Supertrend+ADX,long,,,623603882.5,,610422046.9978527,643376635.7532209,663149389.006442,0.000962,600000.0,,,,,,,,,,,,
2026-09-25T14:16:06.116839+00:00,close,,FLOKIIRT,ICT/SMC Scalp Pro,short,,,6.6273,6.461475752580799,,,,15089.1,,2502.1386517330707,3713338.422609347,TP1,,,,,,,,,
2026-09-25T14:16:08.704285+00:00,open,,FLOKIIRT,Supertrend+ADX,long,,,6.5606100000000005,,6.379110161782976,6.8328597573255365,7.1051095146510725,91454.9,600000.0,,,,,,,,,,,,
2026-09-25T14:16:16.400006+00:00,close,,GRAMIRT,ICT/SMC Scalp Pro,short,,,331116.5,326882.2667744131,,,,0.302,,1278.7384341272384,3714617.161043474,TP1,,,,,,,,,
2026-09-25T14:16:25.033431+00:00,open,,NOTIRT,Supertrend+ADX,long,,,111.65,,108.39125865535424,116.53811201696868,121.4262240339373,5373.9,600000.0,,,,,,,,,,,,
2026-09-25T14:16:52.040070+00:00,open,,TRXIRT,ICT/SMC Scalp Pro,long,,,78275.0,,78099.67199960015,78537.99200059977,78800.98400119955,2.55,200000.0,,,,,,,,,,,,
2026-09-25T14:16:55.725565+00:00,close,,WIFIRT,ICT/SMC Scalp Pro,long,,,55256.0,55256.0,,,,1.8,,0.0,3714617.161043474,SL,,,,,,,,,
2026-09-25T14:32:51.701223+00:00,close,,TRXIRT,ICT/SMC Scalp Pro,long,,,78275.0,78099.67199960015,,,,1.27,,-222.6665605078115,3714394.494482966,SL,,,,,,,,,
2026-09-25T14:32:52.201223+00:00,close,,TRXIRT,ICT/SMC Scalp Pro,long,,,78275.0,78099.67199960015,,,,1.27,,-222.6665605078115,3714171.8279224583,SL,,,,,,,,,
2026-09-25T14:46:47.326229+00:00,open,,TRXIRT,ICT/SMC Scalp Pro,long,,,78089.0,,77908.9478958765,78359.07815618525,78629.15631237053,2.56,200000.0,,,,,,,,,,,,
2026-09-25T15:01:07.618291+00:00,open,,DOGEIRT,ICT/SMC Scalp Pro,short,,,22703.0,,23097.59673082218,22111.104903766733,21519.20980753347,8.8,200000.0,,,,,,,,,,,,
2026-09-25T15:15:40.595518+00:00,close,,ADAIRT,ICT/SMC Scalp Pro,short,,,59557.5,59557.5,,,,1.67905,,-0.0,3714171.8279224583,SL,,,,,,,,,
2026-09-25T15:15:46.058137+00:00,open,,ADAIRT,ICT/SMC Scalp Pro,short,,,59678.5,,60858.67718034944,57908.23422947586,56137.968458951706,3.35129,200000.0,,,,,,,,,,,,
2026-09-25T15:31:20.985641+00:00,close,,GRAMIRT,ICT/SMC Scalp Pro,short,,,331116.5,331116.5,,,,0.30201,,-0.0,3714171.8279224583,SL,,,,,,,,,
2026-09-25T15:32:02.137467+00:00,close,,TRXIRT,ICT/SMC Scalp Pro,long,,,78089.0,77908.9478958765,,,,1.28,,-230.46669327808544,3713941.3612291804,SL,,,,,,,,,
2026-09-25T15:32:02.637467+00:00,close,,TRXIRT,ICT/SMC Scalp Pro,long,,,78089.0,77908.9478958765,,,,1.28,,-230.46669327808544,3713710.8945359024,SL,,,,,,,,,
2026-09-25T15:48:26.945777+00:00,open,,PEPEIRT,Supertrend+ADX,long,,,1.02595,,0.9692263926268432,1.111035411059735,1.19612082211947,584823.8,600000.0,,,,,,,,,,,,
2026-09-25T16:15:56.743595+00:00,close,,FLOKIIRT,ICT/SMC Scalp Pro,short,,,6.6273,6.6273,,,,15089.1,,-0.0,3713710.8945359024,SL,,,,,,,,,
2026-09-25T16:16:38.982126+00:00,open,,TRXIRT,ICT/SMC Scalp Pro,long,,,78053.0,,77894.57093272882,78290.64360090677,78528.28720181354,2.56,200000.0,,,,,,,,,,,,
2026-09-25T16:31:47.393009+00:00,close,,TRXIRT,ICT/SMC Scalp Pro,long,,,78053.0,77894.57093272882,,,,1.28,,-202.7892061071097,3713508.1053297953,SL,,,,,,,,,
2026-09-25T16:31:47.893009+00:00,close,,TRXIRT,ICT/SMC Scalp Pro,long,,,78053.0,77894.57093272882,,,,1.28,,-202.7892061071097,3713305.316123688,SL,,,,,,,,,
2026-09-25T16:46:24.896144+00:00,close,,SOLIRT,ICT/SMC Scalp Pro,short,,,28179149.5,28179149.5,,,,0.004,,-0.0,3713305.316123688,SL,,,,,,,,,
2026-09-25T17:01:07.383099+00:00,open,,BTCIRT,ICT/SMC Scalp Pro,long,,,19404576745.0,,19269304225.33728,19607485524.494087,19810394303.98818,1.03e-05,200000.0,,,,,,,,,,,,
2026-09-25T17:15:43.585226+00:00,close,,ARBIRT,ICT/SMC Scalp Pro,short,,,52153.5,52153.5,,,,1.9174,,-0.0,3713305.316123688,SL,,,,,,,,,
2026-09-25T17:32:17.620534+00:00,close,,TIAIRT,ICT/SMC Scalp Pro,short,,,114780.0,111369.59383951616,,,,0.8712,,2971.145847013517,3716276.461970702,TP1,,,,,,,,,
2026-09-25T18:16:18.247951+00:00,open,,GRAMIRT,ICT/SMC Scalp Pro,short,,,331104.5,,334355.03355782514,326228.69966326235,321352.89932652464,0.60403,200000.0,,,,,,,,,,,,
2026-09-25T20:31:49.101983+00:00,close,,GRAMIRT,ICT/SMC Scalp Pro,short,,,331104.5,334355.03355782514,,,,0.30201,,-981.6936397987704,3715294.7683309033,SL,,,,,,,,,
2026-09-25T20:31:49.601983+00:00,close,,GRAMIRT,ICT/SMC Scalp Pro,short,,,331104.5,334355.03355782514,,,,0.30201,,-981.6936397987704,3714313.0746911047,SL,,,,,,,,,
2026-09-25T20:32:19.717219+00:00,close,,SUIIRT,ICT/SMC Scalp Pro,short,,,263330.0,270568.0507581159,,,,0.3797,,-2748.287872856603,3711564.786818248,SL,,,,,,,,,
2026-09-25T20:32:20.217219+00:00,close,,SUIIRT,ICT/SMC Scalp Pro,short,,,263330.0,270568.0507581159,,,,0.3797,,-2748.287872856603,3708816.4989453917,SL,,,,,,,,,
2026-09-25T20:32:33.590458+00:00,open,,SUIIRT,ICT/SMC Scalp Pro,short,,,271745.0,,277725.7762912912,262773.8355630633,253802.6711261266,0.7359,200000.0,,,,,,,,,,,,
2026-09-25T20:32:38.477696+00:00,close,,TIAIRT,ICT/SMC Scalp Pro,short,,,114780.0,114780.0,,,,0.8712,,-0.0,3708816.4989453917,SL,,,,,,,,,
2026-09-25T20:46:10.263210+00:00,close,,HBARIRT,ICT/SMC Scalp Pro,short,,,22172.5,22172.5,,,,4.51,,-0.0,3708816.4989453917,SL,,,,,,,,,
2026-09-25T20:46:41.907599+00:00,open,,TRXIRT,ICT/SMC Scalp Pro,short,,,78295.0,,78450.99894280297,78061.00158579554,77827.00317159109,2.55,200000.0,,,,,,,,,,,,
2026-09-25T21:01:55.162864+00:00,close,,TRXIRT,ICT/SMC Scalp Pro,short,,,78295.0,78450.99894280297,,,,1.27,,-198.1186573597665,3708618.380288032,SL,,,,,,,,,
2026-09-25T21:01:55.662864+00:00,close,,TRXIRT,ICT/SMC Scalp Pro,short,,,78295.0,78450.99894280297,,,,1.27,,-198.1186573597665,3708420.261630672,SL,,,,,,,,,
2026-09-25T21:16:22.676622+00:00,open,,PEPEIRT,ICT/SMC Scalp Pro,long,,,1.027315,,1.0107083099323872,1.052225035101419,1.077135070202838,194682.2,200000.0,,,,,,,,,,,,
2026-09-25T22:16:27.985111+00:00,open,,TIAIRT,ICT/SMC Scalp Pro,short,,,113576.5,,115495.30965930408,110698.2855110439,107820.0710220878,1.7609,200000.0,,,,,,,,,,,,
2026-09-25T23:00:57.412227+00:00,close,,DOGEIRT,Supertrend+ADX,short,,,23066.5,23066.5,,,,13.01,,-0.0,3708420.261630672,SL,,,,,,,,,
2026-09-25T23:00:59.513160+00:00,close,,DOGEIRT,ICT/SMC Scalp Pro,short,,,22703.0,23097.59673082218,,,,4.4,,-1736.2256156175952,3706684.036015054,SL,,,,,,,,,
2026-09-25T23:01:00.013160+00:00,close,,DOGEIRT,ICT/SMC Scalp Pro,short,,,22703.0,23097.59673082218,,,,4.4,,-1736.2256156175952,3704947.8103994364,SL,,,,,,,,,
2026-09-25T23:01:22.160858+00:00,open,,GRAMIRT,ICT/SMC Scalp Pro,short,,,336161.0,,339300.09999193385,331452.3500120992,326743.70002419833,0.59495,200000.0,,,,,,,,,,,,
2026-09-25T23:16:19.046170+00:00,close,,SUIIRT,ICT/SMC Scalp Pro,short,,,271745.0,277725.7762912912,,,,0.3679,,-2200.3275975660217,3702747.4828018704,SL,,,,,,,,,
2026-09-25T23:16:19.453161+00:00,close,,SUIIRT,ICT/SMC Scalp Pro,short,,,271745.0,277725.7762912912,,,,0.368,,-2200.925675195151,3700546.5571266753,SL,,,,,,,,,
2026-09-25T23:16:22.974872+00:00,open,,SUIIRT,ICT/SMC Scalp Pro,short,,,279831.5,,286320.68743141287,270097.7188528807,260363.9377057613,0.7147,200000.0,,,,,,,,,,,,
2026-09-26T00:45:53.759848+00:00,open,,ETHIRT,ICT/SMC Scalp Pro,long,,,621883019.5,,619503647.9417255,625452076.8374118,629021134.1748236,0.000321,200000.0,,,,,,,,,,,,
2026-09-26T01:45:53.529860+00:00,close,,ETHIRT,ICT/SMC Scalp Pro,long,,,621883019.5,625452076.8374118,,,,0.00016,,571.0491739858819,3701117.6063006613,TP1,,,,,,,,,
2026-09-26T01:46:20.012444+00:00,close,,SHIBIRT,ICT/SMC Scalp Pro,long,,,1.29045,1.3885114962565503,,,,77492.3,,7599.01088636147,3708716.6171870227,TP2,,,,,,,,,
2026-09-26T01:46:23.298463+00:00,open,,SHIBIRT,ICT/SMC Scalp Pro,short,,,1.3977499999999998,,1.4150462124180474,1.3718056813729282,1.3458613627458564,143087.1,200000.0,,,,,,,,,,,,
2026-09-26T02:00:46.353566+00:00,close,,ADAIRT,ICT/SMC Scalp Pro,short,,,59678.5,60858.67718034944,,,,1.675645,,-1977.5579913666272,3706739.059195656,SL,,,,,,,,,
2026-09-26T02:00:46.853566+00:00,close,,ADAIRT,ICT/SMC Scalp Pro,short,,,59678.5,60858.67718034944,,,,1.675645,,-1977.5579913666272,3704761.501204289,SL,,,,,,,,,
2026-09-26T02:01:09.282594+00:00,open,,FLOKIIRT,ICT/SMC Scalp Pro,long,,,6.656785,,6.589345574641575,6.7579441380376375,6.859103276075275,30044.5,200000.0,,,,,,,,,,,,
2026-09-26T03:30:47.072288+00:00,close,,BTCIRT,ICT/SMC Scalp Pro,long,,,19404576745.0,19607485524.494087,,,,5.15e-06,,1044.9802143945492,3705806.4814186837,TP1,,,,,,,,,
2026-09-26T04:16:00.145979+00:00,close,,GRAMIRT,Supertrend+ADX,long,,,330225.5,338880.55015428044,,,,0.90847,,7862.853413659152,3713669.334832343,TP1,,,,,,,,,
2026-09-26T04:16:02.181819+00:00,close,,GRAMIRT,ICT/SMC Scalp Pro,short,,,336161.0,339300.09999193385,,,,0.29747,,-933.7880746005624,3712735.5467577423,SL,,,,,,,,,
2026-09-26T04:16:02.681819+00:00,close,,GRAMIRT,ICT/SMC Scalp Pro,short,,,336161.0,339300.09999193385,,,,0.29747,,-933.7880746005624,3711801.758683142,SL,,,,,,,,,
2026-09-26T04:16:05.810678+00:00,open,,GRAMIRT,ICT/SMC Scalp Pro,short,,,341348.5,,344405.7841893542,336762.57371596864,332176.6474319373,0.58591,200000.0,,,,,,,,,,,,
2026-09-26T04:16:14.640903+00:00,close,,NOTIRT,Supertrend+ADX,long,,,111.65,116.53811201696868,,,,2686.9,,13133.8681783931,3724935.626861535,TP1,,,,,,,,,
2026-09-26T05:16:29.769193+00:00,close,,SUIIRT,ICT/SMC Scalp Pro,short,,,279831.5,270097.7188528807,,,,0.3573,,3477.880003865725,3728413.506865401,TP1,,,,,,,,,
2026-09-26T06:15:47.027805+00:00,close,,DOGSIRT,Supertrend+ADX,long,,,11.095,11.434539014321096,,,,27039.2,,9180.863316031018,3737594.370181432,TP1,,,,,,,,,
2026-09-26T06:16:04.433111+00:00,close,,GRAMIRT,ICT/SMC Scalp Pro,short,,,341348.5,336762.57371596864,,,,0.29295,,1343.447104906987,3738937.817286339,TP1,,,,,,,,,
2026-09-26T06:45:47.095316+00:00,close,,DOGSIRT,ICT/SMC Scalp Pro,long,,,10.88,11.491809525562884,,,,9191.1,,5623.202530401031,3744561.01981674,TP2,,,,,,,,,
2026-09-26T06:45:52.187842+00:00,close,,ETHIRT,ICT/SMC Scalp Pro,long,,,621883019.5,629021134.1748236,,,,0.00016,,1142.0983479717827,3745703.1181647116,TP2,,,,,,,,,
2026-09-26T06:46:34.987473+00:00,open,,TRXIRT,Supertrend+ADX,long,,,79036.5,,78841.6230271736,79328.81545923962,79621.13091847922,7.59,600000.0,,,,,,,,,,,,
2026-09-26T07:02:01.107483+00:00,close,,TRXIRT,Supertrend+ADX,long,,,79036.5,78841.6230271736,,,,3.79,,-738.5837270120616,3744964.5344376997,SL,,,,,,,,,
2026-09-26T07:02:01.521621+00:00,close,,TRXIRT,Supertrend+ADX,long,,,79036.5,78841.6230271736,,,,3.8,,-740.5324967403255,3744224.0019409596,SL,,,,,,,,,
2026-09-26T08:01:13.098214+00:00,open,,ETHIRT,ICT/SMC Scalp Pro,short,,,627754520.5,,629209944.8405049,625571383.9892428,623388247.4784857,0.000318,200000.0,,,,,,,,,,,,
2026-09-26T08:46:28.620935+00:00,open,,SOLIRT,ICT/SMC Scalp Pro,short,,,28191370.0,,28350066.94530225,27953324.58204662,27715279.16409324,0.007,200000.0,,,,,,,,,,,,
2026-09-26T09:15:51.727030+00:00,close,,ETHIRT,ICT/SMC Scalp Pro,short,,,627754520.5,625571383.9892428,,,,0.000159,,347.118705210396,3744571.12064617,TP1,,,,,,,,,
2026-09-26T09:16:21.295434+00:00,close,,SHIBIRT,ICT/SMC Scalp Pro,short,,,1.3977499999999998,1.3718056813729282,,,,71543.5,,1856.147359695896,3746427.2680058656,TP1,,,,,,,,,
2026-09-26T09:16:36.334088+00:00,open,,TRBIRT,Supertrend+ADX,long,,,4665359.0,,4597349.015702507,4767373.976446239,4869388.95289248,0.1286,600000.0,,,,,,,,,,,,
2026-09-26T09:16:43.116510+00:00,open,,WIFIRT,ICT/SMC Scalp Pro,long,,,57238.5,,56427.59014444078,58454.86478333882,59671.22956667766,3.49,200000.0,,,,,,,,,,,,
2026-09-26T09:16:47.960882+00:00,open,,XRPIRT,ICT/SMC Scalp Pro,long,,,359790.5,,357318.3087819612,363498.7868270582,367207.0736541164,0.5,200000.0,,,,,,,,,,,,
2026-09-26T09:31:36.430495+00:00,close,,SOLIRT,ICT/SMC Scalp Pro,short,,,28191370.0,27953324.58204662,,,,0.003,,714.1362538601384,3747141.404259726,TP1,,,,,,,,,
2026-09-26T10:15:52.586296+00:00,close,,ETHIRT,ICT/SMC Scalp Pro,short,,,627754520.5,627754520.5,,,,0.000159,,-0.0,3747141.404259726,SL,,,,,,,,,
2026-09-26T10:16:01.188714+00:00,open,,ETHIRT,ICT/SMC Scalp Pro,long,,,627237483.0,,625479408.2497755,629874595.1253368,632511707.2506734,0.000318,200000.0,,,,,,,,,,,,
2026-09-26T10:46:29.347321+00:00,close,,SOLIRT,ICT/SMC Scalp Pro,short,,,28191370.0,28191370.0,,,,0.004,,-0.0,3747141.404259726,SL,,,,,,,,,
2026-09-26T11:01:29.394954+00:00,close,,LINKIRT,ICT/SMC Scalp Pro,short,,,3265874.5,3327718.8764461824,,,,0.0306,,-1892.4379192531808,3745248.966340473,SL,,,,,,,,,
2026-09-26T11:01:29.894954+00:00,close,,LINKIRT,ICT/SMC Scalp Pro,short,,,3265874.5,3327718.8764461824,,,,0.0306,,-1892.4379192531808,3743356.52842122,SL,,,,,,,,,
2026-09-26T11:01:57.266106+00:00,close,,TIAIRT,ICT/SMC Scalp Pro,short,,,113576.5,115495.30965930408,,,,0.8804,,-1689.3200240513015,3741667.2083971687,SL,,,,,,,,,
2026-09-26T11:01:57.740408+00:00,close,,TIAIRT,ICT/SMC Scalp Pro,short,,,113576.5,115495.30965930408,,,,0.8805,,-1689.511905017232,3739977.6964921514,SL,,,,,,,,,
2026-09-26T11:02:03.065216+00:00,open,,TIAIRT,ICT/SMC Scalp Pro,short,,,115801.0,,117136.0743714118,113798.3884428823,111795.77688576456,1.7271,200000.0,,,,,,,,,,,,
2026-09-26T11:02:20.544264+00:00,open,,XLMIRT,ICT/SMC Scalp Pro,short,,,51024.7,,51423.37619815269,50426.68570277096,49828.67140554192,3.9196,200000.0,,,,,,,,,,,,
2026-09-26T11:16:03.987899+00:00,close,,ETHIRT,ICT/SMC Scalp Pro,long,,,627237483.0,625479408.2497755,,,,0.000159,,-279.53388528569087,3739698.1626068656,SL,,,,,,,,,
2026-09-26T11:16:04.487899+00:00,close,,ETHIRT,ICT/SMC Scalp Pro,long,,,627237483.0,625479408.2497755,,,,0.000159,,-279.53388528569087,3739418.62872158,SL,,,,,,,,,
2026-09-26T11:16:09.321454+00:00,open,,ETHIRT,ICT/SMC Scalp Pro,long,,,626370217.5,,624741201.7620765,628813741.1068853,631257264.7137707,0.000319,200000.0,,,,,,,,,,,,
2026-09-26T11:46:26.975022+00:00,close,,GRAMIRT,ICT/SMC Scalp Pro,short,,,341348.5,341348.5,,,,0.29296,,-0.0,3739418.62872158,SL,,,,,,,,,
2026-09-26T12:01:35.379445+00:00,open,,HBARIRT,ICT/SMC Scalp Pro,long,,,21935.0,,21781.54293192588,22165.1856021112,22395.37120422238,9.1178,200000.0,,,,,,,,,,,,
2026-09-26T13:31:18.310772+00:00,close,,HBARIRT,ICT/SMC Scalp Pro,long,,,21935.0,21781.54293192588,,,,4.5589,,-699.5954276431384,3738719.033293937,SL,,,,,,,,,
2026-09-26T13:31:18.810772+00:00,close,,HBARIRT,ICT/SMC Scalp Pro,long,,,21935.0,21781.54293192588,,,,4.5589,,-699.5954276431384,3738019.437866294,SL,,,,,,,,,
2026-09-26T13:31:39.493621+00:00,open,,SOLIRT,ICT/SMC Scalp Pro,short,,,28089015.5,,28260672.885522336,27831529.421716496,27574043.343433,0.007,200000.0,,,,,,,,,,,,
2026-09-26T13:45:57.166946+00:00,close,,ETHIRT,ICT/SMC Scalp Pro,long,,,626370217.5,624741201.7620765,,,,0.000159,,-259.01350232983697,3737760.424363964,SL,,,,,,,,,
2026-09-26T13:45:57.589398+00:00,close,,ETHIRT,ICT/SMC Scalp Pro,long,,,626370217.5,624741201.7620765,,,,0.00016,,-260.6425180677605,3737499.781845896,SL,,,,,,,,,
2026-09-26T13:46:54.271437+00:00,close,,TIAIRT,ICT/SMC Scalp Pro,short,,,115801.0,117136.0743714118,,,,0.8635,,-1152.8367197141015,3736346.945126182,SL,,,,,,,,,
2026-09-26T13:46:54.681641+00:00,close,,TIAIRT,ICT/SMC Scalp Pro,short,,,115801.0,117136.0743714118,,,,0.8636,,-1152.9702271512429,3735193.9748990308,SL,,,,,,,,,
2026-09-26T14:16:11.098496+00:00,open,,LINKIRT,ICT/SMC Scalp Pro,short,,,3385302.0,,3430559.274548615,3317416.088177077,3249530.176354155,0.059,200000.0,,,,,,,,,,,,
2026-09-26T14:16:27.384357+00:00,close,,SOLIRT,ICT/SMC Scalp Pro,short,,,28089015.5,28260672.885522336,,,,0.003,,-514.9721565670073,3734679.0027424637,SL,,,,,,,,,
2026-09-26T14:16:27.716148+00:00,close,,SOLIRT,ICT/SMC Scalp Pro,short,,,28089015.5,28260672.885522336,,,,0.004,,-686.6295420893431,3733992.373200374,SL,,,,,,,,,
2026-09-26T14:16:47.006357+00:00,open,,TRXIRT,ICT/SMC Scalp Pro,long,,,78734.5,,78640.5235760047,78875.46463599295,79016.4292719859,2.54,200000.0,,,,,,,,,,,,
2026-09-26T14:16:53.912346+00:00,close,,WIFIRT,ICT/SMC Scalp Pro,long,,,57238.5,58454.86478333882,,,,1.74,,2116.474723009554,3736108.8479233836,TP1,,,,,,,,,
2026-09-26T14:31:40.642527+00:00,open,,SEIIRT,ICT/SMC Scalp Pro,short,,,17048.0,,17287.522413429273,16688.71637985609,16329.43275971218,11.7,200000.0,,,,,,,,,,,,
2026-09-26T14:32:02.049268+00:00,close,,TRXIRT,ICT/SMC Scalp Pro,long,,,78734.5,78640.5235760047,,,,1.27,,-119.35005847402194,3735989.4978649095,SL,,,,,,,,,
2026-09-26T14:32:02.549268+00:00,close,,TRXIRT,ICT/SMC Scalp Pro,long,,,78734.5,78640.5235760047,,,,1.27,,-119.35005847402194,3735870.1478064354,SL,,,,,,,,,
2026-09-26T14:45:37.366865+00:00,open,,ARBIRT,ICT/SMC Scalp Pro,short,,,52694.5,,53426.115384043005,51597.076923935485,50499.65384787098,3.7954,200000.0,,,,,,,,,,,,
2026-09-26T14:46:37.733430+00:00,close,,TRBIRT,ICT/SMC Scalp Pro,short,,,4716143.5,4716143.5,,,,0.0212,,-0.0,3735870.1478064354,SL,,,,,,,,,
2026-09-26T14:46:41.434125+00:00,open,,TRBIRT,ICT/SMC Scalp Pro,short,,,4730710.0,,4772488.711720507,4668041.9324192405,4605373.864838481,0.0422,200000.0,,,,,,,,,,,,
2026-09-26T14:46:45.766990+00:00,close,,WIFIRT,Supertrend+ADX,short,,,56456.0,59107.713151991775,,,,5.31,,-14080.596837076324,3721789.550969359,SL,,,,,,,,,
2026-09-26T14:46:46.266990+00:00,close,,WIFIRT,Supertrend+ADX,short,,,56456.0,59107.713151991775,,,,5.31,,-14080.596837076324,3707708.9541322826,SL,,,,,,,,,
2026-09-26T14:46:50.913992+00:00,open,,WIFIRT,Supertrend+ADX,short,,,59116.5,,61004.648501871125,56284.27724719332,53452.05449438663,10.14,600000.0,,,,,,,,,,,,
2026-09-26T15:01:12.528122+00:00,close,,FLOKIIRT,ICT/SMC Scalp Pro,long,,,6.656785,6.7579441380376375,,,,15022.2,,1519.6328034289954,3709228.5869357116,TP1,,,,,,,,,
2026-09-26T15:01:41.042307+00:00,close,,SEIIRT,ICT/SMC Scalp Pro,short,,,17048.0,17287.522413429273,,,,5.8,,-1389.2299978897834,3707839.356937822,SL,,,,,,,,,
2026-09-26T15:01:41.542307+00:00,close,,SEIIRT,ICT/SMC Scalp Pro,short,,,17048.0,17287.522413429273,,,,5.8,,-1389.2299978897834,3706450.1269399324,SL,,,,,,,,,
2026-09-26T15:01:45.373735+00:00,open,,SEIIRT,ICT/SMC Scalp Pro,short,,,17379.0,,17636.642603629087,16992.53609455637,16606.072189112743,11.5,200000.0,,,,,,,,,,,,
2026-09-26T15:01:54.595527+00:00,close,,SHIBIRT,ICT/SMC Scalp Pro,short,,,1.3977499999999998,1.3977499999999998,,,,71543.6,,-0.0,3706450.1269399324,SL,,,,,,,,,
2026-09-26T15:15:38.160257+00:00,close,,ARBIRT,ICT/SMC Scalp Pro,short,,,52694.5,53426.115384043005,,,,1.8977,,-1388.386514298411,3705061.7404256337,SL,,,,,,,,,
2026-09-26T15:15:38.660257+00:00,close,,ARBIRT,ICT/SMC Scalp Pro,short,,,52694.5,53426.115384043005,,,,1.8977,,-1388.386514298411,3703673.353911335,SL,,,,,,,,,
2026-09-26T15:15:42.667595+00:00,open,,ARBIRT,ICT/SMC Scalp Pro,short,,,53381.0,,54157.94269800768,52215.58595298848,51050.17190597695,3.7466,200000.0,,,,,,,,,,,,
2026-09-26T15:15:50.946783+00:00,close,,DOGSIRT,Supertrend+ADX,long,,,11.095,11.774078028642194,,,,27039.2,,18361.72663206204,3722035.080543397,TP2,,,,,,,,,
2026-09-26T15:30:50.526079+00:00,open,,ADAIRT,Supertrend+ADX,short,,,60770.0,,62204.12828546944,58618.807571795856,56467.61514359171,9.873292,600000.0,,,,,,,,,,,,
2026-09-26T15:46:51.613695+00:00,close,,XLMIRT,ICT/SMC Scalp Pro,short,,,51024.7,51423.37619815269,,,,1.9598,,-781.325613139636,3721253.7549302573,SL,,,,,,,,,
2026-09-26T15:46:52.113695+00:00,close,,XLMIRT,ICT/SMC Scalp Pro,short,,,51024.7,51423.37619815269,,,,1.9598,,-781.325613139636,3720472.4293171177,SL,,,,,,,,,
2026-09-26T15:46:55.353820+00:00,close,,XRPIRT,ICT/SMC Scalp Pro,long,,,359790.5,363498.7868270582,,,,0.2,,741.6573654116364,3721214.086682529,TP1,,,,,,,,,
2026-09-26T16:00:55.267348+00:00,open,,ADAIRT,ICT/SMC Scalp Pro,short,,,60694.5,,61298.672390893575,59788.241413659634,58881.98282731927,3.295191,200000.0,,,,,,,,,,,,
2026-09-26T16:01:04.380924+00:00,open,,DOGEIRT,ICT/SMC Scalp Pro,short,,,23013.5,,23165.80645627219,22785.04031559172,22556.580631183435,8.69,200000.0,,,,,,,,,,,,
2026-09-26T16:16:05.053022+00:00,close,,FLOKIIRT,Supertrend+ADX,long,,,6.5606100000000005,6.8328597573255365,,,,45727.4,,12449.273553127716,3733663.360235657,TP1,,,,,,,,,
2026-09-26T16:16:07.922841+00:00,close,,FLOKIIRT,ICT/SMC Scalp Pro,long,,,6.656785,6.859103276075275,,,,15022.3,,3039.2858386855983,3736702.6460743425,TP2,,,,,,,,,
2026-09-26T16:16:39.640965+00:00,open,,TIAIRT,ICT/SMC Scalp Pro,short,,,119505.0,,121132.01380616448,117064.47929075328,114623.95858150654,1.6735,200000.0,,,,,,,,,,,,
2026-09-26T16:31:13.653124+00:00,close,,GRAMIRT,Supertrend+ADX,long,,,330225.5,347535.60030856094,,,,0.90847,,15725.706827318358,3752428.352901661,TP2,,,,,,,,,
2026-09-26T16:31:51.697024+00:00,close,,TRBIRT,Supertrend+ADX,long,,,4665359.0,4767373.976446239,,,,0.0643,,6559.562985493185,3758987.915887154,TP1,,,,,,,,,
2026-09-26T16:31:54.721608+00:00,close,,TRBIRT,ICT/SMC Scalp Pro,short,,,4730710.0,4772488.711720507,,,,0.0211,,-881.5308173026906,3758106.3850698513,SL,,,,,,,,,
2026-09-26T16:31:55.221608+00:00,close,,TRBIRT,ICT/SMC Scalp Pro,short,,,4730710.0,4772488.711720507,,,,0.0211,,-881.5308173026906,3757224.8542525484,SL,,,,,,,,,
2026-09-26T16:31:59.745221+00:00,open,,TRBIRT,ICT/SMC Scalp Pro,short,,,4815274.0,,4867215.759642674,4737361.3605359895,4659448.721071979,0.0415,200000.0,,,,,,,,,,,,
2026-09-26T16:32:11.229252+00:00,open,,XLMIRT,ICT/SMC Scalp Pro,short,,,51428.5,,51822.55369132532,50837.41946301202,50246.33892602405,3.8888,200000.0,,,,,,,,,,,,
2026-09-26T17:31:25.328993+00:00,close,,ADAIRT,ICT/SMC Scalp Pro,short,,,60694.5,59788.241413659634,,,,1.647595,,1493.1471155614545,3758718.00136811,TP1,,,,,,,,,
2026-09-26T17:33:06.698599+00:00,close,,XRPIRT,ICT/SMC Scalp Pro,long,,,359790.5,359790.5,,,,0.3,,0.0,3758718.00136811,SL,,,,,,,,,
2026-09-26T18:01:27.066122+00:00,open,,NOTIRT,ICT/SMC Scalp Pro,short,,,119.65,,120.87747697766764,117.80878453349858,115.96756906699716,1671.5,200000.0,,,,,,,,,,,,
2026-09-26T18:15:49.804895+00:00,close,,DOGEIRT,ICT/SMC Scalp Pro,short,,,23013.5,22785.04031559172,,,,4.34,,991.515030331954,3759709.516398442,TP1,,,,,,,,,
2026-09-26T18:31:13.810719+00:00,close,,LINKIRT,ICT/SMC Scalp Pro,short,,,3385302.0,3317416.088177077,,,,0.0295,,2002.6343987762143,3761712.150797218,TP1,,,,,,,,,
2026-09-26T18:31:17.881108+00:00,close,,NOTIRT,Supertrend+ADX,long,,,111.65,121.4262240339373,,,,2686.9,,26267.736356786125,3787979.887154004,TP2,,,,,,,,,
2026-09-26T18:31:20.419312+00:00,close,,NOTIRT,ICT/SMC Scalp Pro,short,,,119.65,120.87747697766764,,,,835.7,,-1025.8025102368308,3786954.084643767,SL,,,,,,,,,
2026-09-26T18:31:20.855125+00:00,close,,NOTIRT,ICT/SMC Scalp Pro,short,,,119.65,120.87747697766764,,,,835.8,,-1025.9252579345975,3785928.1593858325,SL,,,,,,,,,
2026-09-26T18:31:30.362669+00:00,close,,SEIIRT,ICT/SMC Scalp Pro,short,,,17379.0,16992.53609455637,,,,5.7,,2202.8442610286925,3788131.0036468613,TP1,,,,,,,,,
2026-09-26T18:31:55.095598+00:00,close,,TRBIRT,ICT/SMC Scalp Pro,short,,,4815274.0,4737361.3605359895,,,,0.0207,,1612.791636905017,3789743.7952837665,TP1,,,,,,,,,
2026-09-26T18:45:45.584429+00:00,close,,ARBIRT,ICT/SMC Scalp Pro,short,,,53381.0,52215.58595298848,,,,1.8733,,2183.170134266687,3791926.9654180333,TP1,,,,,,,,,
2026-09-26T18:46:19.559568+00:00,open,,NOTIRT,ICT/SMC Scalp Pro,short,,,121.65,,123.33609866330302,119.12085200504548,116.591704010091,1644.0,200000.0,,,,,,,,,,,,
2026-09-26T18:46:39.632231+00:00,close,,TIAIRT,ICT/SMC Scalp Pro,short,,,119505.0,117064.47929075328,,,,0.8367,,2041.9836774267403,3793968.94909546,TP1,,,,,,,,,
2026-09-26T19:02:17.130315+00:00,close,,XLMIRT,ICT/SMC Scalp Pro,short,,,51428.5,50837.41946301202,,,,1.9444,,1149.2969961194317,3795118.2460915796,TP1,,,,,,,,,
2026-09-26T19:16:49.849149+00:00,open,,SOLIRT,ICT/SMC Scalp Pro,short,,,28254389.5,,28398797.14113888,28037778.038291685,27821166.57658337,0.007,200000.0,,,,,,,,,,,,
2026-09-26T20:01:33.317188+00:00,close,,NOTIRT,ICT/SMC Scalp Pro,short,,,121.65,119.12085200504548,,,,822.0,,2078.95965185261,3797197.205743432,TP1,,,,,,,,,
2026-09-26T20:15:58.202660+00:00,close,,DOGEIRT,ICT/SMC Scalp Pro,short,,,23013.5,22556.580631183435,,,,4.35,,1987.599254352058,3799184.804997784,TP2,,,,,,,,,
2026-09-26T20:16:12.930308+00:00,open,,ETHIRT,ICT/SMC Scalp Pro,long,,,626230953.0,,625097622.4652486,627930948.8021271,629630944.6042542,0.000319,200000.0,,,,,,,,,,,,
2026-09-26T20:17:11.672540+00:00,close,,TRBIRT,Supertrend+ADX,long,,,4665359.0,4665359.0,,,,0.0643,,0.0,3799184.804997784,SL,,,,,,,,,
2026-09-26T20:17:14.608510+00:00,close,,TRBIRT,ICT/SMC Scalp Pro,short,,,4815274.0,4659448.721071979,,,,0.0208,,3241.165801702836,3802425.970799487,TP2,,,,,,,,,
2026-09-26T20:17:25.917121+00:00,close,,WIFIRT,ICT/SMC Scalp Pro,long,,,57238.5,57238.5,,,,1.75,,0.0,3802425.970799487,SL,,,,,,,,,
2026-09-26T20:30:46.774749+00:00,close,,ADAIRT,ICT/SMC Scalp Pro,short,,,60694.5,58881.98282731927,,,,1.647596,,2986.296043640082,3805412.266843127,TP2,,,,,,,,,
2026-09-26T20:32:05.641870+00:00,open,,TRXIRT,ICT/SMC Scalp Pro,long,,,78302.0,,78199.32768577363,78456.00847133953,78610.01694267907,2.55,200000.0,,,,,,,,,,,,
2026-09-26T20:45:38.198251+00:00,close,,ADAIRT,Supertrend+ADX,short,,,60770.0,58618.807571795856,,,,4.936646,,10619.675495924272,3816031.9423390515,TP1,,,,,,,,,
2026-09-26T20:46:56.989539+00:00,open,,DOGEIRT,ICT/SMC Scalp Pro,long,,,22370.0,,22199.97608505283,22625.035872420754,22880.07174484152,8.94,200000.0,,,,,,,,,,,,
2026-09-26T20:47:11.019723+00:00,close,,ETHIRT,ICT/SMC Scalp Pro,long,,,626230953.0,625097622.4652486,,,,0.000159,,-180.199555025475,3815851.742784026,SL,,,,,,,,,
2026-09-26T20:47:12.480518+00:00,close,,ETHIRT,ICT/SMC Scalp Pro,long,,,626230953.0,625097622.4652486,,,,0.00016,,-181.3328855602265,3815670.409898466,SL,,,,,,,,,
2026-09-26T20:47:16.338578+00:00,open,,ETHIRT,ICT/SMC Scalp Pro,long,,,624157938.0,,622599238.0725428,626495987.8911858,628834037.7823718,0.00032,200000.0,,,,,,,,,,,,
2026-09-26T20:47:37.676691+00:00,close,,LINKIRT,ICT/SMC Scalp Pro,short,,,3385302.0,3249530.176354155,,,,0.0295,,4005.268797552429,3819675.678696018,TP2,,,,,,,,,
2026-09-26T20:47:46.000811+00:00,close,,NOTIRT,ICT/SMC Scalp Pro,short,,,121.65,116.591704010091,,,,822.0,,4157.919303705208,3823833.597999723,TP2,,,,,,,,,
2026-09-26T20:47:52.255864+00:00,close,,PEPEIRT,ICT/SMC Scalp Pro,long,,,1.027315,1.0107083099323872,,,,97341.1,,-1616.5134785404975,3822217.084521183,SL,,,,,,,,,
2026-09-26T20:47:52.755864+00:00,close,,PEPEIRT,ICT/SMC Scalp Pro,long,,,1.027315,1.0107083099323872,,,,97341.1,,-1616.5134785404975,3820600.5710426425,SL,,,,,,,,,
2026-09-26T20:47:56.932149+00:00,close,,SEIIRT,ICT/SMC Scalp Pro,short,,,17379.0,16606.072189112743,,,,5.8,,4482.981303146089,3825083.5523457886,TP2,,,,,,,,,
2026-09-26T20:48:14.527503+00:00,close,,TIAIRT,ICT/SMC Scalp Pro,short,,,119505.0,114623.95858150654,,,,0.8368,,4084.45545899533,3829168.007804784,TP2,,,,,,,,,
2026-09-26T20:48:21.318755+00:00,open,,TRBIRT,ICT/SMC Scalp Pro,long,,,4604600.5,,4549286.566441922,4687571.400337116,4770542.300674232,0.0434,200000.0,,,,,,,,,,,,
2026-09-26T20:48:23.491734+00:00,close,,TRXIRT,ICT/SMC Scalp Pro,long,,,78302.0,78199.32768577363,,,,1.27,,-130.39383906748407,3829037.6139657167,SL,,,,,,,,,
2026-09-26T20:48:23.991734+00:00,close,,TRXIRT,ICT/SMC Scalp Pro,long,,,78302.0,78199.32768577363,,,,1.27,,-130.39383906748407,3828907.2201266494,SL,,,,,,,,,
2026-09-26T20:48:30.413054+00:00,open,,TRXIRT,ICT/SMC Scalp Pro,long,,,78239.0,,78125.57929111272,78409.13106333092,78579.26212666181,2.55,200000.0,,,,,,,,,,,,
2026-09-26T20:48:34.217010+00:00,close,,WIFIRT,Supertrend+ADX,short,,,59116.5,56284.27724719332,,,,5.07,,14359.369356729869,3843266.5894833794,TP1,,,,,,,,,
2026-09-26T20:48:38.429108+00:00,close,,XLMIRT,ICT/SMC Scalp Pro,short,,,51428.5,50246.33892602405,,,,1.9444,,2298.5939922388493,3845565.1834756183,TP2,,,,,,,,,
2026-09-26T20:48:43.612377+00:00,open,,XRPIRT,ICT/SMC Scalp Pro,long,,,352243.0,,349776.050106541,355943.4248401884,359643.8496803769,0.5,200000.0,,,,,,,,,,,,
2026-09-26T21:01:58.846406+00:00,close,,TRXIRT,ICT/SMC Scalp Pro,long,,,78239.0,78125.57929111272,,,,1.27,,-144.04430028684436,3845421.139175331,SL,,,,,,,,,
2026-09-26T21:01:59.346406+00:00,close,,TRXIRT,ICT/SMC Scalp Pro,long,,,78239.0,78125.57929111272,,,,1.27,,-144.04430028684436,3845277.094875044,SL,,,,,,,,,
2026-09-26T21:02:02.723053+00:00,open,,TRXIRT,ICT/SMC Scalp Pro,long,,,78439.5,,78324.845233963,78611.48214905549,78783.464298111,2.54,200000.0,,,,,,,,,,,,
2026-09-26T21:15:55.269366+00:00,close,,ETHIRT,ICT/SMC Scalp Pro,long,,,624157938.0,626495987.8911858,,,,0.00016,,374.0879825897217,3845651.182857634,TP1,,,,,,,,,
2026-09-26T21:16:39.956189+00:00,close,,TRXIRT,ICT/SMC Scalp Pro,long,,,78439.5,78324.845233963,,,,1.27,,-145.61155286698732,3845505.571304767,SL,,,,,,,,,
2026-09-26T21:16:40.456189+00:00,close,,TRXIRT,ICT/SMC Scalp Pro,long,,,78439.5,78324.845233963,,,,1.27,,-145.61155286698732,3845359.9597519,SL,,,,,,,,,
2026-09-26T21:46:22.235946+00:00,close,,SOLIRT,ICT/SMC Scalp Pro,short,,,28254389.5,28398797.14113888,,,,0.003,,-433.222923416622,3844926.736828483,SL,,,,,,,,,
2026-09-26T21:46:22.835768+00:00,close,,SOLIRT,ICT/SMC Scalp Pro,short,,,28254389.5,28398797.14113888,,,,0.004,,-577.630564555496,3844349.1062639276,SL,,,,,,,,,
2026-09-26T22:00:57.044137+00:00,open,,ARBIRT,Supertrend+ADX,short,,,52651.5,,54647.690411611686,49657.21438258248,46662.92876516495,11.3956,600000.0,,,,,,,,,,,,
2026-09-26T22:16:19.728920+00:00,open,,SOLIRT,ICT/SMC Scalp Pro,short,,,28408415.5,,28604110.290143616,28114873.31478457,27821331.129569154,0.007,200000.0,,,,,,,,,,,,
2026-09-26T22:16:39.193297+00:00,close,,XRPIRT,ICT/SMC Scalp Pro,long,,,352243.0,355943.4248401884,,,,0.2,,740.0849680376822,3845089.1912319656,TP1,,,,,,,,,
2026-09-26T22:31:40.031734+00:00,open,,TRXIRT,ICT/SMC Scalp Pro,long,,,78009.0,,77885.15209702846,78194.7718544573,78380.54370891459,2.56,200000.0,,,,,,,,,,,,
2026-09-26T23:16:29.878536+00:00,close,,TRXIRT,ICT/SMC Scalp Pro,long,,,78009.0,77885.15209702846,,,,1.28,,-158.52531580356882,3844930.665916162,SL,,,,,,,,,
2026-09-26T23:16:30.378536+00:00,close,,TRXIRT,ICT/SMC Scalp Pro,long,,,78009.0,77885.15209702846,,,,1.28,,-158.52531580356882,3844772.1406003586,SL,,,,,,,,,
2026-09-26T23:45:43.403804+00:00,close,,DOGEIRT,ICT/SMC Scalp Pro,long,,,22370.0,22625.035872420754,,,,4.47,,1140.0103497207724,3845912.1509500793,TP1,,,,,,,,,
2026-09-26T23:45:49.762547+00:00,close,,ETHIRT,ICT/SMC Scalp Pro,long,,,624157938.0,628834037.7823718,,,,0.00016,,748.1759651794815,3846660.326915259,TP2,,,,,,,,,
2026-09-27T00:01:20.188234+00:00,open,,GRAMIRT,ICT/SMC Scalp Pro,short,,,374631.5,,382317.68370810495,363102.2244378426,351572.9488756853,0.53385,200000.0,,,,,,,,,,,,
2026-09-27T00:31:39.282144+00:00,open,,WIFIRT,ICT/SMC Scalp Pro,long,,,56922.5,,56307.85106184454,57844.47340723319,58766.44681446637,3.51,200000.0,,,,,,,,,,,,
2026-09-27T01:15:50.268917+00:00,open,,DOGSIRT,ICT/SMC Scalp Pro,short,,,12.125,,12.350589985775075,11.786615021337386,11.448230042674773,16494.8,200000.0,,,,,,,,,,,,
2026-09-27T01:16:09.202349+00:00,open,,NOTIRT,Supertrend+ADX,short,,,121.2,,125.1268618481158,115.30970722782624,109.41941445565251,4950.4,600000.0,,,,,,,,,,,,
2026-09-27T01:16:11.070248+00:00,open,,NOTIRT,ICT/SMC Scalp Pro,short,,,121.2,,122.77965594976028,118.83051607535955,116.46103215071916,1650.1,200000.0,,,,,,,,,,,,
2026-09-27T01:16:33.821555+00:00,open,,TRXIRT,ICT/SMC Scalp Pro,long,,,77860.5,,77714.38422445115,78079.67366332328,78298.84732664656,2.56,200000.0,,,,,,,,,,,,
2026-09-27T01:30:44.406089+00:00,open,,ADAIRT,ICT/SMC Scalp Pro,long,,,58680.0,,58145.912282290046,59481.13157656493,60282.26315312986,3.408316,200000.0,,,,,,,,,,,,
2026-09-27T01:30:56.236401+00:00,close,,DOGSIRT,ICT/SMC Scalp Pro,short,,,12.125,12.350589985775075,,,,8247.4,,-1860.5308486813688,3844799.7960665775,SL,,,,,,,,,
2026-09-27T01:30:56.736401+00:00,close,,DOGSIRT,ICT/SMC Scalp Pro,short,,,12.125,12.350589985775075,,,,8247.4,,-1860.5308486813688,3842939.265217896,SL,,,,,,,,,
2026-09-27T01:30:58.886981+00:00,open,,DOGSIRT,Supertrend+ADX,short,,,12.515,,13.380843196584184,11.216235205123724,9.917470410247448,47942.4,600000.0,,,,,,,,,,,,
2026-09-27T01:31:01.073299+00:00,open,,DOGSIRT,ICT/SMC Scalp Pro,short,,,12.515,,12.79666854934196,12.09249717598706,11.66999435197412,15980.8,200000.0,,,,,,,,,,,,
2026-09-27T01:31:20.888707+00:00,close,,NOTIRT,ICT/SMC Scalp Pro,short,,,121.2,122.77965594976028,,,,825.0,,-1303.2161585522426,3841636.049059344,SL,,,,,,,,,
2026-09-27T01:31:21.388707+00:00,close,,NOTIRT,ICT/SMC Scalp Pro,short,,,121.2,122.77965594976028,,,,825.0,,-1303.2161585522426,3840332.832900792,SL,,,,,,,,,
2026-09-27T01:31:24.307860+00:00,open,,NOTIRT,ICT/SMC Scalp Pro,short,,,124.75,,126.81423421793193,121.6536486731021,118.5572973462042,1603.2,200000.0,,,,,,,,,,,,
2026-09-27T01:46:08.277268+00:00,close,,NOTIRT,Supertrend+ADX,short,,,121.2,125.1268618481158,,,,2475.2,,-9719.768446456275,3830613.0644543357,SL,,,,,,,,,
2026-09-27T01:46:08.777268+00:00,close,,NOTIRT,Supertrend+ADX,short,,,121.2,125.1268618481158,,,,2475.2,,-9719.768446456275,3820893.2960078795,SL,,,,,,,,,
2026-09-27T01:46:31.579867+00:00,close,,TRXIRT,ICT/SMC Scalp Pro,long,,,77860.5,77714.38422445115,,,,1.28,,-187.0281927025318,3820706.267815177,SL,,,,,,,,,
2026-09-27T01:46:32.079867+00:00,close,,TRXIRT,ICT/SMC Scalp Pro,long,,,77860.5,77714.38422445115,,,,1.28,,-187.0281927025318,3820519.239622474,SL,,,,,,,,,
2026-09-27T02:01:11.396563+00:00,open,,ETHIRT,ICT/SMC Scalp Pro,short,,,629607793.0,,631475163.659218,626806737.011173,624005681.0223461,0.000317,200000.0,,,,,,,,,,,,
2026-09-27T02:01:27.112258+00:00,close,,NOTIRT,ICT/SMC Scalp Pro,short,,,124.75,121.6536486731021,,,,801.6,,2482.035223641359,3823001.2748461156,TP1,,,,,,,,,
2026-09-27T02:01:34.909609+00:00,open,,SEIIRT,ICT/SMC Scalp Pro,short,,,16899.0,,17119.19356805509,16568.709647917367,16238.419295834738,11.8,200000.0,,,,,,,,,,,,
2026-09-27T02:30:46.478839+00:00,close,,ARBIRT,ICT/SMC Scalp Pro,short,,,53381.0,53381.0,,,,1.8733,,-0.0,3823001.2748461156,SL,,,,,,,,,
2026-09-27T02:30:57.298186+00:00,close,,DOGSIRT,ICT/SMC Scalp Pro,short,,,12.515,12.09249717598706,,,,7990.4,,3375.9665649929907,3826377.2414111085,TP1,,,,,,,,,
2026-09-27T02:31:21.460343+00:00,open,,PEPEIRT,ICT/SMC Scalp Pro,short,,,1.02403,,1.0359616273192636,1.0061325590211043,0.9882351180422092,195306.7,200000.0,,,,,,,,,,,,
2026-09-27T03:01:08.947512+00:00,close,,ETHIRT,ICT/SMC Scalp Pro,short,,,629607793.0,631475163.659218,,,,0.000158,,-295.04456415643665,3826082.196846952,SL,,,,,,,,,
2026-09-27T03:01:09.339087+00:00,close,,ETHIRT,ICT/SMC Scalp Pro,short,,,629607793.0,631475163.659218,,,,0.000159,,-296.9119348156546,3825785.2849121364,SL,,,,,,,,,
2026-09-27T03:01:19.186128+00:00,close,,GRAMIRT,ICT/SMC Scalp Pro,short,,,374631.5,363102.2244378426,,,,0.26692,,3077.39423305105,3828862.6791451876,TP1,,,,,,,,,
2026-09-27T03:01:44.630892+00:00,open,,TIAIRT,ICT/SMC Scalp Pro,long,,,114422.5,,113248.53551529092,116183.44672706362,117944.39345412725,1.7479,200000.0,,,,,,,,,,,,
2026-09-27T03:01:58.069218+00:00,open,,XLMIRT,ICT/SMC Scalp Pro,long,,,50185.65,,49817.15334840855,50738.39497738719,51291.13995477437,3.9852,200000.0,,,,,,,,,,,,
2026-09-27T03:31:30.927266+00:00,close,,SOLIRT,ICT/SMC Scalp Pro,short,,,28408415.5,28114873.31478457,,,,0.003,,880.6265556462743,3829743.305700834,TP1,,,,,,,,,
2026-09-27T04:01:52.678994+00:00,close,,WIFIRT,ICT/SMC Scalp Pro,long,,,56922.5,56307.85106184454,,,,1.75,,-1075.635641772049,3828667.670059062,SL,,,,,,,,,
2026-09-27T04:01:53.178994+00:00,close,,WIFIRT,ICT/SMC Scalp Pro,long,,,56922.5,56307.85106184454,,,,1.75,,-1075.635641772049,3827592.0344172902,SL,,,,,,,,,
2026-09-27T04:31:24.991992+00:00,close,,NOTIRT,ICT/SMC Scalp Pro,short,,,124.75,118.5572973462042,,,,801.6,,4964.070447282718,3832556.104864573,TP2,,,,,,,,,
2026-09-27T04:45:43.663349+00:00,close,,DOGEIRT,ICT/SMC Scalp Pro,long,,,22370.0,22370.0,,,,4.47,,0.0,3832556.104864573,SL,,,,,,,,,
2026-09-27T04:46:34.557111+00:00,close,,XLMIRT,ICT/SMC Scalp Pro,long,,,50185.65,49817.15334840855,,,,1.9926,,-734.2664279611364,3831821.838436612,SL,,,,,,,,,
2026-09-27T04:46:35.057111+00:00,close,,XLMIRT,ICT/SMC Scalp Pro,long,,,50185.65,49817.15334840855,,,,1.9926,,-734.2664279611364,3831087.5720086507,SL,,,,,,,,,
2026-09-27T04:46:39.066066+00:00,open,,XLMIRT,ICT/SMC Scalp Pro,long,,,49846.65,,49473.172265465335,50406.866601802,50967.08320360401,4.0123,200000.0,,,,,,,,,,,,
2026-09-27T04:46:42.154357+00:00,close,,XRPIRT,ICT/SMC Scalp Pro,long,,,352243.0,352243.0,,,,0.3,,0.0,3831087.5720086507,SL,,,,,,,,,
2026-09-27T04:46:45.698293+00:00,open,,XRPIRT,ICT/SMC Scalp Pro,long,,,352488.0,,350415.1268418921,355597.30973716185,358706.61947432376,0.5,200000.0,,,,,,,,,,,,
2026-09-27T05:01:20.654561+00:00,open,,HBARIRT,ICT/SMC Scalp Pro,long,,,21656.5,,21480.566086934403,21920.4008695984,22184.301739196795,9.2351,200000.0,,,,,,,,,,,,
2026-09-27T05:16:09.084176+00:00,open,,LINKIRT,ICT/SMC Scalp Pro,short,,,3299573.5,,3331401.7807508367,3251831.0788737447,3204088.65774749,0.0606,200000.0,,,,,,,,,,,,
2026-09-27T05:31:06.854472+00:00,close,,GRAMIRT,ICT/SMC Scalp Pro,short,,,374631.5,374631.5,,,,0.26693,,-0.0,3831087.5720086507,SL,,,,,,,,,
2026-09-27T05:46:09.742443+00:00,close,,SEIIRT,ICT/SMC Scalp Pro,short,,,16899.0,17119.19356805509,,,,5.9,,-1299.1420515250234,3829788.429957126,SL,,,,,,,,,
2026-09-27T05:46:10.242443+00:00,close,,SEIIRT,ICT/SMC Scalp Pro,short,,,16899.0,17119.19356805509,,,,5.9,,-1299.1420515250234,3828489.287905601,SL,,,,,,,,,
2026-09-27T05:46:13.562223+00:00,open,,SEIIRT,Supertrend+ADX,short,,,17195.0,,17681.080669910618,16465.878995134073,15736.757990268146,34.8,600000.0,,,,,,,,,,,,
2026-09-27T05:46:20.031404+00:00,close,,SOLIRT,ICT/SMC Scalp Pro,short,,,28408415.5,28408415.5,,,,0.004,,-0.0,3828489.287905601,SL,,,,,,,,,
2026-09-27T05:46:37.068038+00:00,close,,XLMIRT,ICT/SMC Scalp Pro,long,,,49846.65,50406.866601802,,,,2.0061,,1123.8505248749918,3829613.1384304757,TP1,,,,,,,,,
2026-09-27T05:46:39.876061+00:00,close,,XRPIRT,ICT/SMC Scalp Pro,long,,,352488.0,355597.30973716185,,,,0.2,,621.86194743237,3830235.000377908,TP1,,,,,,,,,
2026-09-27T07:00:55.324540+00:00,close,,ADAIRT,ICT/SMC Scalp Pro,long,,,58680.0,59481.13157656493,,,,1.704158,,1365.2547852557452,3831600.2551631634,TP1,,,,,,,,,
2026-09-27T07:01:21.816964+00:00,close,,HBARIRT,ICT/SMC Scalp Pro,long,,,21656.5,21920.4008695984,,,,4.6175,,1218.5622653706007,3832818.817428534,TP1,,,,,,,,,
2026-09-27T07:01:25.661383+00:00,close,,LINKIRT,ICT/SMC Scalp Pro,short,,,3299573.5,3331401.7807508367,,,,0.0303,,-964.3969067503524,3831854.4205217836,SL,,,,,,,,,
2026-09-27T07:01:26.161383+00:00,close,,LINKIRT,ICT/SMC Scalp Pro,short,,,3299573.5,3331401.7807508367,,,,0.0303,,-964.3969067503524,3830890.0236150334,SL,,,,,,,,,
2026-09-27T07:01:41.799281+00:00,close,,SUIIRT,ICT/SMC Scalp Pro,short,,,279831.5,279831.5,,,,0.3574,,-0.0,3830890.0236150334,SL,,,,,,,,,
2026-09-27T07:01:54.296271+00:00,open,,TRXIRT,ICT/SMC Scalp Pro,long,,,78055.0,,77932.76104748528,78238.35842877207,78421.71685754412,2.56,200000.0,,,,,,,,,,,,
2026-09-27T07:16:05.180993+00:00,open,,LINKIRT,ICT/SMC Scalp Pro,short,,,3351236.5,,3381559.5037075537,3305751.9944386687,3260267.4888773374,0.0596,200000.0,,,,,,,,,,,,
2026-09-27T07:16:25.795763+00:00,close,,TIAIRT,ICT/SMC Scalp Pro,long,,,114422.5,116183.44672706362,,,,0.8739,,1538.8913447809005,3832428.9149598144,TP1,,,,,,,,,
2026-09-27T07:16:39.536359+00:00,close,,XLMIRT,ICT/SMC Scalp Pro,long,,,49846.65,50967.08320360401,,,,2.0061,,2247.701049749998,3834676.6160095646,TP2,,,,,,,,,
2026-09-27T07:31:15.161639+00:00,close,,HBARIRT,ICT/SMC Scalp Pro,long,,,21656.5,22184.301739196795,,,,4.6175,,2437.1245307412014,3837113.7405403056,TP2,,,,,,,,,
2026-09-27T07:31:38.934265+00:00,open,,SUIIRT,ICT/SMC Scalp Pro,short,,,287500.0,,292298.74082857167,280301.8887571426,273103.7775142852,0.6956,200000.0,,,,,,,,,,,,
2026-09-27T07:31:45.374764+00:00,close,,TRBIRT,ICT/SMC Scalp Pro,long,,,4604600.5,4687571.400337116,,,,0.0217,,1800.4685373154143,3838914.209077621,TP1,,,,,,,,,
2026-09-27T07:31:48.206129+00:00,close,,TRXIRT,ICT/SMC Scalp Pro,long,,,78055.0,77932.76104748528,,,,1.28,,-156.46585921883585,3838757.743218402,SL,,,,,,,,,
2026-09-27T07:31:48.706129+00:00,close,,TRXIRT,ICT/SMC Scalp Pro,long,,,78055.0,77932.76104748528,,,,1.28,,-156.46585921883585,3838601.277359183,SL,,,,,,,,,
2026-09-27T07:31:51.411227+00:00,open,,TRXIRT,ICT/SMC Scalp Pro,long,,,78049.5,,77935.50269824568,78220.4959526315,78391.49190526298,2.56,200000.0,,,,,,,,,,,,
2026-09-27T07:31:57.919361+00:00,open,,XLMIRT,ICT/SMC Scalp Pro,short,,,50949.45,,51315.844129349614,50399.85880597557,49850.267611951145,3.9254,200000.0,,,,,,,,,,,,
2026-09-27T07:45:38.679257+00:00,close,,ADAIRT,ICT/SMC Scalp Pro,long,,,58680.0,60282.26315312986,,,,1.704158,,2730.509570511478,3841331.7869296945,TP2,,,,,,,,,
2026-09-27T07:46:12.553176+00:00,close,,PEPEIRT,ICT/SMC Scalp Pro,short,,,1.02403,1.0359616273192636,,,,97653.3,,-1165.1627820962403,3840166.624147598,SL,,,,,,,,,
2026-09-27T07:46:13.103083+00:00,close,,PEPEIRT,ICT/SMC Scalp Pro,short,,,1.02403,1.0359616273192636,,,,97653.4,,-1165.1639752589722,3839001.4601723393,SL,,,,,,,,,
2026-09-27T07:46:25.357201+00:00,open,,SOLIRT,ICT/SMC Scalp Pro,short,,,28601993.5,,28756493.00955917,28370244.23566125,28138494.97132249,0.006,200000.0,,,,,,,,,,,,
2026-09-27T07:46:27.734877+00:00,close,,SUIIRT,ICT/SMC Scalp Pro,short,,,287500.0,292298.74082857167,,,,0.3478,,-1669.0020601772255,3837332.458112162,SL,,,,,,,,,
2026-09-27T07:46:28.234877+00:00,close,,SUIIRT,ICT/SMC Scalp Pro,short,,,287500.0,292298.74082857167,,,,0.3478,,-1669.0020601772255,3835663.456051985,SL,,,,,,,,,
2026-09-27T07:46:31.925497+00:00,open,,SUIIRT,ICT/SMC Scalp Pro,short,,,293185.5,,298592.23530447145,285075.3970432928,276965.29408658564,0.6821,200000.0,,,,,,,,,,,,
2026-09-27T07:46:50.814038+00:00,close,,XRPIRT,ICT/SMC Scalp Pro,long,,,352488.0,358706.61947432376,,,,0.3,,1865.585842297127,3837529.0418942817,TP2,,,,,,,,,
2026-09-27T08:00:53.237281+00:00,close,,ARBIRT,Supertrend+ADX,short,,,52651.5,54647.690411611686,,,,5.6978,,-11373.893727281064,3826155.1481670006,SL,,,,,,,,,
2026-09-27T08:00:53.737281+00:00,close,,ARBIRT,Supertrend+ADX,short,,,52651.5,54647.690411611686,,,,5.6978,,-11373.893727281064,3814781.2544397195,SL,,,,,,,,,
2026-09-27T08:00:56.963800+00:00,open,,ARBIRT,ICT/SMC Scalp Pro,short,,,54818.0,,55930.58182121882,53149.12726817178,51480.25453634356,3.6484,200000.0,,,,,,,,,,,,
2026-09-27T08:01:00.846316+00:00,close,,BTCIRT,ICT/SMC Scalp Pro,long,,,19404576745.0,19810394303.98818,,,,5.15e-06,,2089.960428789118,3816871.2148685087,TP2,,,,,,,,,
2026-09-27T08:01:06.226002+00:00,open,,BTCIRT,ICT/SMC Scalp Pro,short,,,19830371126.0,,19869489022.104084,19771694281.843872,19713017437.687744,1.008e-05,200000.0,,,,,,,,,,,,
2026-09-27T08:01:11.731453+00:00,open,,DOGEIRT,ICT/SMC Scalp Pro,short,,,22963.5,,23123.083899453675,22724.124150819487,22484.74830163897,8.7,200000.0,,,,,,,,,,,,
2026-09-27T08:01:19.893446+00:00,open,,ETHIRT,ICT/SMC Scalp Pro,short,,,635330312.0,,637289820.4650077,632391049.3024884,629451786.6049769,0.000314,200000.0,,,,,,,,,,,,
2026-09-27T08:01:37.221463+00:00,open,,HBARIRT,ICT/SMC Scalp Pro,short,,,22419.0,,22614.999547670755,22125.000678493867,21831.001356987734,8.921,200000.0,,,,,,,,,,,,
2026-09-27T08:01:39.599878+00:00,close,,LINKIRT,ICT/SMC Scalp Pro,short,,,3351236.5,3381559.5037075537,,,,0.0298,,-903.625510485101,3815967.589358024,SL,,,,,,,,,
2026-09-27T08:01:40.099878+00:00,close,,LINKIRT,ICT/SMC Scalp Pro,short,,,3351236.5,3381559.5037075537,,,,0.0298,,-903.625510485101,3815063.963847539,SL,,,,,,,,,
2026-09-27T08:01:50.486019+00:00,close,,SEIIRT,Supertrend+ADX,short,,,17195.0,17681.080669910618,,,,17.4,,-8457.80365644475,3806606.160191094,SL,,,,,,,,,
2026-09-27T08:01:50.986019+00:00,close,,SEIIRT,Supertrend+ADX,short,,,17195.0,17681.080669910618,,,,17.4,,-8457.80365644475,3798148.356534649,SL,,,,,,,,,
2026-09-27T08:01:57.831539+00:00,close,,SOLIRT,ICT/SMC Scalp Pro,short,,,28601993.5,28756493.00955917,,,,0.003,,-463.49852867750826,3797684.8580059716,SL,,,,,,,,,
2026-09-27T08:01:58.331539+00:00,close,,SOLIRT,ICT/SMC Scalp Pro,short,,,28601993.5,28756493.00955917,,,,0.003,,-463.49852867750826,3797221.359477294,SL,,,,,,,,,
2026-09-27T08:02:02.801477+00:00,open,,SOLIRT,ICT/SMC Scalp Pro,short,,,29079439.5,,29291525.34259948,28761310.736100785,28443181.97220157,0.006,200000.0,,,,,,,,,,,,
2026-09-27T08:02:09.222720+00:00,close,,TIAIRT,ICT/SMC Scalp Pro,long,,,114422.5,117944.39345412725,,,,0.874,,3078.134878907201,3800299.4943562015,TP2,,,,,,,,,
2026-09-27T08:02:17.036034+00:00,close,,TRXIRT,ICT/SMC Scalp Pro,long,,,78049.5,78220.4959526315,,,,1.28,,218.8748193683289,3800518.3691755696,TP1,,,,,,,,,
2026-09-27T08:02:17.683390+00:00,close,,TRXIRT,ICT/SMC Scalp Pro,long,,,78049.5,78049.5,,,,1.28,,0.0,3800518.3691755696,SL,,,,,,,,,
2026-09-27T08:02:26.839428+00:00,open,,WIFIRT,ICT/SMC Scalp Pro,short,,,58563.5,,59272.6518637784,57499.7722043324,56436.0444086648,3.41,200000.0,,,,,,,,,,,,
2026-09-27T08:02:29.073287+00:00,close,,XLMIRT,ICT/SMC Scalp Pro,short,,,50949.45,51315.844129349614,,,,1.9627,,-719.1217576744938,3799799.247417895,SL,,,,,,,,,
2026-09-27T08:02:29.573287+00:00,close,,XLMIRT,ICT/SMC Scalp Pro,short,,,50949.45,51315.844129349614,,,,1.9627,,-719.1217576744938,3799080.1256602206,SL,,,,,,,,,
2026-09-27T08:02:32.345251+00:00,open,,XLMIRT,ICT/SMC Scalp Pro,short,,,51324.25,,51706.45383538368,50750.94424692447,50177.638493848935,3.8967,200000.0,,,,,,,,,,,,
2026-09-27T08:02:36.080544+00:00,open,,XRPIRT,ICT/SMC Scalp Pro,short,,,360266.5,,362468.1348720684,356964.0476918973,353661.5953837947,0.5,200000.0,,,,,,,,,,,,
2026-09-27T08:31:59.798933+00:00,open,,SEIIRT,ICT/SMC Scalp Pro,short,,,17860.5,,18129.7844916429,17456.57326253565,17052.646525071304,11.1,200000.0,,,,,,,,,,,,
2026-09-27T08:33:15.464795+00:00,close,,SUIIRT,ICT/SMC Scalp Pro,short,,,293185.5,298592.23530447145,,,,0.341,,-1843.696738824766,3797236.428921396,SL,,,,,,,,,
2026-09-27T08:33:16.162394+00:00,close,,SUIIRT,ICT/SMC Scalp Pro,short,,,293185.5,298592.23530447145,,,,0.3411,,-1844.237412355213,3795392.1915090405,SL,,,,,,,,,
2026-09-27T08:45:40.622019+00:00,close,,BTCIRT,ICT/SMC Scalp Pro,short,,,19830371126.0,19869489022.104084,,,,5.04e-06,,-197.15419636458344,3795195.0373126757,SL,,,,,,,,,
2026-09-27T08:45:41.122019+00:00,close,,BTCIRT,ICT/SMC Scalp Pro,short,,,19830371126.0,19869489022.104084,,,,5.04e-06,,-197.15419636458344,3794997.883116311,SL,,,,,,,,,
2026-09-27T08:45:53.193184+00:00,close,,ETHIRT,ICT/SMC Scalp Pro,short,,,635330312.0,637289820.4650077,,,,0.000157,,-307.64282900620304,3794690.240287305,SL,,,,,,,,,
2026-09-27T08:45:53.693184+00:00,close,,ETHIRT,ICT/SMC Scalp Pro,short,,,635330312.0,637289820.4650077,,,,0.000157,,-307.64282900620304,3794382.597458299,SL,,,,,,,,,
2026-09-27T09:12:13.640193+00:00,open,,BTCIRT,ICT/SMC Scalp Pro,short,,,19831663776.0,,19875078607.255707,19766541529.11644,19701419282.23288,1.008e-05,200000.0,,,,,,,,,,,,
2026-09-27T09:45:43.643046+00:00,close,,BTCIRT,ICT/SMC Scalp Pro,short,,,19831663776.0,19875078607.255707,,,,5.04e-06,,-218.81074952876224,3794163.78670877,SL,,,,,,,,,
2026-09-27T09:45:44.143046+00:00,close,,BTCIRT,ICT/SMC Scalp Pro,short,,,19831663776.0,19875078607.255707,,,,5.04e-06,,-218.81074952876224,3793944.975959241,SL,,,,,,,,,
2026-09-27T09:45:47.394837+00:00,open,,BTCIRT,ICT/SMC Scalp Pro,short,,,19893526731.0,,19938914095.51554,19825445684.22669,19757364637.453377,1.005e-05,200000.0,,,,,,,,,,,,
2026-09-27T09:46:15.664252+00:00,open,,NOTIRT,Supertrend+ADX,short,,,122.95,,126.42834428031894,117.73248357952158,112.51496715904317,4880.0,600000.0,,,,,,,,,,,,
2026-09-27T09:46:19.305316+00:00,open,,NOTIRT,ICT/SMC Scalp Pro,short,,,122.95,,124.52154877823418,120.59267683264876,118.23535366529752,1626.6,200000.0,,,,,,,,,,,,
2026-09-27T10:01:28.896350+00:00,close,,BTCIRT,Supertrend+ADX,short,,,19917529852.0,19917529852.0,,,,1.506e-05,,-0.0,3793944.975959241,SL,,,,,,,,,
2026-09-27T10:01:33.505312+00:00,close,,BTCIRT,ICT/SMC Scalp Pro,short,,,19893526731.0,19938914095.51554,,,,5.02e-06,,-227.8445698680162,3793717.131389373,SL,,,,,,,,,
2026-09-27T10:01:34.009413+00:00,close,,BTCIRT,ICT/SMC Scalp Pro,short,,,19893526731.0,19938914095.51554,,,,5.03e-06,,-228.29844351317163,3793488.83294586,SL,,,,,,,,,
2026-09-27T10:01:40.311697+00:00,open,,BTCIRT,ICT/SMC Scalp Pro,short,,,19930754628.5,,19977578110.874943,19860519404.93759,19790284181.375183,1.003e-05,200000.0,,,,,,,,,,,,
2026-09-27T10:01:54.404779+00:00,open,,ETHIRT,ICT/SMC Scalp Pro,short,,,637200000.0,,639241218.2849706,634138172.5725441,631076345.1450883,0.000313,200000.0,,,,,,,,,,,,
2026-09-27T10:02:26.720189+00:00,open,,PEPEIRT,ICT/SMC Scalp Pro,short,,,1.034115,,1.0467274697694626,1.0151962953458056,0.9962775906916114,193402.0,200000.0,,,,,,,,,,,,
2026-09-27T10:16:29.415395+00:00,close,,SOLIRT,ICT/SMC Scalp Pro,short,,,29079439.5,29291525.34259948,,,,0.003,,-636.2575277984217,3792852.5754180616,SL,,,,,,,,,
2026-09-27T10:16:29.915395+00:00,close,,SOLIRT,ICT/SMC Scalp Pro,short,,,29079439.5,29291525.34259948,,,,0.003,,-636.2575277984217,3792216.317890263,SL,,,,,,,,,
2026-09-27T10:32:00.318641+00:00,close,,XRPIRT,ICT/SMC Scalp Pro,short,,,360266.5,362468.1348720684,,,,0.2,,-440.3269744136837,3791775.9909158493,SL,,,,,,,,,
2026-09-27T10:32:00.733327+00:00,close,,XRPIRT,ICT/SMC Scalp Pro,short,,,360266.5,362468.1348720684,,,,0.3,,-660.4904616205255,3791115.500454229,SL,,,,,,,,,
2026-09-27T11:01:26.009013+00:00,open,,FLOKIIRT,ICT/SMC Scalp Pro,long,,,6.80257,,6.733906924898963,6.905564612651555,7.008559225303112,29400.6,200000.0,,,,,,,,,,,,
2026-09-27T11:01:31.140711+00:00,open,,GRAMIRT,ICT/SMC Scalp Pro,short,,,385840.0,,393021.1703620882,375068.2444568677,364296.4889137354,0.51834,200000.0,,,,,,,,,,,,
2026-09-27T11:15:39.670027+00:00,close,,BTCIRT,ICT/SMC Scalp Pro,short,,,19930754628.5,19977578110.874943,,,,5.01e-06,,-234.5856466984633,3790880.9148075306,SL,,,,,,,,,
2026-09-27T11:15:40.229676+00:00,close,,BTCIRT,ICT/SMC Scalp Pro,short,,,19930754628.5,19977578110.874943,,,,5.02e-06,,-235.0538815222128,3790645.8609260083,SL,,,,,,,,,
2026-09-27T12:01:40.828488+00:00,open,bot1,SHIBIRT,ICT/SMC Scalp Pro,short,820.0,,1.4043,,1.4160287053823843,1.3867069419264235,1.3691138838528476,142419.7,200000.0,,,,,5.0,,,,,,,
2026-09-27T12:01:45.657119+00:00,open,bot1,SUIIRT,ICT/SMC Scalp Pro,short,821.0,,293704.0,,298677.5035317833,286243.74470232497,278783.4894046499,0.6809,200000.0,,,,,5.0,,,,,,,
2026-09-27T12:15:47.982415+00:00,close,bot1,ARBIRT,ICT/SMC Scalp Pro,short,801.0,a,54818.0,53149.12726817178,,,,1.8242,,3044.3576374010354,3793690.2185634095,TP1,,,,,,,,,
2026-09-27T12:15:54.421659+00:00,close,bot1,DOGEIRT,ICT/SMC Scalp Pro,short,803.0,a,22963.5,23123.083899453675,,,,4.35,,-694.1899626234873,3792996.028600786,SL,,,,,,,,,
2026-09-27T12:15:54.921659+00:00,close,bot1,DOGEIRT,ICT/SMC Scalp Pro,short,803.0,b,22963.5,23123.083899453675,,,,4.35,,-694.1899626234873,3792301.8386381622,SL,,,,,,,,,
2026-09-27T12:17:04.675423+00:00,open,bot1,TIAIRT,ICT/SMC Scalp Pro,short,822.0,,116877.5,,118163.9263886414,114947.8604170379,113018.2208340758,1.7111,200000.0,,,,,5.0,,,,,,,
2026-09-27T12:17:14.523833+00:00,close,bot1,WIFIRT,Supertrend+ADX,short,751.0,b,59116.5,59116.5,,,,5.07,,-0.0,3792301.8386381622,SL,,,,,,,,,
2026-09-27T12:17:15.523833+00:00,close,bot1,WIFIRT,Supertrend+ADX,short,751.0,a,59116.5,59116.5,,,,5.07,,-0.0,3792301.8386381622,SL,,,,,,,,,
2026-09-27T12:45:37.080007+00:00,close,bot1,ADAIRT,Supertrend+ADX,short,754.0,b,60770.0,60770.0,,,,4.936646,,-0.0,3792301.8386381622,SL,,,,,,,,,
2026-09-27T12:45:38.080007+00:00,close,bot1,ADAIRT,Supertrend+ADX,short,754.0,a,60770.0,60770.0,,,,4.936646,,-0.0,3792301.8386381622,SL,,,,,,,,,
2026-09-27T12:45:42.222747+00:00,open,bot1,ADAIRT,ICT/SMC Scalp Pro,short,823.0,,61004.5,,61551.04725157232,60184.67912264152,59364.858245283045,3.278446,200000.0,,,,,5.0,,,,,,,
2026-09-27T12:46:24.233123+00:00,close,bot1,PEPEIRT,ICT/SMC Scalp Pro,short,817.0,a,1.034115,1.0467274697694626,,,,96701.0,,-1219.6384391768156,3791082.2001989856,SL,,,,,,,,,
2026-09-27T12:46:24.733123+00:00,close,bot1,PEPEIRT,ICT/SMC Scalp Pro,short,817.0,b,1.034115,1.0467274697694626,,,,96701.0,,-1219.6384391768156,3789862.561759809,SL,,,,,,,,,
2026-09-27T13:01:17.599803+00:00,close,bot1,FLOKIIRT,ICT/SMC Scalp Pro,long,818.0,a,6.80257,6.733906924898963,,,,14700.3,,-1009.3678029077788,3788853.1939569013,SL,,,,,,,,,
2026-09-27T13:01:18.099803+00:00,close,bot1,FLOKIIRT,ICT/SMC Scalp Pro,long,818.0,b,6.80257,6.733906924898963,,,,14700.3,,-1009.3678029077788,3787843.8261539936,SL,,,,,,,,,
2026-09-27T13:01:25.137197+00:00,close,bot1,GRAMIRT,ICT/SMC Scalp Pro,short,819.0,a,385840.0,375068.2444568677,,,,0.25917,,2791.715884113601,3790635.5420381073,TP1,,,,,,,,,
2026-09-27T13:01:33.002593+00:00,close,bot1,HBARIRT,ICT/SMC Scalp Pro,short,805.0,a,22419.0,22125.000678493867,,,,4.4605,,1311.3839735781066,3791946.9260116853,TP1,,,,,,,,,
2026-09-27T13:01:33.708524+00:00,close,bot1,HBARIRT,ICT/SMC Scalp Pro,short,805.0,b,22419.0,22419.0,,,,4.4605,,-0.0,3791946.9260116853,SL,,,,,,,,,
2026-09-27T13:01:40.571071+00:00,close,bot1,NOTIRT,ICT/SMC Scalp Pro,short,814.0,a,122.95,120.59267683264876,,,,813.3,,1917.2109320067743,3793864.136943692,TP1,,,,,,,,,
2026-09-27T13:01:54.023292+00:00,close,bot1,SEIIRT,ICT/SMC Scalp Pro,short,810.0,a,17860.5,17456.57326253565,,,,5.5,,2221.597056053922,3796085.733999746,TP1,,,,,,,,,
2026-09-27T13:02:14.812356+00:00,open,bot1,TRBIRT,Supertrend+ADX,long,824.0,,4637305.0,,4561301.780776607,4751309.828835091,4865314.65767018,0.1293,600000.0,,,,16.98,,,,,,,,
2026-09-27T13:02:21.761435+00:00,close,bot1,XLMIRT,ICT/SMC Scalp Pro,short,808.0,a,51324.25,50750.94424692447,,,,1.9483,,1116.9715987170596,3797202.705598463,TP1,,,,,,,,,
2026-09-27T13:02:22.487735+00:00,close,bot1,XLMIRT,ICT/SMC Scalp Pro,short,808.0,b,51324.25,51324.25,,,,1.9484,,-0.0,3797202.705598463,SL,,,,,,,,,
2026-09-27T13:02:25.358755+00:00,open,bot1,XLMIRT,ICT/SMC Scalp Pro,long,825.0,,50657.8,,50226.89894616272,51304.151580755926,51950.50316151184,3.948,200000.0,,,,,6.0,,,,,,,
2026-09-27T13:15:37.366734+00:00,close,bot1,ADAIRT,ICT/SMC Scalp Pro,short,823.0,a,61004.5,60184.67912264152,,,,1.639223,,1343.8692380461955,3798546.574836509,TP1,,,,,,,,,
2026-09-27T13:17:11.461151+00:00,open,bot1,WIFIRT,Supertrend+ADX,long,826.0,,57706.0,,55692.83787863325,60725.74318205012,63745.48636410024,10.39,600000.0,,,,25.44,,,,,,,,
2026-09-27T13:17:15.244146+00:00,open,bot1,XLMIRT,Supertrend+ADX,long,827.0,,50622.15,,49473.20872736569,52345.56190895145,54068.9738179029,11.8525,600000.0,,,,16.08,,,,,,,,
2026-09-27T13:17:18.196480+00:00,open,bot1,XRPIRT,Supertrend+ADX,long,828.0,,358942.5,,352714.79316364427,368284.0602545336,377625.6205090672,1.6,600000.0,,,,27.19,,,,,,,,
2026-09-27T13:17:20.533381+00:00,open,bot1,XRPIRT,ICT/SMC Scalp Pro,long,829.0,,358942.5,,356367.0766452308,362805.6350321537,366668.7700643075,0.5,200000.0,,,,,6.0,,,,,,,
2026-09-27T14:31:03.001696+00:00,close,bot1,ETHIRT,ICT/SMC Scalp Pro,short,816.0,a,637200000.0,634138172.5725441,,,,0.000156,,477.6450786831208,3799024.219915192,TP1,,,,,,,,,
2026-09-27T14:31:04.013160+00:00,close,bot1,ETHIRT,ICT/SMC Scalp Pro,short,816.0,b,637200000.0,637200000.0,,,,0.000157,,-0.0,3799024.219915192,SL,,,,,,,,,
2026-09-27T14:31:36.303884+00:00,close,bot1,SHIBIRT,ICT/SMC Scalp Pro,short,820.0,a,1.4043,1.3867069419264235,,,,71209.8,,1252.798146807758,3800277.0180619997,TP1,,,,,,,,,
2026-09-27T14:31:52.108538+00:00,close,bot1,TRBIRT,ICT/SMC Scalp Pro,long,767.0,b,4604600.5,4604600.5,,,,0.0217,,0.0,3800277.0180619997,SL,,,,,,,,,
2026-09-27T14:31:53.108538+00:00,close,bot1,TRBIRT,ICT/SMC Scalp Pro,long,767.0,a,4604600.5,4604600.5,,,,0.0217,,0.0,3800277.0180619997,SL,,,,,,,,,
2026-09-27T14:46:38.015522+00:00,close,bot1,TRBIRT,Supertrend+ADX,long,824.0,a,4637305.0,4561301.780776607,,,,0.0646,,-4909.807961831197,3795367.2101001684,SL,,,,,,,,,
2026-09-27T14:46:38.481590+00:00,close,bot1,TRBIRT,Supertrend+ADX,long,824.0,b,4637305.0,4561301.780776607,,,,0.0647,,-4917.408283753535,3790449.801816415,SL,,,,,,,,,
2026-09-27T14:46:42.383547+00:00,open,bot1,TRBIRT,ICT/SMC Scalp Pro,long,830.0,,4545061.0,,4498233.74151948,4615301.88772078,4685542.775441559,0.044,200000.0,,,,,5.0,,,,,,,
2026-09-27T15:01:01.397152+00:00,open,bot1,ADAIRT,Supertrend+ADX,long,831.0,,59708.5,,58214.52846120455,61949.45730819316,64190.414616386326,10.04882,600000.0,,,,17.1,,,,,,,,
2026-09-27T15:01:10.048980+00:00,open,bot1,BTCIRT,ICT/SMC Scalp Pro,long,832.0,,19912385417.0,,19839646498.850582,20021493794.22413,20130602171.44826,1.004e-05,200000.0,,,,,5.0,,,,,,,
2026-09-27T15:16:57.376679+00:00,close,bot1,TRBIRT,ICT/SMC Scalp Pro,long,830.0,a,4545061.0,4498233.74151948,,,,0.022,,-1030.1996865714398,3789419.6021298436,SL,,,,,,,,,
2026-09-27T15:16:57.876679+00:00,close,bot1,TRBIRT,ICT/SMC Scalp Pro,long,830.0,b,4545061.0,4498233.74151948,,,,0.022,,-1030.1996865714398,3788389.402443272,SL,,,,,,,,,
2026-09-27T15:46:41.310567+00:00,close,bot1,XRPIRT,ICT/SMC Scalp Pro,long,829.0,a,358942.5,356367.0766452308,,,,0.2,,-515.0846709538367,3787874.317772318,SL,,,,,,,,,
2026-09-27T15:46:41.763713+00:00,close,bot1,XRPIRT,ICT/SMC Scalp Pro,long,829.0,b,358942.5,356367.0766452308,,,,0.3,,-772.6270064307552,3787101.6907658875,SL,,,,,,,,,
2026-09-27T16:01:25.398322+00:00,close,bot1,GRAMIRT,ICT/SMC Scalp Pro,short,819.0,b,385840.0,385840.0,,,,0.25917,,-0.0,3787101.6907658875,SL,,,,,,,,,
2026-09-27T16:15:59.413371+00:00,open,bot1,GRAMIRT,ICT/SMC Scalp Pro,short,833.0,,395695.5,,404497.3690690101,382492.69639648485,369289.89279296965,0.50543,200000.0,,,,,6.0,,,,,,,
2026-09-27T16:16:06.930735+00:00,close,bot1,NOTIRT,ICT/SMC Scalp Pro,short,814.0,b,122.95,122.95,,,,813.3,,-0.0,3787101.6907658875,SL,,,,,,,,,
2026-09-27T16:31:00.346179+00:00,close,bot1,BTCIRT,ICT/SMC Scalp Pro,long,832.0,a,19912385417.0,19839646498.850582,,,,5.02e-06,,-365.14936911007777,3786736.5413967776,SL,,,,,,,,,
2026-09-27T16:31:00.846179+00:00,close,bot1,BTCIRT,ICT/SMC Scalp Pro,long,832.0,b,19912385417.0,19839646498.850582,,,,5.02e-06,,-365.14936911007777,3786371.3920276677,SL,,,,,,,,,
2026-09-27T16:31:08.357223+00:00,close,bot1,DOGSIRT,ICT/SMC Scalp Pro,short,782.0,b,12.515,12.515,,,,7990.4,,-0.0,3786371.3920276677,SL,,,,,,,,,
2026-09-27T16:31:09.357223+00:00,close,bot1,DOGSIRT,ICT/SMC Scalp Pro,short,782.0,a,12.515,12.515,,,,7990.4,,-0.0,3786371.3920276677,SL,,,,,,,,,
2026-09-27T17:01:21.719203+00:00,open,bot1,DOGSIRT,ICT/SMC Scalp Pro,short,834.0,,12.295,,12.5653233058709,11.889515041193649,11.484030082387298,16266.7,200000.0,,,,,5.0,,,,,,,
2026-09-27T17:01:36.615232+00:00,close,bot1,GRAMIRT,ICT/SMC Scalp Pro,short,833.0,a,395695.5,404497.3690690101,,,,0.25271,,-2224.3203324295514,3784147.0716952384,SL,,,,,,,,,
2026-09-27T17:01:36.987747+00:00,close,bot1,GRAMIRT,ICT/SMC Scalp Pro,short,833.0,b,395695.5,404497.3690690101,,,,0.25272,,-2224.4083511202416,3781922.6633441183,SL,,,,,,,,,
2026-09-27T18:16:21.145609+00:00,close,bot1,SUIIRT,ICT/SMC Scalp Pro,short,821.0,a,293704.0,298677.5035317833,,,,0.3404,,-1692.9806022190537,3780229.682741899,SL,,,,,,,,,
2026-09-27T18:16:21.645609+00:00,close,bot1,SUIIRT,ICT/SMC Scalp Pro,short,821.0,b,293704.0,298677.5035317833,,,,0.3404,,-1692.9806022190537,3778536.70213968,SL,,,,,,,,,
2026-09-27T18:16:25.910108+00:00,close,bot1,TIAIRT,ICT/SMC Scalp Pro,short,822.0,a,116877.5,118163.9263886414,,,,0.8555,,-1100.5377754827157,3777436.1643641973,SL,,,,,,,,,
2026-09-27T18:16:26.359014+00:00,close,bot1,TIAIRT,ICT/SMC Scalp Pro,short,822.0,b,116877.5,118163.9263886414,,,,0.8556,,-1100.6664181215797,3776335.4979460756,SL,,,,,,,,,
2026-09-27T18:16:30.622712+00:00,open,bot1,TIAIRT,ICT/SMC Scalp Pro,short,835.0,,118674.5,,120191.11823751243,116399.57264373131,114124.6452874626,1.6852,200000.0,,,,,5.0,,,,,,,
2026-09-27T18:30:56.409530+00:00,open,bot1,BTCIRT,ICT/SMC Scalp Pro,short,836.0,,19913125821.0,,19970988918.20816,19826331175.18777,19739536529.37554,1.004e-05,200000.0,,,,,5.0,,,,,,,
2026-09-27T18:31:00.556564+00:00,open,bot1,DOGEIRT,ICT/SMC Scalp Pro,short,837.0,,22947.5,,23147.39203658698,22647.66194511953,22347.82389023905,8.71,200000.0,,,,,5.0,,,,,,,
2026-09-27T18:31:22.641879+00:00,open,bot1,HBARIRT,ICT/SMC Scalp Pro,short,838.0,,22307.0,,22515.44560792085,21994.331588118723,21681.66317623744,8.9657,200000.0,,,,,5.0,,,,,,,
2026-09-27T18:31:58.627454+00:00,close,bot1,XLMIRT,ICT/SMC Scalp Pro,long,825.0,a,50657.8,51304.151580755926,,,,1.974,,1275.8980204121926,3777611.395966488,TP1,,,,,,,,,
2026-09-27T19:02:40.949613+00:00,open,bot1,SUIIRT,ICT/SMC Scalp Pro,short,839.0,,300647.0,,305803.6898500597,292911.96522491047,285176.9304498209,0.6652,200000.0,,,,,5.0,,,,,,,
2026-09-27T19:32:05.676922+00:00,close,bot1,SEIIRT,ICT/SMC Scalp Pro,short,810.0,b,17860.5,17860.5,,,,5.6,,-0.0,3777611.395966488,SL,,,,,,,,,
2026-09-27T20:01:10.841122+00:00,close,bot1,BTCIRT,ICT/SMC Scalp Pro,short,836.0,a,19913125821.0,19970988918.20816,,,,5.02e-06,,-290.4727479849269,3777320.923218503,SL,,,,,,,,,
2026-09-27T20:01:11.341122+00:00,close,bot1,BTCIRT,ICT/SMC Scalp Pro,short,836.0,b,19913125821.0,19970988918.20816,,,,5.02e-06,,-290.4727479849269,3777030.4504705183,SL,,,,,,,,,
2026-09-27T20:15:46.704182+00:00,close,bot1,ARBIRT,ICT/SMC Scalp Pro,short,801.0,b,54818.0,54818.0,,,,1.8242,,-0.0,3777030.4504705183,SL,,,,,,,,,
2026-09-27T20:16:16.756547+00:00,close,bot1,HBARIRT,ICT/SMC Scalp Pro,short,838.0,a,22307.0,22515.44560792085,,,,4.4828,,-934.419971187604,3776096.0304993307,SL,,,,,,,,,
2026-09-27T20:16:17.106317+00:00,close,bot1,HBARIRT,ICT/SMC Scalp Pro,short,838.0,b,22307.0,22515.44560792085,,,,4.4829,,-934.4408157483962,3775161.5896835825,SL,,,,,,,,,
2026-09-27T20:16:36.040279+00:00,close,bot1,SHIBIRT,ICT/SMC Scalp Pro,short,820.0,b,1.4043,1.4043,,,,71209.9,,-0.0,3775161.5896835825,SL,,,,,,,,,
2026-09-27T22:15:40.540617+00:00,open,bot1,ARBIRT,Supertrend+ADX,long,840.0,,52594.5,,49849.093779120194,56712.609331319705,60830.71866263942,11.408,600000.0,,,,27.33,,,,,,,,
2026-09-27T22:15:55.284830+00:00,open,bot1,ETHIRT,ICT/SMC Scalp Pro,long,841.0,,633686358.0,,630989138.9687026,637732186.5469462,641778015.0938923,0.000315,200000.0,,,,,5.0,,,,,,,
2026-09-27T22:16:29.179611+00:00,open,bot1,TIAIRT,Supertrend+ADX,long,842.0,,116677.5,,112126.31268216552,123504.28097675172,130331.06195350346,5.1423,600000.0,,,,24.12,,,,,,,,
2026-09-27T22:16:33.833371+00:00,open,bot1,TRBIRT,ICT/SMC Scalp Pro,long,843.0,,4552450.5,,4511420.745479069,4613995.131781396,4675539.763562793,0.0439,200000.0,,,,,6.0,,,,,,,
2026-09-27T22:16:36.310651+00:00,open,bot1,TRXIRT,Supertrend+ADX,long,844.0,,79025.0,,78757.86675980296,79425.69986029556,79826.39972059111,7.59,600000.0,,,,15.84,,,,,,,,
2026-09-27T22:16:41.212892+00:00,close,bot1,WIFIRT,ICT/SMC Scalp Pro,short,807.0,a,58563.5,57499.7722043324,,,,1.7,,1808.337252634928,3776969.9269362176,TP1,,,,,,,,,
2026-09-27T22:46:43.163684+00:00,open,bot1,XRPIRT,ICT/SMC Scalp Pro,long,845.0,,357632.5,,354206.2955242455,362771.80671363184,367911.1134272636,0.5,200000.0,,,,,5.0,,,,,,,
2026-09-27T23:31:32.770310+00:00,close,bot1,TIAIRT,ICT/SMC Scalp Pro,short,835.0,a,118674.5,120191.11823751243,,,,0.8426,,-1277.902526927989,3775692.0244092895,SL,,,,,,,,,
2026-09-27T23:31:33.270310+00:00,close,bot1,TIAIRT,ICT/SMC Scalp Pro,short,835.0,b,118674.5,120191.11823751243,,,,0.8426,,-1277.902526927989,3774414.1218823614,SL,,,,,,,,,
2026-09-27T23:31:38.997871+00:00,close,bot1,TRBIRT,ICT/SMC Scalp Pro,long,843.0,a,4552450.5,4613995.131781396,,,,0.0219,,1347.8274360125824,3775761.949318374,TP1,,,,,,,,,
2026-09-27T23:46:01.071446+00:00,open,bot1,HBARIRT,ICT/SMC Scalp Pro,short,846.0,,22688.0,,22985.16045078631,22242.25932382054,21796.51864764108,8.8152,200000.0,,,,,5.0,,,,,,,
2026-09-28T00:01:14.627397+00:00,close,bot1,ETHIRT,ICT/SMC Scalp Pro,long,841.0,a,633686358.0,637732186.5469462,,,,0.000157,,635.1950818705484,3776397.1444002446,TP1,,,,,,,,,
2026-09-28T00:01:23.691453+00:00,close,bot1,HBARIRT,Supertrend+ADX,long,667.0,a,21633.0,22789.56521826856,,,,13.8677,,16038.899477382894,3792436.0438776277,TP1,,,,,,,,,
2026-09-28T00:16:16.305918+00:00,open,bot1,SEIIRT,ICT/SMC Scalp Pro,short,847.0,,19288.0,,19742.88984700597,18605.66522949104,17923.33045898208,10.3,200000.0,,,,,5.0,,,,,,,
2026-09-28T00:16:33.278230+00:00,close,bot1,TRXIRT,Supertrend+ADX,long,844.0,a,79025.0,79425.69986029556,,,,3.79,,1518.6524705201623,3793954.696348148,TP1,,,,,,,,,
2026-09-28T00:30:42.897554+00:00,close,bot1,ADAIRT,ICT/SMC Scalp Pro,short,823.0,b,61004.5,61004.5,,,,1.639223,,-0.0,3793954.696348148,SL,,,,,,,,,
2026-09-28T00:30:46.395577+00:00,open,bot1,ADAIRT,ICT/SMC Scalp Pro,short,848.0,,61006.0,,61847.335830570446,59743.99625414432,58481.99250828866,3.278366,200000.0,,,,,6.0,,,,,,,
2026-09-28T00:30:53.960825+00:00,close,bot1,DOGEIRT,ICT/SMC Scalp Pro,short,837.0,a,22947.5,23147.39203658698,,,,4.35,,-869.5303591533703,3793085.1659889948,SL,,,,,,,,,
2026-09-28T00:30:54.361709+00:00,close,bot1,DOGEIRT,ICT/SMC Scalp Pro,short,837.0,b,22947.5,23147.39203658698,,,,4.36,,-871.5292795192403,3792213.6367094754,SL,,,,,,,,,
2026-09-28T00:31:19.482381+00:00,open,bot1,LINKIRT,ICT/SMC Scalp Pro,short,849.0,,3343179.5,,3377082.20085326,3292325.448720111,3241471.397440222,0.0598,200000.0,,,,,5.0,,,,,,,
2026-09-28T00:31:27.721006+00:00,close,bot1,SEIIRT,ICT/SMC Scalp Pro,short,847.0,a,19288.0,19742.88984700597,,,,5.1,,-2319.9382197304576,3789893.698489745,SL,,,,,,,,,
2026-09-28T00:31:28.134664+00:00,close,bot1,SEIIRT,ICT/SMC Scalp Pro,short,847.0,b,19288.0,19742.88984700597,,,,5.2,,-2365.427204431055,3787528.271285314,SL,,,,,,,,,
2026-09-28T00:31:31.135430+00:00,open,bot1,SEIIRT,ICT/SMC Scalp Pro,short,850.0,,19807.0,,20316.808276306496,19042.287585540256,18277.57517108052,10.0,200000.0,,,,,5.0,,,,,,,
2026-09-28T00:31:57.986405+00:00,close,bot1,XRPIRT,ICT/SMC Scalp Pro,long,845.0,a,357632.5,362771.80671363184,,,,0.2,,1027.8613427263683,3788556.1326280404,TP1,,,,,,,,,
2026-09-28T00:46:16.346629+00:00,open,bot1,PEPEIRT,ICT/SMC Scalp Pro,long,851.0,,1.037475,,1.0192012709497178,1.0648855935754236,1.092296187150847,192775.7,200000.0,,,,,5.0,,,,,,,
2026-09-28T00:46:35.691576+00:00,close,bot1,TRXIRT,Supertrend+ADX,long,844.0,b,79025.0,79025.0,,,,3.8,,0.0,3788556.1326280404,SL,,,,,,,,,
2026-09-28T01:16:00.615280+00:00,close,bot1,HBARIRT,ICT/SMC Scalp Pro,short,846.0,a,22688.0,22985.16045078631,,,,4.4076,,-1309.7644028857335,3787246.3682251545,SL,,,,,,,,,
2026-09-28T01:16:01.115280+00:00,close,bot1,HBARIRT,ICT/SMC Scalp Pro,short,846.0,b,22688.0,22985.16045078631,,,,4.4076,,-1309.7644028857335,3785936.6038222685,SL,,,,,,,,,
2026-09-28T01:16:31.816991+00:00,open,bot1,TRXIRT,ICT/SMC Scalp Pro,short,852.0,,79420.5,,79552.08792045643,79223.11811931538,79025.73623863075,2.51,200000.0,,,,,5.0,,,,,,,
2026-09-28T01:31:38.123216+00:00,close,bot1,TRXIRT,ICT/SMC Scalp Pro,short,852.0,a,79420.5,79552.08792045643,,,,1.25,,-164.48490057053277,3785772.118921698,SL,,,,,,,,,
2026-09-28T01:31:38.623216+00:00,close,bot1,TRXIRT,ICT/SMC Scalp Pro,short,852.0,b,79420.5,79552.08792045643,,,,1.25,,-164.48490057053277,3785607.6340211276,SL,,,,,,,,,
2026-09-28T01:31:42.250142+00:00,open,bot1,TRXIRT,ICT/SMC Scalp Pro,short,853.0,,79562.5,,79690.98692840051,79369.76960739924,79177.0392147985,2.51,200000.0,,,,,5.0,,,,,,,
2026-09-28T01:46:10.826138+00:00,close,bot1,SEIIRT,ICT/SMC Scalp Pro,short,850.0,a,19807.0,20316.808276306496,,,,5.0,,-2549.041381532479,3783058.5926395953,SL,,,,,,,,,
2026-09-28T01:46:11.326138+00:00,close,bot1,SEIIRT,ICT/SMC Scalp Pro,short,850.0,b,19807.0,20316.808276306496,,,,5.0,,-2549.041381532479,3780509.551258063,SL,,,,,,,,,
2026-09-28T01:46:30.563522+00:00,close,bot1,TRXIRT,ICT/SMC Scalp Pro,short,853.0,a,79562.5,79369.76960739924,,,,1.25,,240.9129907509487,3780750.4642488137,TP1,,,,,,,,,
2026-09-28T01:46:31.311099+00:00,close,bot1,TRXIRT,ICT/SMC Scalp Pro,short,853.0,b,79562.5,79562.5,,,,1.25,,-0.0,3780750.4642488137,SL,,,,,,,,,
2026-09-28T02:01:01.308662+00:00,open,bot1,DOGEIRT,ICT/SMC Scalp Pro,long,854.0,,22577.5,,22222.7547989129,23109.61780163065,23641.7356032613,8.85,200000.0,,,,,6.0,,,,,,,
2026-09-28T02:01:07.812054+00:00,close,bot1,ETHIRT,ICT/SMC Scalp Pro,long,841.0,b,633686358.0,633686358.0,,,,0.000158,,0.0,3780750.4642488137,SL,,,,,,,,,
2026-09-28T02:01:27.369097+00:00,close,bot1,PEPEIRT,ICT/SMC Scalp Pro,long,851.0,a,1.037475,1.0192012709497178,,,,96387.8,,-1761.364540952805,3778989.099707861,SL,,,,,,,,,
2026-09-28T02:01:27.758021+00:00,close,bot1,PEPEIRT,ICT/SMC Scalp Pro,long,851.0,b,1.037475,1.0192012709497178,,,,96387.9,,-1761.36636832571,3777227.733339535,SL,,,,,,,,,
2026-09-28T02:01:56.691888+00:00,close,bot1,XRPIRT,ICT/SMC Scalp Pro,long,845.0,b,357632.5,357632.5,,,,0.3,,0.0,3777227.733339535,SL,,,,,,,,,
2026-09-28T02:16:01.615199+00:00,open,bot1,GRAMIRT,ICT/SMC Scalp Pro,short,855.0,,392122.0,,399341.5413307055,381292.6880039418,370463.3760078836,0.51004,200000.0,,,,,6.0,,,,,,,
2026-09-28T02:16:26.025770+00:00,open,bot1,TIAIRT,ICT/SMC Scalp Pro,short,856.0,,117788.0,,120429.42411797652,113825.86382303524,109863.72764607047,1.6979,200000.0,,,,,6.0,,,,,,,
2026-09-28T03:00:58.836600+00:00,open,bot1,ARBIRT,ICT/SMC Scalp Pro,long,857.0,,52553.0,,51358.63620063202,54344.54569905197,56136.091398103934,3.8056,200000.0,,,,,5.0,,,,,,,
2026-09-28T03:16:04.283187+00:00,close,bot1,DOGSIRT,ICT/SMC Scalp Pro,short,834.0,a,12.295,11.889515041193649,,,,8133.3,,3297.930815459696,3780525.6641549948,TP1,,,,,,,,,
2026-09-28T03:16:26.903939+00:00,open,bot1,NOTIRT,ICT/SMC Scalp Pro,long,858.0,,120.6,,118.73948627540884,123.39077058688667,126.18154117377338,1658.3,200000.0,,,,,5.0,,,,,,,
2026-09-28T03:31:30.075216+00:00,close,bot1,TIAIRT,ICT/SMC Scalp Pro,short,856.0,a,117788.0,113825.86382303524,,,,0.8489,,3363.4574006253747,3783889.1215556203,TP1,,,,,,,,,
2026-09-28T03:31:35.203930+00:00,close,bot1,TRBIRT,ICT/SMC Scalp Pro,long,843.0,b,4552450.5,4552450.5,,,,0.022,,0.0,3783889.1215556203,SL,,,,,,,,,
2026-09-28T03:31:45.552896+00:00,close,bot1,XLMIRT,ICT/SMC Scalp Pro,long,825.0,b,50657.8,50657.8,,,,1.974,,0.0,3783889.1215556203,SL,,,,,,,,,
2026-09-28T03:45:38.017356+00:00,close,bot1,ADAIRT,ICT/SMC Scalp Pro,short,848.0,a,61006.0,59743.99625414432,,,,1.639183,,2068.655086142945,3785957.7766417633,TP1,,,,,,,,,
2026-09-28T03:45:41.940941+00:00,close,bot1,ARBIRT,ICT/SMC Scalp Pro,long,857.0,a,52553.0,51358.63620063202,,,,1.9028,,-2272.635437437393,3783685.141204326,SL,,,,,,,,,
2026-09-28T03:45:42.440941+00:00,close,bot1,ARBIRT,ICT/SMC Scalp Pro,long,857.0,b,52553.0,51358.63620063202,,,,1.9028,,-2272.635437437393,3781412.5057668886,SL,,,,,,,,,
2026-09-28T03:46:42.472322+00:00,open,bot1,XLMIRT,ICT/SMC Scalp Pro,long,859.0,,50401.45,,49564.36755801224,51657.073662981646,52912.697325963294,3.9681,200000.0,,,,,5.0,,,,,,,
2026-09-28T04:01:02.279468+00:00,open,bot1,ARBIRT,ICT/SMC Scalp Pro,long,860.0,,51162.5,,49891.59302162369,53068.86046756447,54975.22093512893,3.9091,200000.0,,,,,5.0,,,,,,,
2026-09-28T04:16:03.165742+00:00,close,bot1,LINKIRT,ICT/SMC Scalp Pro,short,849.0,a,3343179.5,3292325.448720111,,,,0.0299,,1520.5361332686798,3782933.0419001575,TP1,,,,,,,,,
2026-09-28T04:16:18.681921+00:00,close,bot1,SUIIRT,ICT/SMC Scalp Pro,short,839.0,a,300647.0,292911.96522491047,,,,0.3326,,2572.672566194778,3785505.714466352,TP1,,,,,,,,,
2026-09-28T20:15:48.645370+00:00,close,bot1,ADAIRT,ICT/SMC Scalp Pro,short,848,b,61006.0,61006.0,,,,1.639183,,-0.0,3785505.714466352,SL,,,,,,,,,
2026-09-28T20:15:53.985939+00:00,close,bot1,ARBIRT,Supertrend+ADX,long,840,a,52594.5,49849.093779120194,,,,5.704,,-15659.797083898413,3769845.9173824536,SL,,,,,,,,,
2026-09-28T20:15:54.516855+00:00,close,bot1,ARBIRT,Supertrend+ADX,long,840,b,52594.5,49849.093779120194,,,,5.704,,-15659.797083898413,3754186.120298555,SL,,,,,,,,,
2026-09-28T20:15:58.062997+00:00,close,bot1,ARBIRT,ICT/SMC Scalp Pro,long,860,a,51162.5,49891.59302162369,,,,1.9545,,-2483.987689236501,3751702.1326093185,SL,,,,,,,,,
2026-09-28T20:15:58.640122+00:00,close,bot1,ARBIRT,ICT/SMC Scalp Pro,long,860,b,51162.5,49891.59302162369,,,,1.9546,,-2484.1147799343385,3749218.017829384,SL,,,,,,,,,
2026-09-28T20:16:05.471819+00:00,close,bot1,DOGEIRT,ICT/SMC Scalp Pro,long,854,a,22577.5,22222.7547989129,,,,4.42,,-1567.973788804975,3747650.0440405793,SL,,,,,,,,,
2026-09-28T20:16:06.040755+00:00,close,bot1,DOGEIRT,ICT/SMC Scalp Pro,long,854,b,22577.5,22222.7547989129,,,,4.43,,-1571.5212408158459,3746078.5227997634,SL,,,,,,,,,
2026-09-28T20:16:18.786269+00:00,close,bot1,ETHIRT,Supertrend+ADX,long,713,a,623603882.5,643376635.7532209,,,,0.000481,,9510.69431479926,3755589.2171145626,TP1,,,,,,,,,
2026-09-28T20:16:19.851786+00:00,close,bot1,ETHIRT,Supertrend+ADX,long,713,b,623603882.5,663149389.006442,,,,0.000481,,19021.38862959858,3774610.605744161,TP2,,,,,,,,,
2026-09-28T20:16:24.988320+00:00,close,bot1,FLOKIIRT,Supertrend+ADX,long,714,b,6.5606100000000005,6.5606100000000005,,,,45727.4,,0.0,3774610.605744161,SL,,,,,,,,,
2026-09-28T20:16:25.988320+00:00,close,bot1,FLOKIIRT,Supertrend+ADX,long,714,a,6.5606100000000005,6.5606100000000005,,,,45727.4,,0.0,3774610.605744161,SL,,,,,,,,,
2026-09-28T20:16:33.406697+00:00,close,bot1,GRAMIRT,ICT/SMC Scalp Pro,short,855,a,392122.0,399341.5413307055,,,,0.25502,,-1841.1274301565202,3772769.478314005,SL,,,,,,,,,
2026-09-28T20:16:33.947621+00:00,close,bot1,GRAMIRT,ICT/SMC Scalp Pro,short,855,b,392122.0,399341.5413307055,,,,0.25502,,-1841.1274301565202,3770928.3508838485,SL,,,,,,,,,
2026-09-28T20:16:39.148514+00:00,close,bot1,HBARIRT,Supertrend+ADX,long,667,b,21633.0,23946.130436537125,,,,13.8677,,32077.79895476589,3803006.1498386143,TP2,,,,,,,,,
2026-09-28T20:16:44.804462+00:00,open,bot1,HBARIRT,ICT/SMC Scalp Pro,long,861,,29044.5,,27649.232780135342,31137.400829796985,33230.30165959397,6.8859,200000.0,,,,,5,,,,,,,
2026-09-28T20:16:47.561392+00:00,close,bot1,LINKIRT,ICT/SMC Scalp Pro,short,849,b,3343179.5,3343179.5,,,,0.0299,,-0.0,3803006.1498386143,SL,,,,,,,,,
2026-09-28T20:16:53.407861+00:00,close,bot1,NOTIRT,ICT/SMC Scalp Pro,long,858,a,120.6,118.73948627540885,,,,829.1,,-1542.5519290585173,3801463.597909556,SL,,,,,,,,,
2026-09-28T20:16:53.921989+00:00,close,bot1,NOTIRT,ICT/SMC Scalp Pro,long,858,b,120.6,118.73948627540885,,,,829.1,,-1542.5519290585173,3799921.0459804973,SL,,,,,,,,,
2026-09-28T20:17:14.401504+00:00,close,bot1,SUIIRT,ICT/SMC Scalp Pro,short,839,b,300647.0,285176.9304498209,,,,0.3326,,5145.345132389575,3805066.391112887,TP2,,,,,,,,,
2026-09-28T20:17:19.005503+00:00,close,bot1,TIAIRT,Supertrend+ADX,long,842,a,116677.5,112126.31268216552,,,,2.5711,,-11701.55771288424,3793364.8334000027,SL,,,,,,,,,
2026-09-28T20:17:19.620997+00:00,close,bot1,TIAIRT,Supertrend+ADX,long,842,b,116677.5,112126.31268216552,,,,2.5711,,-11701.55771288424,3781663.2756871185,SL,,,,,,,,,
2026-09-28T20:17:29.345968+00:00,close,bot1,TIAIRT,ICT/SMC Scalp Pro,short,856,b,117788.0,109863.72764607049,,,,0.849,,6727.707228486155,3788390.9829156045,TP2,,,,,,,,,
2026-09-28T20:17:37.770563+00:00,close,bot1,WIFIRT,Supertrend+ADX,long,826,a,57706.0,55692.837878633254,,,,5.19,,-10448.311409893411,3777942.671505711,SL,,,,,,,,,
2026-09-28T20:17:38.253735+00:00,close,bot1,WIFIRT,Supertrend+ADX,long,826,b,57706.0,55692.837878633254,,,,5.2,,-10468.44303110708,3767474.228474604,SL,,,,,,,,,
2026-09-28T20:17:42.668121+00:00,close,bot1,WIFIRT,ICT/SMC Scalp Pro,short,807,b,58563.5,56436.0444086648,,,,1.71,,3637.9490611831943,3771112.177535787,TP2,,,,,,,,,
2026-09-28T20:17:46.751317+00:00,close,bot1,XLMIRT,Supertrend+ADX,long,827,a,50622.149999999994,52345.56190895145,,,,5.9262,,10213.283654828125,3781325.4611906153,TP1,,,,,,,,,
2026-09-28T20:17:47.794659+00:00,close,bot1,XLMIRT,Supertrend+ADX,long,827,b,50622.149999999994,50622.149999999994,,,,5.9262,,0.0,3781325.4611906153,SL,,,,,,,,,
2026-09-28T20:17:54.572199+00:00,close,bot1,XLMIRT,ICT/SMC Scalp Pro,long,859,a,50401.45,51657.073662981646,,,,1.984,,2491.1573473555904,3783816.618537971,TP1,,,,,,,,,
2026-09-28T20:17:55.673892+00:00,close,bot1,XLMIRT,ICT/SMC Scalp Pro,long,859,b,50401.45,50401.45,,,,1.9841,,0.0,3783816.618537971,SL,,,,,,,,,
2026-09-28T20:17:59.715152+00:00,close,bot1,XRPIRT,Supertrend+ADX,long,828,a,358942.5,368284.0602545336,,,,0.8,,7473.248203626881,3791289.8667415977,TP1,,,,,,,,,
2026-09-28T20:32:29.855793+00:00,open,bot1,TIAIRT,ICT/SMC Scalp Pro,short,862,,110145.5,,112393.66109576587,106773.25835635117,103401.01671270233,1.8157,200000.0,,,,,5,,,,,,,
2026-09-28T20:46:32.089289+00:00,open,bot1,WIFIRT,ICT/SMC Scalp Pro,long,863,,55927.5,,54839.56670622526,57559.39994066211,59191.29988132422,3.57,200000.0,,,,,5,,,,,,,
2026-09-28T22:01:31.812476+00:00,open,bot1,SEIIRT,ICT/SMC Scalp Pro,long,864,,18556.0,,18130.79049061129,19193.814264083067,19831.62852816613,10.7,200000.0,,,,,5,,,,,,,
2026-09-28T22:01:41.931326+00:00,open,bot1,SOLIRT,ICT/SMC Scalp Pro,long,865,,28842571.0,,28579547.27996057,29237106.580059145,29631642.160118293,0.006,200000.0,,,,,5,,,,,,,
2026-09-28T22:15:46.370711+00:00,open,bot1,DOGEIRT,ICT/SMC Scalp Pro,long,866,,22888.5,,22625.676504126634,23282.735243810053,23676.9704876201,8.73,200000.0,,,,,5,,,,,,,
2026-09-28T22:15:56.161593+00:00,open,bot1,FLOKIIRT,ICT/SMC Scalp Pro,long,867,,6.58159,,6.498298327549153,6.70652750867627,6.83146501735254,30387.7,200000.0,,,,,5,,,,,,,
2026-09-28T22:16:07.536505+00:00,open,bot1,LINKIRT,ICT/SMC Scalp Pro,long,868,,3708178.0,,3625863.1249998445,3831650.312500233,3955122.625000466,0.0539,200000.0,,,,,5,,,,,,,
2026-09-28T22:16:43.888408+00:00,open,bot1,XRPIRT,ICT/SMC Scalp Pro,long,869,,365276.0,,360915.76747486065,371816.3487877091,378356.69757541805,0.5,200000.0,,,,,5,,,,,,,
2026-09-28T23:16:16.332639+00:00,close,bot1,SOLIRT,ICT/SMC Scalp Pro,long,865,a,28842571.0,29237106.580059145,,,,0.003,,1183.606740177434,3792473.4734817753,TP1,,,,,,,,,
2026-09-28T23:31:38.010277+00:00,close,bot1,WIFIRT,ICT/SMC Scalp Pro,long,863,a,55927.5,57559.39994066211,,,,1.78,,2904.781894378552,3795378.2553761536,TP1,,,,,,,,,
2026-09-28T23:46:53.059518+00:00,open,bot1,XLMIRT,ICT/SMC Scalp Pro,short,870,,57040.65,,58134.205699863705,55400.31645020445,53759.982900408904,3.5062,200000.0,,,,,5,,,,,,,
2026-09-29T00:15:58.859420+00:00,close,bot1,LINKIRT,ICT/SMC Scalp Pro,long,868,a,3708178.0,3831650.312500233,,,,0.0269,,3321.405206256263,3798699.6605824097,TP1,,,,,,,,,
2026-09-29T00:16:24.493899+00:00,open,bot1,TRBIRT,ICT/SMC Scalp Pro,short,871,,4713688.0,,4765649.784447267,4635745.3233290985,4557802.646658198,0.0424,200000.0,,,,,5,,,,,,,
2026-09-29T00:30:50.805330+00:00,close,bot1,DOGEIRT,ICT/SMC Scalp Pro,long,866,a,22888.5,23282.735243810053,,,,4.36,,1718.8656630118328,3800418.5262454217,TP1,,,,,,,,,
2026-09-29T01:01:33.465774+00:00,open,bot1,SHIBIRT,ICT/SMC Scalp Pro,long,872,,1.39765,,1.3815792320680655,1.4217561518979016,1.4458623037958034,143097.3,200000.0,,,,,5,,,,,,,
2026-09-29T01:15:41.597825+00:00,open,bot1,BTCIRT,ICT/SMC Scalp Pro,long,873,,20578375508.5,,20493261023.635067,20706047235.7974,20833718963.0948,9.71e-06,200000.0,,,,,5,,,,,,,
2026-09-29T01:16:17.301376+00:00,open,bot1,SUIIRT,ICT/SMC Scalp Pro,long,874,,282234.5,,277443.6136707236,289420.8294939147,296607.1589878293,0.7086,200000.0,,,,,6,,,,,,,
2026-09-29T01:30:51.654049+00:00,open,bot1,ARBIRT,ICT/SMC Scalp Pro,long,875,,48241.5,,47235.38230574294,49750.67654138559,51259.85308277118,4.1458,200000.0,,,,,5,,,,,,,
2026-09-29T01:31:28.014073+00:00,close,bot1,SHIBIRT,ICT/SMC Scalp Pro,long,872,a,1.39765,1.3815792320680655,,,,71548.6,,-1149.84094645481,3799268.6852989667,SL,,,,,,,,,
2026-09-29T01:31:28.504900+00:00,close,bot1,SHIBIRT,ICT/SMC Scalp Pro,long,872,b,1.39765,1.3815792320680655,,,,71548.6,,-1149.84094645481,3798118.8443525117,SL,,,,,,,,,
2026-09-29T01:31:31.529688+00:00,open,bot1,SHIBIRT,ICT/SMC Scalp Pro,long,876,,1.3799000000000001,,1.361063353771561,1.4081549693426587,1.4364099386853175,144938.0,200000.0,,,,,5,,,,,,,
2026-09-29T01:31:42.915444+00:00,close,bot1,TRBIRT,ICT/SMC Scalp Pro,short,871,a,4713688.0,4635745.3233290985,,,,0.0212,,1652.3847454231113,3799771.229097935,TP1,,,,,,,,,
2026-09-29T01:31:47.640992+00:00,open,bot1,TRBIRT,Supertrend+ADX,long,877,,4653101.0,,4509579.644666828,4868383.032999758,5083665.065999515,0.1289,600000.0,,,,18.51,,,,,,,,
2026-09-29T01:46:17.842997+00:00,close,bot1,SUIIRT,ICT/SMC Scalp Pro,long,874,a,282234.5,277443.6136707236,,,,0.3543,,-1697.4110264626388,3798073.8180714725,SL,,,,,,,,,
2026-09-29T01:46:18.215882+00:00,close,bot1,SUIIRT,ICT/SMC Scalp Pro,long,874,b,282234.5,277443.6136707236,,,,0.3543,,-1697.4110264626388,3796376.40704501,SL,,,,,,,,,
2026-09-29T02:15:38.958102+00:00,open,bot1,ADAIRT,ICT/SMC Scalp Pro,long,878,,60135.0,,59155.017319970044,61604.97402004492,63074.94804008986,3.32585,200000.0,,,,,6,,,,,,,
2026-09-29T02:31:34.675815+00:00,close,bot1,TIAIRT,ICT/SMC Scalp Pro,short,862,a,110145.5,106773.25835635117,,,,0.9078,,3061.320964104406,3799437.7280091145,TP1,,,,,,,,,
2026-09-29T02:46:34.735096+00:00,close,bot1,XLMIRT,ICT/SMC Scalp Pro,short,870,a,57040.65,55400.31645020445,,,,1.7531,,2875.6687461465763,3802313.396755261,TP1,,,,,,,,,
2026-09-29T03:01:06.660420+00:00,close,bot1,DOGEIRT,ICT/SMC Scalp Pro,long,866,b,22888.5,22888.5,,,,4.37,,0.0,3802313.396755261,SL,,,,,,,,,
2026-09-29T03:01:11.246757+00:00,open,bot1,DOGEIRT,ICT/SMC Scalp Pro,long,879,,22926.5,,22648.061066412112,23344.15840038183,23761.816800763663,8.72,200000.0,,,,,5,,,,,,,
2026-09-29T03:16:41.557001+00:00,close,bot1,LINKIRT,ICT/SMC Scalp Pro,long,868,b,3708178.0,3708178.0,,,,0.027,,0.0,3802313.396755261,SL,,,,,,,,,
2026-09-29T03:17:11.385258+00:00,open,bot1,TRXIRT,ICT/SMC Scalp Pro,long,880,,82997.5,,82845.35806415036,83225.71290377445,83453.92580754889,2.4,200000.0,,,,,5,,,,,,,
2026-09-29T03:46:25.866960+00:00,close,bot1,TRXIRT,ICT/SMC Scalp Pro,long,880,a,82997.5,82845.35806415036,,,,1.2,,-182.57032301956204,3802130.826432241,SL,,,,,,,,,
2026-09-29T03:46:26.309652+00:00,close,bot1,TRXIRT,ICT/SMC Scalp Pro,long,880,b,82997.5,82845.35806415036,,,,1.2,,-182.57032301956204,3801948.2561092214,SL,,,,,,,,,
2026-09-29T04:01:23.976392+00:00,open,bot1,NOTIRT,ICT/SMC Scalp Pro,long,881,,120.7,,119.02588336374657,123.21117495438016,125.7223499087603,1657.0,200000.0,,,,,5,,,,,,,
2026-09-29T05:30:51.044311+00:00,close,bot1,BTCIRT,ICT/SMC Scalp Pro,long,873,a,20578375508.5,20706047235.7974,20493261023.635067,20706047235.7974,20833718963.0948,4.85e-06,200000.0,619.207877392397,3802567.463986614,TP1,,,,,,,,200000.0,
2026-09-29T05:30:51.627149+00:00,sl_to_be,bot1,BTCIRT,ICT/SMC Scalp Pro,long,873,,20578375508.5,,20578375508.5,20706047235.7974,20833718963.0948,,200000.0,,,,,,,,,,,200000.0,
2026-09-29T06:01:06.215388+00:00,close,bot1,DOGEIRT,ICT/SMC Scalp Pro,long,879,a,22926.5,23344.15840038183,22648.061066412112,23344.15840038183,23761.816800763663,4.36,200000.0,1820.990625664786,3804388.4546122784,TP1,,,,,,,,200000.0,
2026-09-29T06:01:06.871199+00:00,sl_to_be,bot1,DOGEIRT,ICT/SMC Scalp Pro,long,879,,22926.5,,22926.5,23344.15840038183,23761.816800763663,,200000.0,,,,,,,,,,,200000.0,
2026-09-29T06:15:37.597725+00:00,close,bot1,ADAIRT,ICT/SMC Scalp Pro,long,878,a,60135.0,61604.97402004492,59155.017319970044,61604.97402004492,63074.94804008986,1.662925,200000.0,2444.456547283204,3806832.9111595615,TP1,,,,,,,,200000.0,
2026-09-29T06:15:38.291913+00:00,sl_to_be,bot1,ADAIRT,ICT/SMC Scalp Pro,long,878,,60135.0,,60135.0,61604.97402004492,63074.94804008986,,200000.0,,,,,,,,,,,200000.0,
2026-09-29T06:15:42.196738+00:00,close,bot1,ARBIRT,ICT/SMC Scalp Pro,long,875,a,48241.5,49750.67654138559,47235.38230574294,49750.67654138559,51259.85308277118,2.0729,200000.0,3128.37205263819,3809961.2832122,TP1,,,,,,,,200000.0,
2026-09-29T06:15:42.738626+00:00,sl_to_be,bot1,ARBIRT,ICT/SMC Scalp Pro,long,875,,48241.5,,48241.5,49750.67654138559,51259.85308277118,,200000.0,,,,,,,,,,,200000.0,
2026-09-29T06:15:45.391637+00:00,close,bot1,BTCIRT,ICT/SMC Scalp Pro,long,873,b,20578375508.5,20833718963.0948,20578375508.5,20706047235.7974,20833718963.0948,4.86e-06,200000.0,1240.9691893307233,3811202.2524015307,TP2,,,,,,,,200000.0,
2026-09-29T06:15:46.499312+00:00,full_close,bot1,BTCIRT,ICT/SMC Scalp Pro,long,873,,20578375508.5,,20578375508.5,20706047235.7974,20833718963.0948,,200000.0,,3811202.2524015307,,,,,,,,,200000.0,
2026-09-29T06:15:59.508058+00:00,open,bot1,ETHIRT,Supertrend+ADX,short,882,,670602578.0,,681165545.5820438,654758126.6269344,638913675.2538687,0.000894,600000.0,,,,15.42,,15m,آسیا,2026-09-29 06:00:00,long,3.0,200000.0,"{""adx"": 15.418, ""di_plus"": 30.406, ""di_minus"": 22.571, ""ema_trend"": 2678.544695, ""close_vs_ema"": ""above"", ""volume"": 4615.6826, ""vol_ma"": 1814.0842, ""vol_above_ma"": true}"
2026-09-29T06:16:02.386838+00:00,close,bot1,FLOKIIRT,ICT/SMC Scalp Pro,long,867,a,6.58159,6.70652750867627,6.498298327549153,6.70652750867627,6.83146501735254,15193.8,200000.0,1898.275519325512,3813100.527920856,TP1,,,,,,,,200000.0,
2026-09-29T06:16:02.852109+00:00,sl_to_be,bot1,FLOKIIRT,ICT/SMC Scalp Pro,long,867,,6.58159,,6.58159,6.70652750867627,6.83146501735254,,200000.0,,,,,,,,,,,200000.0,
2026-09-29T06:16:28.674282+00:00,close,bot1,SOLIRT,ICT/SMC Scalp Pro,long,865,b,28842571.0,29631642.160118293,28842571.0,29237106.580059145,29631642.160118293,0.003,200000.0,2367.2134803548793,3815467.741401211,TP2,,,,,,,,200000.0,
2026-09-29T06:16:29.596321+00:00,full_close,bot1,SOLIRT,ICT/SMC Scalp Pro,long,865,,28842571.0,,28842571.0,29237106.580059145,29631642.160118293,,200000.0,,3815467.741401211,,,,,,,,,200000.0,
2026-09-29T06:16:41.471532+00:00,close,bot1,TRBIRT,ICT/SMC Scalp Pro,short,871,b,4713688.0,4713688.0,4713688.0,4635745.3233290985,4557802.646658198,0.0212,200000.0,-0.0,3815467.741401211,SL,,,,,,,,200000.0,
2026-09-29T06:16:42.477820+00:00,full_close,bot1,TRBIRT,ICT/SMC Scalp Pro,short,871,,4713688.0,,4713688.0,4635745.3233290985,4557802.646658198,,200000.0,,3815467.741401211,,,,,,,,,200000.0,
2026-09-29T06:16:53.516225+00:00,close,bot1,XRPIRT,ICT/SMC Scalp Pro,long,869,a,365276.0,371816.3487877091,360915.76747486065,371816.3487877091,378356.69757541805,0.2,200000.0,1308.0697575418162,3816775.8111587525,TP1,,,,,,,,200000.0,
2026-09-29T06:16:53.972674+00:00,sl_to_be,bot1,XRPIRT,ICT/SMC Scalp Pro,long,869,,365276.0,,365276.0,371816.3487877091,378356.69757541805,,200000.0,,,,,,,,,,,200000.0,
2026-09-29T06:31:47.129738+00:00,close,bot1,SHIBIRT,ICT/SMC Scalp Pro,long,876,a,1.3799000000000001,1.4081549693426587,1.361063353771561,1.4081549693426587,1.4364099386853175,72469.0,200000.0,2047.6093732931251,3818823.420532046,TP1,,,,,,,,200000.0,
2026-09-29T06:31:47.696827+00:00,sl_to_be,bot1,SHIBIRT,ICT/SMC Scalp Pro,long,876,,1.3799000000000001,,1.3799000000000001,1.4081549693426587,1.4364099386853175,,200000.0,,,,,,,,,,,200000.0,
2026-09-29T07:01:01.495713+00:00,close,bot1,ADAIRT,Supertrend+ADX,long,831,a,59708.5,61949.45730819316,58214.52846120455,61949.45730819316,64190.414616386326,5.02441,600000.0,11259.48830885879,3830082.9088409045,TP1,,,,,,,,200000.0,
2026-09-29T07:01:02.113173+00:00,sl_to_be,bot1,ADAIRT,Supertrend+ADX,long,831,,59708.5,,59708.5,61949.45730819316,64190.414616386326,,600000.0,,,,,,,,,,,200000.0,
2026-09-29T07:01:33.976520+00:00,open,bot1,ETHIRT,ICT/SMC Scalp Pro,short,883,,673847529.0,,677926104.4358814,667729665.8461778,661611802.6923559,0.000296,200000.0,,,,,5,15m,آسیا,2026-09-29 06:45:00,long,1.0,200000.0,"{""recent_bull_sweep"": false, ""recent_bear_sweep"": true, ""vol_spike"": true, ""strong_bull_rej"": true, ""strong_bear_rej"": false, ""htf_bullish"": true, ""htf_bearish"": false, ""discount_zone"": false, ""premium_zone"": true, ""rsi_value"": 73.17, ""rsi_bull_ok"": true, ""rsi_bear_ok"": false, ""bull_fvg_count"": 6, ""bear_fvg_count"": 0, ""bull_ob_count"": 1, ""bear_ob_count"": 0, ""trend"": 1}"
2026-09-29T07:16:33.945627+00:00,close,bot1,NOTIRT,ICT/SMC Scalp Pro,long,881,a,120.7,123.21117495438016,119.02588336374657,123.21117495438016,125.7223499087603,828.5,200000.0,2080.508449703956,3832163.4172906084,TP1,,,,,,,,200000.0,
2026-09-29T07:16:34.471724+00:00,sl_to_be,bot1,NOTIRT,ICT/SMC Scalp Pro,long,881,,120.7,,120.7,123.21117495438016,125.7223499087603,,200000.0,,,,,,,,,,,200000.0,
2026-09-29T07:16:44.628742+00:00,close,bot1,SHIBIRT,Supertrend+ADX,long,651,b,1.3086,1.4188749377264651,1.3086,1.3637374688632327,1.4188749377264651,229252.6,600000.0,25280.81618863022,3857444.2334792386,TP2,,,,,,,,200000.0,
2026-09-29T07:16:45.515084+00:00,full_close,bot1,SHIBIRT,Supertrend+ADX,long,651,,1.3086,,1.3086,1.3637374688632327,1.4188749377264651,,600000.0,,3857444.2334792386,,,,,,,,,200000.0,
2026-09-29T07:17:00.506181+00:00,close,bot1,TIAIRT,ICT/SMC Scalp Pro,short,862,b,110145.5,110145.5,110145.5,106773.25835635117,103401.01671270233,0.9079,200000.0,-0.0,3857444.2334792386,SL,,,,,,,,200000.0,
2026-09-29T07:17:01.379798+00:00,full_close,bot1,TIAIRT,ICT/SMC Scalp Pro,short,862,,110145.5,,110145.5,106773.25835635117,103401.01671270233,,200000.0,,3857444.2334792386,,,,,,,,,200000.0,
2026-09-29T07:17:15.588892+00:00,close,bot1,XLMIRT,ICT/SMC Scalp Pro,short,870,b,57040.65,57040.65,57040.65,55400.31645020445,53759.982900408904,1.7531,200000.0,-0.0,3857444.2334792386,SL,,,,,,,,200000.0,
2026-09-29T07:17:16.425934+00:00,full_close,bot1,XLMIRT,ICT/SMC Scalp Pro,short,870,,57040.65,,57040.65,55400.31645020445,53759.982900408904,,200000.0,,3857444.2334792386,,,,,,,,,200000.0,
2026-09-29T07:17:19.867765+00:00,open,bot1,XLMIRT,ICT/SMC Scalp Pro,short,884,,57134.55,,58174.52386951,55574.589195735,54014.62839147001,3.5005,200000.0,,,,,5,15m,آسیا,2026-09-29 07:00:00,long,1.0,200000.0,"{""recent_bull_sweep"": true, ""recent_bear_sweep"": false, ""vol_spike"": true, ""strong_bull_rej"": false, ""strong_bear_rej"": false, ""htf_bullish"": true, ""htf_bearish"": false, ""discount_zone"": false, ""premium_zone"": true, ""rsi_value"": 59.5, ""rsi_bull_ok"": true, ""rsi_bear_ok"": false, ""bull_fvg_count"": 5, ""bear_fvg_count"": 1, ""bull_ob_count"": 3, ""bear_ob_count"": 0, ""trend"": 1}"
2026-09-29T07:31:47.045336+00:00,open,bot1,TRXIRT,Supertrend+ADX,short,885,,83445.5,,83836.27452274553,82859.3382158817,82273.1764317634,7.19,600000.0,,,,28.93,,15m,آسیا,2026-09-29 07:15:00,long,3.0,200000.0,"{""adx"": 28.931, ""di_plus"": 36.997, ""di_minus"": 10.937, ""ema_trend"": 0.334856, ""close_vs_ema"": ""above"", ""volume"": 4718315.3, ""vol_ma"": 729414.36, ""vol_above_ma"": true}"
2026-09-29T07:31:49.059678+00:00,open,bot1,TRXIRT,ICT/SMC Scalp Pro,short,886,,83445.5,,83610.76915450516,83197.59626824224,82949.69253648446,2.39,200000.0,,,,,5,15m,آسیا,2026-09-29 07:15:00,long,1.0,200000.0,"{""recent_bull_sweep"": false, ""recent_bear_sweep"": false, ""vol_spike"": true, ""strong_bull_rej"": true, ""strong_bear_rej"": false, ""htf_bullish"": true, ""htf_bearish"": false, ""discount_zone"": false, ""premium_zone"": true, ""rsi_value"": 70.94, ""rsi_bull_ok"": true, ""rsi_bear_ok"": false, ""bull_fvg_count"": 5, ""bear_fvg_count"": 0, ""bull_ob_count"": 1, ""bear_ob_count"": 1, ""trend"": 1}"
2026-09-29T07:46:34.612797+00:00,close,bot1,TRXIRT,ICT/SMC Scalp Pro,short,886,a,83445.5,83610.76915450516,83610.76915450516,83197.59626824224,82949.69253648446,1.19,200000.0,-196.67029386114504,3857247.5631853775,SL,,5,15m,آسیا,2026-09-29 07:15:00,long,1.0,200000.0,"{""recent_bull_sweep"": false, ""recent_bear_sweep"": false, ""vol_spike"": true, ""strong_bull_rej"": true, ""strong_bear_rej"": false, ""htf_bullish"": true, ""htf_bearish"": false, ""discount_zone"": false, ""premium_zone"": true, ""rsi_value"": 70.94, ""rsi_bull_ok"": true, ""rsi_bear_ok"": false, ""bull_fvg_count"": 5, ""bear_fvg_count"": 0, ""bull_ob_count"": 1, ""bear_ob_count"": 1, ""trend"": 1}"
2026-09-29T07:46:35.279550+00:00,close,bot1,TRXIRT,ICT/SMC Scalp Pro,short,886,b,83445.5,83610.76915450516,83610.76915450516,83197.59626824224,82949.69253648446,1.2,200000.0,-198.32298540619666,3857049.2401999715,SL,,5,15m,آسیا,2026-09-29 07:15:00,long,1.0,200000.0,"{""recent_bull_sweep"": false, ""recent_bear_sweep"": false, ""vol_spike"": true, ""strong_bull_rej"": true, ""strong_bear_rej"": false, ""htf_bullish"": true, ""htf_bearish"": false, ""discount_zone"": false, ""premium_zone"": true, ""rsi_value"": 70.94, ""rsi_bull_ok"": true, ""rsi_bear_ok"": false, ""bull_fvg_count"": 5, ""bear_fvg_count"": 0, ""bull_ob_count"": 1, ""bear_ob_count"": 1, ""trend"": 1}"
2026-09-29T07:46:36.225164+00:00,full_close,bot1,TRXIRT,ICT/SMC Scalp Pro,short,886,,83445.5,,83610.76915450516,83197.59626824224,82949.69253648446,,200000.0,,3857049.2401999715,,,5,15m,آسیا,2026-09-29 07:15:00,long,1.0,200000.0,"{""recent_bull_sweep"": false, ""recent_bear_sweep"": false, ""vol_spike"": true, ""strong_bull_rej"": true, ""strong_bear_rej"": false, ""htf_bullish"": true, ""htf_bearish"": false, ""discount_zone"": false, ""premium_zone"": true, ""rsi_value"": 70.94, ""rsi_bull_ok"": true, ""rsi_bear_ok"": false, ""bull_fvg_count"": 5, ""bear_fvg_count"": 0, ""bull_ob_count"": 1, ""bear_ob_count"": 1, ""trend"": 1}"
2026-09-29T07:46:39.682643+00:00,close,bot1,WIFIRT,ICT/SMC Scalp Pro,long,863,b,55927.5,59191.29988132422,55927.5,57559.39994066211,59191.29988132422,1.78,200000.0,5809.5637887571165,3862858.8039887287,TP2,,,,,,,,200000.0,
2026-09-29T07:46:40.615500+00:00,full_close,bot1,WIFIRT,ICT/SMC Scalp Pro,long,863,,55927.5,,55927.5,57559.39994066211,59191.29988132422,,200000.0,,3862858.8039887287,,,,,,,,,200000.0,
2026-09-29T08:16:28.832181+00:00,close,bot1,TRXIRT,Supertrend+ADX,short,885,a,83445.5,83836.27452274553,83836.27452274553,82859.3382158817,82273.1764317634,3.59,600000.0,-1402.8805366564552,3861455.9234520723,SL,28.93,,15m,آسیا,2026-09-29 07:15:00,long,3.0,200000.0,"{""adx"": 28.931, ""di_plus"": 36.997, ""di_minus"": 10.937, ""ema_trend"": 0.334856, ""close_vs_ema"": ""above"", ""volume"": 4718315.3, ""vol_ma"": 729414.36, ""vol_above_ma"": true}"
2026-09-29T08:16:29.414565+00:00,close,bot1,TRXIRT,Supertrend+ADX,short,885,b,83445.5,83836.27452274553,83836.27452274553,82859.3382158817,82273.1764317634,3.6,600000.0,-1406.7882818839105,3860049.1351701883,SL,28.93,,15m,آسیا,2026-09-29 07:15:00,long,3.0,200000.0,"{""adx"": 28.931, ""di_plus"": 36.997, ""di_minus"": 10.937, ""ema_trend"": 0.334856, ""close_vs_ema"": ""above"", ""volume"": 4718315.3, ""vol_ma"": 729414.36, ""vol_above_ma"": true}"
2026-09-29T08:16:30.328992+00:00,full_close,bot1,TRXIRT,Supertrend+ADX,short,885,,83445.5,,83836.27452274553,82859.3382158817,82273.1764317634,,600000.0,,3860049.1351701883,,28.93,,15m,آسیا,2026-09-29 07:15:00,long,3.0,200000.0,"{""adx"": 28.931, ""di_plus"": 36.997, ""di_minus"": 10.937, ""ema_trend"": 0.334856, ""close_vs_ema"": ""above"", ""volume"": 4718315.3, ""vol_ma"": 729414.36, ""vol_above_ma"": true}"
2026-09-29T08:30:54.927548+00:00,close,bot1,ADAIRT,ICT/SMC Scalp Pro,long,878,b,60135.0,63074.94804008986,60135.0,61604.97402004492,63074.94804008986,1.662925,200000.0,4888.913094566432,3864938.0482647545,TP2,,,,,,,,200000.0,
2026-09-29T08:30:55.605936+00:00,full_close,bot1,ADAIRT,ICT/SMC Scalp Pro,long,878,,60135.0,,60135.0,61604.97402004492,63074.94804008986,,200000.0,,3864938.0482647545,,,,,,,,,200000.0,
2026-09-29T08:31:00.156052+00:00,close,bot1,ARBIRT,ICT/SMC Scalp Pro,long,875,b,48241.5,51259.85308277118,48241.5,49750.67654138559,51259.85308277118,2.0729,200000.0,6256.74410527638,3871194.7923700307,TP2,,,,,,,,200000.0,
2026-09-29T08:31:00.838556+00:00,full_close,bot1,ARBIRT,ICT/SMC Scalp Pro,long,875,,48241.5,,48241.5,49750.67654138559,51259.85308277118,,200000.0,,3871194.7923700307,,,,,,,,,200000.0,
2026-09-29T08:31:13.938934+00:00,close,bot1,ETHIRT,ICT/SMC Scalp Pro,short,883,a,673847529.0,677926104.4358814,677926104.4358814,667729665.8461778,661611802.6923559,0.000148,200000.0,-603.6291645104436,3870591.1632055202,SL,,5,15m,آسیا,2026-09-29 06:45:00,long,1.0,200000.0,"{""recent_bull_sweep"": false, ""recent_bear_sweep"": true, ""vol_spike"": true, ""strong_bull_rej"": true, ""strong_bear_rej"": false, ""htf_bullish"": true, ""htf_bearish"": false, ""discount_zone"": false, ""premium_zone"": true, ""rsi_value"": 73.17, ""rsi_bull_ok"": true, ""rsi_bear_ok"": false, ""bull_fvg_count"": 6, ""bear_fvg_count"": 0, ""bull_ob_count"": 1, ""bear_ob_count"": 0, ""trend"": 1}"
2026-09-29T08:31:14.276969+00:00,close,bot1,ETHIRT,ICT/SMC Scalp Pro,short,883,b,673847529.0,677926104.4358814,677926104.4358814,667729665.8461778,661611802.6923559,0.000148,200000.0,-603.6291645104436,3869987.53404101,SL,,5,15m,آسیا,2026-09-29 06:45:00,long,1.0,200000.0,"{""recent_bull_sweep"": false, ""recent_bear_sweep"": true, ""vol_spike"": true, ""strong_bull_rej"": true, ""strong_bear_rej"": false, ""htf_bullish"": true, ""htf_bearish"": false, ""discount_zone"": false, ""premium_zone"": true, ""rsi_value"": 73.17, ""rsi_bull_ok"": true, ""rsi_bear_ok"": false, ""bull_fvg_count"": 6, ""bear_fvg_count"": 0, ""bull_ob_count"": 1, ""bear_ob_count"": 0, ""trend"": 1}"
2026-09-29T08:31:14.933242+00:00,full_close,bot1,ETHIRT,ICT/SMC Scalp Pro,short,883,,673847529.0,,677926104.4358814,667729665.8461778,661611802.6923559,,200000.0,,3869987.53404101,,,5,15m,آسیا,2026-09-29 06:45:00,long,1.0,200000.0,"{""recent_bull_sweep"": false, ""recent_bear_sweep"": true, ""vol_spike"": true, ""strong_bull_rej"": true, ""strong_bear_rej"": false, ""htf_bullish"": true, ""htf_bearish"": false, ""discount_zone"": false, ""premium_zone"": true, ""rsi_value"": 73.17, ""rsi_bull_ok"": true, ""rsi_bear_ok"": false, ""bull_fvg_count"": 6, ""bear_fvg_count"": 0, ""bull_ob_count"": 1, ""bear_ob_count"": 0, ""trend"": 1}"
2026-09-29T08:31:35.545340+00:00,open,bot1,PEPEIRT,ICT/SMC Scalp Pro,short,887,,1.06677,,1.0839369219837227,1.0410196170244157,1.0152692340488316,187481.8,200000.0,,,,,5,15m,لندن,2026-09-29 08:15:00,long,1.0,200000.0,"{""recent_bull_sweep"": false, ""recent_bear_sweep"": false, ""vol_spike"": true, ""strong_bull_rej"": true, ""strong_bear_rej"": false, ""htf_bullish"": true, ""htf_bearish"": false, ""discount_zone"": false, ""premium_zone"": true, ""rsi_value"": 67.95, ""rsi_bull_ok"": true, ""rsi_bear_ok"": false, ""bull_fvg_count"": 1, ""bear_fvg_count"": 1, ""bull_ob_count"": 0, ""bear_ob_count"": 2, ""trend"": 1}"
2026-09-29T08:31:39.738203+00:00,close,bot1,SHIBIRT,ICT/SMC Scalp Pro,long,876,b,1.3799000000000001,1.4364099386853175,1.3799000000000001,1.4081549693426587,1.4364099386853175,72469.0,200000.0,4095.218746586266,3874082.752787596,TP2,,,,,,,,200000.0,
2026-09-29T08:31:40.398603+00:00,full_close,bot1,SHIBIRT,ICT/SMC Scalp Pro,long,876,,1.3799000000000001,,1.3799000000000001,1.4081549693426587,1.4364099386853175,,200000.0,,3874082.752787596,,,,,,,,,200000.0,
2026-09-29T08:45:48.446604+00:00,close,bot1,DOGEIRT,ICT/SMC Scalp Pro,long,879,b,22926.5,23761.816800763663,22926.5,23344.15840038183,23761.816800763663,4.36,200000.0,3641.981251329572,3877724.7340389257,TP2,,,,,,,,200000.0,
2026-09-29T08:45:49.184102+00:00,full_close,bot1,DOGEIRT,ICT/SMC Scalp Pro,long,879,,22926.5,,22926.5,23344.15840038183,23761.816800763663,,200000.0,,3877724.7340389257,,,,,,,,,200000.0,
2026-09-29T08:46:00.295706+00:00,close,bot1,FLOKIIRT,ICT/SMC Scalp Pro,long,867,b,6.58159,6.83146501735254,6.58159,6.70652750867627,6.83146501735254,15193.9,200000.0,3796.5760261527594,3881521.3100650785,TP2,,,,,,,,200000.0,
2026-09-29T08:46:00.990965+00:00,full_close,bot1,FLOKIIRT,ICT/SMC Scalp Pro,long,867,,6.58159,,6.58159,6.70652750867627,6.83146501735254,,200000.0,,3881521.3100650785,,,,,,,,,200000.0,
2026-09-29T09:01:09.100577+00:00,close,bot1,ETHIRT,Supertrend+ADX,short,882,a,670602578.0,681165545.5820438,681165545.5820438,654758126.6269344,638913675.2538687,0.000447,600000.0,-4721.6465091735645,3876799.6635559048,SL,15.42,,15m,آسیا,2026-09-29 06:00:00,long,3.0,200000.0,"{""adx"": 15.418, ""di_plus"": 30.406, ""di_minus"": 22.571, ""ema_trend"": 2678.544695, ""close_vs_ema"": ""above"", ""volume"": 4615.6826, ""vol_ma"": 1814.0842, ""vol_above_ma"": true}"
2026-09-29T09:01:09.845862+00:00,close,bot1,ETHIRT,Supertrend+ADX,short,882,b,670602578.0,681165545.5820438,681165545.5820438,654758126.6269344,638913675.2538687,0.000447,600000.0,-4721.6465091735645,3872078.017046731,SL,15.42,,15m,آسیا,2026-09-29 06:00:00,long,3.0,200000.0,"{""adx"": 15.418, ""di_plus"": 30.406, ""di_minus"": 22.571, ""ema_trend"": 2678.544695, ""close_vs_ema"": ""above"", ""volume"": 4615.6826, ""vol_ma"": 1814.0842, ""vol_above_ma"": true}"
2026-09-29T09:01:10.708586+00:00,full_close,bot1,ETHIRT,Supertrend+ADX,short,882,,670602578.0,,681165545.5820438,654758126.6269344,638913675.2538687,,600000.0,,3872078.017046731,,15.42,,15m,آسیا,2026-09-29 06:00:00,long,3.0,200000.0,"{""adx"": 15.418, ""di_plus"": 30.406, ""di_minus"": 22.571, ""ema_trend"": 2678.544695, ""close_vs_ema"": ""above"", ""volume"": 4615.6826, ""vol_ma"": 1814.0842, ""vol_above_ma"": true}"
2026-09-29T09:01:24.803704+00:00,open,bot1,LINKIRT,Supertrend+ADX,short,888,,3859534.5,,3994496.2263721344,3657091.910441799,3454649.320883598,0.1554,600000.0,,,,21.01,,15m,لندن,2026-09-29 08:45:00,long,3.0,200000.0,"{""adx"": 21.011, ""di_plus"": 24.994, ""di_minus"": 16.873, ""ema_trend"": 14.602074, ""close_vs_ema"": ""above"", ""volume"": 62847.58, ""vol_ma"": 53986.161, ""vol_above_ma"": true}"
2026-09-29T09:01:46.284556+00:00,close,bot1,TRBIRT,Supertrend+ADX,long,877,a,4653101.0,4868383.032999758,4509579.644666828,4868383.032999758,5083665.065999515,0.0644,600000.0,13864.162925184393,3885942.179971915,TP1,,,,,,,,200000.0,
2026-09-29T09:01:46.677658+00:00,sl_to_be,bot1,TRBIRT,Supertrend+ADX,long,877,,4653101.0,,4653101.0,4868383.032999758,5083665.065999515,,600000.0,,,,,,,,,,,200000.0,
2026-09-29T09:01:55.498674+00:00,close,bot1,XRPIRT,Supertrend+ADX,long,828,b,358942.5,377625.62050906714,358942.5,368284.0602545336,377625.62050906714,0.8,600000.0,14946.496407253715,3900888.676379169,TP2,,,,,,,,200000.0,
2026-09-29T09:01:56.372395+00:00,full_close,bot1,XRPIRT,Supertrend+ADX,long,828,,358942.5,,358942.5,368284.0602545336,377625.62050906714,,600000.0,,3900888.676379169,,,,,,,,,200000.0,
2026-09-29T09:01:57.213716+00:00,close,bot1,XRPIRT,ICT/SMC Scalp Pro,long,869,b,365276.0,378356.69757541805,365276.0,371816.3487877091,378356.69757541805,0.3,200000.0,3924.2092726254136,3904812.8856517943,TP2,,,,,,,,200000.0,
2026-09-29T09:01:58.084092+00:00,full_close,bot1,XRPIRT,ICT/SMC Scalp Pro,long,869,,365276.0,,365276.0,371816.3487877091,378356.69757541805,,200000.0,,3904812.8856517943,,,,,,,,,200000.0,
2026-09-29T09:30:57.602416+00:00,close,bot1,DOGSIRT,ICT/SMC Scalp Pro,short,834,b,12.295,12.295,12.295,11.889515041193649,11.484030082387298,8133.4,200000.0,-0.0,3904812.8856517943,SL,,,,,,,,200000.0,
2026-09-29T09:30:58.763951+00:00,full_close,bot1,DOGSIRT,ICT/SMC Scalp Pro,short,834,,12.295,,12.295,11.889515041193649,11.484030082387298,,200000.0,,3904812.8856517943,,,,,,,,,200000.0,
2026-09-29T09:45:35.841721+00:00,close,bot1,ADAIRT,Supertrend+ADX,long,831,b,59708.5,64190.414616386326,59708.5,61949.45730819316,64190.414616386326,5.02441,600000.0,22518.976617717617,3927331.862269512,TP2,,,,,,,,200000.0,
2026-09-29T09:45:36.705550+00:00,full_close,bot1,ADAIRT,Supertrend+ADX,long,831,,59708.5,,59708.5,61949.45730819316,64190.414616386326,,600000.0,,3927331.862269512,,,,,,,,,200000.0,
2026-09-29T09:46:28.275626+00:00,open,bot1,TRBIRT,ICT/SMC Scalp Pro,short,889,,5037388.0,,5109802.25043083,4928766.624353756,4820145.248707512,0.0397,200000.0,,,,,5,15m,لندن,2026-09-29 09:30:00,long,1.0,200000.0,"{""recent_bull_sweep"": false, ""recent_bear_sweep"": false, ""vol_spike"": true, ""strong_bull_rej"": true, ""strong_bear_rej"": false, ""htf_bullish"": true, ""htf_bearish"": false, ""discount_zone"": false, ""premium_zone"": true, ""rsi_value"": 81.61, ""rsi_bull_ok"": true, ""rsi_bear_ok"": false, ""bull_fvg_count"": 6, ""bear_fvg_count"": 0, ""bull_ob_count"": 1, ""bear_ob_count"": 0, ""trend"": 1}"
2026-09-29T09:46:34.019470+00:00,close,bot1,XLMIRT,ICT/SMC Scalp Pro,short,884,a,57134.55,58174.52386951,58174.52386951,55574.589195735,54014.62839147001,1.7502,200000.0,-1820.162266416393,3925511.7000030954,SL,,5,15m,آسیا,2026-09-29 07:00:00,long,1.0,200000.0,"{""recent_bull_sweep"": true, ""recent_bear_sweep"": false, ""vol_spike"": true, ""strong_bull_rej"": false, ""strong_bear_rej"": false, ""htf_bullish"": true, ""htf_bearish"": false, ""discount_zone"": false, ""premium_zone"": true, ""rsi_value"": 59.5, ""rsi_bull_ok"": true, ""rsi_bear_ok"": false, ""bull_fvg_count"": 5, ""bear_fvg_count"": 1, ""bull_ob_count"": 3, ""bear_ob_count"": 0, ""trend"": 1}"
2026-09-29T09:46:34.352663+00:00,close,bot1,XLMIRT,ICT/SMC Scalp Pro,short,884,b,57134.55,58174.52386951,58174.52386951,55574.589195735,54014.62839147001,1.7503,200000.0,-1820.2662638033441,3923691.433739292,SL,,5,15m,آسیا,2026-09-29 07:00:00,long,1.0,200000.0,"{""recent_bull_sweep"": true, ""recent_bear_sweep"": false, ""vol_spike"": true, ""strong_bull_rej"": false, ""strong_bear_rej"": false, ""htf_bullish"": true, ""htf_bearish"": false, ""discount_zone"": false, ""premium_zone"": true, ""rsi_value"": 59.5, ""rsi_bull_ok"": true, ""rsi_bear_ok"": false, ""bull_fvg_count"": 5, ""bear_fvg_count"": 1, ""bull_ob_count"": 3, ""bear_ob_count"": 0, ""trend"": 1}"
2026-09-29T09:46:35.005416+00:00,full_close,bot1,XLMIRT,ICT/SMC Scalp Pro,short,884,,57134.55,,58174.52386951,55574.589195735,54014.62839147001,,200000.0,,3923691.433739292,,,5,15m,آسیا,2026-09-29 07:00:00,long,1.0,200000.0,"{""recent_bull_sweep"": true, ""recent_bear_sweep"": false, ""vol_spike"": true, ""strong_bull_rej"": false, ""strong_bear_rej"": false, ""htf_bullish"": true, ""htf_bearish"": false, ""discount_zone"": false, ""premium_zone"": true, ""rsi_value"": 59.5, ""rsi_bull_ok"": true, ""rsi_bear_ok"": false, ""bull_fvg_count"": 5, ""bear_fvg_count"": 1, ""bull_ob_count"": 3, ""bear_ob_count"": 0, ""trend"": 1}"
2026-09-29T10:01:00.699366+00:00,open,bot1,BTCIRT,ICT/SMC Scalp Pro,short,890,,21305383791.0,,21393159084.411858,21173720850.88221,21042057910.76442,9.38e-06,200000.0,,,,,5,15m,لندن,2026-09-29 09:45:00,long,1.0,200000.0,"{""recent_bull_sweep"": false, ""recent_bear_sweep"": false, ""vol_spike"": true, ""strong_bull_rej"": true, ""strong_bear_rej"": false, ""htf_bullish"": true, ""htf_bearish"": false, ""discount_zone"": false, ""premium_zone"": true, ""rsi_value"": 68.0, ""rsi_bull_ok"": true, ""rsi_bear_ok"": false, ""bull_fvg_count"": 5, ""bear_fvg_count"": 0, ""bull_ob_count"": 2, ""bear_ob_count"": 0, ""trend"": 1}"
2026-09-29T10:01:20.628051+00:00,close,bot1,NOTIRT,ICT/SMC Scalp Pro,long,881,b,120.7,125.7223499087603,120.7,123.21117495438016,125.7223499087603,828.5,200000.0,4161.0168994079,3927852.4506387,TP2,,,,,,,,200000.0,
2026-09-29T10:01:21.590345+00:00,full_close,bot1,NOTIRT,ICT/SMC Scalp Pro,long,881,,120.7,,120.7,123.21117495438016,125.7223499087603,,200000.0,,3927852.4506387,,,,,,,,,200000.0,
2026-09-29T10:01:25.224623+00:00,close,bot1,PEPEIRT,ICT/SMC Scalp Pro,short,887,a,1.06677,1.0839369219837227,1.0839369219837227,1.0410196170244157,1.0152692340488316,93740.9,200000.0,-1609.2427169839527,3926243.207921716,SL,,5,15m,لندن,2026-09-29 08:15:00,long,1.0,200000.0,"{""recent_bull_sweep"": false, ""recent_bear_sweep"": false, ""vol_spike"": true, ""strong_bull_rej"": true, ""strong_bear_rej"": false, ""htf_bullish"": true, ""htf_bearish"": false, ""discount_zone"": false, ""premium_zone"": true, ""rsi_value"": 67.95, ""rsi_bull_ok"": true, ""rsi_bear_ok"": false, ""bull_fvg_count"": 1, ""bear_fvg_count"": 1, ""bull_ob_count"": 0, ""bear_ob_count"": 2, ""trend"": 1}"
2026-09-29T10:01:25.695874+00:00,close,bot1,PEPEIRT,ICT/SMC Scalp Pro,short,887,b,1.06677,1.0839369219837227,1.0839369219837227,1.0410196170244157,1.0152692340488316,93740.9,200000.0,-1609.2427169839527,3924633.965204732,SL,,5,15m,لندن,2026-09-29 08:15:00,long,1.0,200000.0,"{""recent_bull_sweep"": false, ""recent_bear_sweep"": false, ""vol_spike"": true, ""strong_bull_rej"": true, ""strong_bear_rej"": false, ""htf_bullish"": true, ""htf_bearish"": false, ""discount_zone"": false, ""premium_zone"": true, ""rsi_value"": 67.95, ""rsi_bull_ok"": true, ""rsi_bear_ok"": false, ""bull_fvg_count"": 1, ""bear_fvg_count"": 1, ""bull_ob_count"": 0, ""bear_ob_count"": 2, ""trend"": 1}"
2026-09-29T10:01:26.624705+00:00,full_close,bot1,PEPEIRT,ICT/SMC Scalp Pro,short,887,,1.06677,,1.0839369219837227,1.0410196170244157,1.0152692340488316,,200000.0,,3924633.965204732,,,5,15m,لندن,2026-09-29 08:15:00,long,1.0,200000.0,"{""recent_bull_sweep"": false, ""recent_bear_sweep"": false, ""vol_spike"": true, ""strong_bull_rej"": true, ""strong_bear_rej"": false, ""htf_bullish"": true, ""htf_bearish"": false, ""discount_zone"": false, ""premium_zone"": true, ""rsi_value"": 67.95, ""rsi_bull_ok"": true, ""rsi_bear_ok"": false, ""bull_fvg_count"": 1, ""bear_fvg_count"": 1, ""bull_ob_count"": 0, ""bear_ob_count"": 2, ""trend"": 1}"
2026-09-29T10:15:49.357280+00:00,close,bot1,BTCIRT,ICT/SMC Scalp Pro,short,890,a,21305383791.0,21393159084.411858,21393159084.411858,21173720850.88221,21042057910.76442,4.69e-06,200000.0,-411.6661261016122,3924222.2990786303,SL,,5,15m,لندن,2026-09-29 09:45:00,long,1.0,200000.0,"{""recent_bull_sweep"": false, ""recent_bear_sweep"": false, ""vol_spike"": true, ""strong_bull_rej"": true, ""strong_bear_rej"": false, ""htf_bullish"": true, ""htf_bearish"": false, ""discount_zone"": false, ""premium_zone"": true, ""rsi_value"": 68.0, ""rsi_bull_ok"": true, ""rsi_bear_ok"": false, ""bull_fvg_count"": 5, ""bear_fvg_count"": 0, ""bull_ob_count"": 2, ""bear_ob_count"": 0, ""trend"": 1}"
2026-09-29T10:15:49.812131+00:00,close,bot1,BTCIRT,ICT/SMC Scalp Pro,short,890,b,21305383791.0,21393159084.411858,21393159084.411858,21173720850.88221,21042057910.76442,4.69e-06,200000.0,-411.6661261016122,3923810.6329525285,SL,,5,15m,لندن,2026-09-29 09:45:00,long,1.0,200000.0,"{""recent_bull_sweep"": false, ""recent_bear_sweep"": false, ""vol_spike"": true, ""strong_bull_rej"": true, ""strong_bear_rej"": false, ""htf_bullish"": true, ""htf_bearish"": false, ""discount_zone"": false, ""premium_zone"": true, ""rsi_value"": 68.0, ""rsi_bull_ok"": true, ""rsi_bear_ok"": false, ""bull_fvg_count"": 5, ""bear_fvg_count"": 0, ""bull_ob_count"": 2, ""bear_ob_count"": 0, ""trend"": 1}"
2026-09-29T10:15:50.574519+00:00,full_close,bot1,BTCIRT,ICT/SMC Scalp Pro,short,890,,21305383791.0,,21393159084.411858,21173720850.88221,21042057910.76442,,200000.0,,3923810.6329525285,,,5,15m,لندن,2026-09-29 09:45:00,long,1.0,200000.0,"{""recent_bull_sweep"": false, ""recent_bear_sweep"": false, ""vol_spike"": true, ""strong_bull_rej"": true, ""strong_bear_rej"": false, ""htf_bullish"": true, ""htf_bearish"": false, ""discount_zone"": false, ""premium_zone"": true, ""rsi_value"": 68.0, ""rsi_bull_ok"": true, ""rsi_bear_ok"": false, ""bull_fvg_count"": 5, ""bear_fvg_count"": 0, ""bull_ob_count"": 2, ""bear_ob_count"": 0, ""trend"": 1}"
2026-09-29T10:16:11.548347+00:00,close,bot1,NOTIRT,Supertrend+ADX,short,813,a,122.95,126.42834428031894,126.42834428031894,117.73248357952158,112.51496715904315,2440.0,600000.0,-8487.160043978203,3915323.4729085504,SL,,,,,,,,200000.0,
2026-09-29T10:16:11.943502+00:00,close,bot1,NOTIRT,Supertrend+ADX,short,813,b,122.95,126.42834428031894,126.42834428031894,117.73248357952158,112.51496715904315,2440.0,600000.0,-8487.160043978203,3906836.3128645723,SL,,,,,,,,200000.0,
2026-09-29T10:16:12.816728+00:00,full_close,bot1,NOTIRT,Supertrend+ADX,short,813,,122.95,,126.42834428031894,117.73248357952158,112.51496715904315,,600000.0,,3906836.3128645723,,,,,,,,,200000.0,
2026-09-29T10:16:21.710421+00:00,close,bot1,SEIIRT,ICT/SMC Scalp Pro,long,864,a,18556.0,19193.814264083067,18130.79049061129,19193.814264083067,19831.62852816613,5.3,200000.0,3380.4155996402524,3910216.7284642127,TP1,,,,,,,,200000.0,
2026-09-29T10:16:22.104932+00:00,sl_to_be,bot1,SEIIRT,ICT/SMC Scalp Pro,long,864,,18556.0,,18556.0,19193.814264083067,19831.62852816613,,200000.0,,,,,,,,,,,200000.0,
2026-09-29T11:45:47.216407+00:00,open,bot1,DOGSIRT,ICT/SMC Scalp Pro,short,891,,12.41,,12.53982665091499,12.215260023627515,12.02052004725503,16116.0,200000.0,,,,,5,15m,لندن,2026-09-29 11:30:00,long,1.0,200000.0,"{""recent_bull_sweep"": false, ""recent_bear_sweep"": true, ""vol_spike"": true, ""strong_bull_rej"": true, ""strong_bear_rej"": false, ""htf_bullish"": true, ""htf_bearish"": false, ""discount_zone"": false, ""premium_zone"": true, ""rsi_value"": 69.26, ""rsi_bull_ok"": true, ""rsi_bear_ok"": false, ""bull_fvg_count"": 5, ""bear_fvg_count"": 0, ""bull_ob_count"": 2, ""bear_ob_count"": 1, ""trend"": 1}"
2026-09-29T11:46:24.173964+00:00,open,bot1,XLMIRT,ICT/SMC Scalp Pro,short,892,,59608.2,,60586.78293707925,58140.325594381124,56672.45118876225,3.3552,200000.0,,,,,5,15m,لندن,2026-09-29 11:30:00,long,1.0,200000.0,"{""recent_bull_sweep"": false, ""recent_bear_sweep"": false, ""vol_spike"": true, ""strong_bull_rej"": true, ""strong_bear_rej"": false, ""htf_bullish"": true, ""htf_bearish"": false, ""discount_zone"": false, ""premium_zone"": true, ""rsi_value"": 69.33, ""rsi_bull_ok"": true, ""rsi_bear_ok"": false, ""bull_fvg_count"": 6, ""bear_fvg_count"": 0, ""bull_ob_count"": 3, ""bear_ob_count"": 0, ""trend"": 1}"
2026-09-29T12:15:47.732157+00:00,open,bot1,ARBIRT,ICT/SMC Scalp Pro,short,893,,54372.5,,55277.02620446742,53015.71069329887,51658.92138659774,3.6783,200000.0,,,,,5,15m,لندن,2026-09-29 12:00:00,long,1.0,200000.0,"{""recent_bull_sweep"": false, ""recent_bear_sweep"": false, ""vol_spike"": true, ""strong_bull_rej"": true, ""strong_bear_rej"": false, ""htf_bullish"": true, ""htf_bearish"": false, ""discount_zone"": false, ""premium_zone"": true, ""rsi_value"": 80.26, ""rsi_bull_ok"": true, ""rsi_bear_ok"": false, ""bull_fvg_count"": 6, ""bear_fvg_count"": 0, ""bull_ob_count"": 2, ""bear_ob_count"": 0, ""trend"": 1}"
2026-09-29T12:45:56.097073+00:00,open,bot1,DOGEIRT,ICT/SMC Scalp Pro,short,894,,24191.5,,24400.87240243171,23877.44139635244,23563.382792704877,8.26,200000.0,,,,,5,15m,لندن,2026-09-29 12:30:00,long,1.0,200000.0,"{""recent_bull_sweep"": false, ""recent_bear_sweep"": true, ""vol_spike"": true, ""strong_bull_rej"": true, ""strong_bear_rej"": false, ""htf_bullish"": true, ""htf_bearish"": false, ""discount_zone"": false, ""premium_zone"": true, ""rsi_value"": 71.42, ""rsi_bull_ok"": true, ""rsi_bear_ok"": false, ""bull_fvg_count"": 4, ""bear_fvg_count"": 0, ""bull_ob_count"": 2, ""bear_ob_count"": 1, ""trend"": 1}"
2026-09-29T12:46:06.062418+00:00,open,bot1,FLOKIIRT,ICT/SMC Scalp Pro,short,895,,6.96968,,7.032159178790688,6.875961231813968,6.782242463627936,28695.7,200000.0,,,,,5,15m,لندن,2026-09-29 12:30:00,long,1.0,200000.0,"{""recent_bull_sweep"": false, ""recent_bear_sweep"": true, ""vol_spike"": true, ""strong_bull_rej"": true, ""strong_bear_rej"": false, ""htf_bullish"": true, ""htf_bearish"": false, ""discount_zone"": false, ""premium_zone"": true, ""rsi_value"": 69.8, ""rsi_bull_ok"": true, ""rsi_bear_ok"": false, ""bull_fvg_count"": 5, ""bear_fvg_count"": 0, ""bull_ob_count"": 2, ""bear_ob_count"": 1, ""trend"": 1}"
2026-09-29T13:16:23.586456+00:00,open,bot1,GRAMIRT,Supertrend+ADX,long,896,,390118.5,,378633.91350628913,407345.3797405663,424572.2594811326,1.53799,600000.0,,,,17.81,,15m,لندن,2026-09-29 13:00:00,short,3.0,200000.0,"{""adx"": 17.806, ""di_plus"": 14.385, ""di_minus"": 32.669, ""ema_trend"": 1.5883, ""close_vs_ema"": ""below"", ""volume"": 124705.54, ""vol_ma"": 101085.6945, ""vol_above_ma"": true}"
2026-09-29T13:17:05.082950+00:00,open,bot1,WIFIRT,ICT/SMC Scalp Pro,short,897,,61515.0,,62394.080574359905,60196.37913846015,58877.75827692031,3.25,200000.0,,,,,5,15m,لندن,2026-09-29 13:00:00,long,1.0,200000.0,"{""recent_bull_sweep"": false, ""recent_bear_sweep"": true, ""vol_spike"": true, ""strong_bull_rej"": true, ""strong_bear_rej"": false, ""htf_bullish"": true, ""htf_bearish"": false, ""discount_zone"": false, ""premium_zone"": true, ""rsi_value"": 68.2, ""rsi_bull_ok"": true, ""rsi_bear_ok"": false, ""bull_fvg_count"": 5, ""bear_fvg_count"": 1, ""bull_ob_count"": 1, ""bear_ob_count"": 2, ""trend"": 1}"
2026-09-29T13:45:44.399475+00:00,close,bot1,ARBIRT,ICT/SMC Scalp Pro,short,893,a,54372.5,53015.71069329887,55277.02620446742,53015.71069329887,51658.92138659774,1.8391,200000.0,2495.2712139540517,3912711.9996781666,TP1,,5,15m,لندن,2026-09-29 12:00:00,long,1.0,200000.0,"{""recent_bull_sweep"": false, ""recent_bear_sweep"": false, ""vol_spike"": true, ""strong_bull_rej"": true, ""strong_bear_rej"": false, ""htf_bullish"": true, ""htf_bearish"": false, ""discount_zone"": false, ""premium_zone"": true, ""rsi_value"": 80.26, ""rsi_bull_ok"": true, ""rsi_bear_ok"": false, ""bull_fvg_count"": 6, ""bear_fvg_count"": 0, ""bull_ob_count"": 2, ""bear_ob_count"": 0, ""trend"": 1}"
2026-09-29T13:45:44.845228+00:00,sl_to_be,bot1,ARBIRT,ICT/SMC Scalp Pro,short,893,,54372.5,,54372.5,53015.71069329887,51658.92138659774,,200000.0,,,,,5,15m,لندن,2026-09-29 12:00:00,long,1.0,200000.0,"{""recent_bull_sweep"": false, ""recent_bear_sweep"": false, ""vol_spike"": true, ""strong_bull_rej"": true, ""strong_bear_rej"": false, ""htf_bullish"": true, ""htf_bearish"": false, ""discount_zone"": false, ""premium_zone"": true, ""rsi_value"": 80.26, ""rsi_bull_ok"": true, ""rsi_bear_ok"": false, ""bull_fvg_count"": 6, ""bear_fvg_count"": 0, ""bull_ob_count"": 2, ""bear_ob_count"": 0, ""trend"": 1}"
2026-09-29T13:46:56.368425+00:00,open,bot1,XRPIRT,ICT/SMC Scalp Pro,short,898,,389288.5,,393562.94334275625,382876.83498586563,376465.1699717312,0.5,200000.0,,,,,5,15m,لندن,2026-09-29 13:30:00,long,1.0,200000.0,"{""recent_bull_sweep"": false, ""recent_bear_sweep"": false, ""vol_spike"": true, ""strong_bull_rej"": true, ""strong_bear_rej"": false, ""htf_bullish"": true, ""htf_bearish"": false, ""discount_zone"": false, ""premium_zone"": true, ""rsi_value"": 74.51, ""rsi_bull_ok"": true, ""rsi_bear_ok"": false, ""bull_fvg_count"": 6, ""bear_fvg_count"": 0, ""bull_ob_count"": 1, ""bear_ob_count"": 0, ""trend"": 1}"
2026-09-29T14:15:49.708439+00:00,close,bot1,DOGEIRT,ICT/SMC Scalp Pro,short,894,a,24191.5,23877.44139635244,24400.87240243171,23877.44139635244,23563.382792704877,4.13,200000.0,1297.0620330644292,3914009.061711231,TP1,,5,15m,لندن,2026-09-29 12:30:00,long,1.0,200000.0,"{""recent_bull_sweep"": false, ""recent_bear_sweep"": true, ""vol_spike"": true, ""strong_bull_rej"": true, ""strong_bear_rej"": false, ""htf_bullish"": true, ""htf_bearish"": false, ""discount_zone"": false, ""premium_zone"": true, ""rsi_value"": 71.42, ""rsi_bull_ok"": true, ""rsi_bear_ok"": false, ""bull_fvg_count"": 4, ""bear_fvg_count"": 0, ""bull_ob_count"": 2, ""bear_ob_count"": 1, ""trend"": 1}"
2026-09-29T14:15:50.226023+00:00,sl_to_be,bot1,DOGEIRT,ICT/SMC Scalp Pro,short,894,,24191.5,,24191.5,23877.44139635244,23563.382792704877,,200000.0,,,,,5,15m,لندن,2026-09-29 12:30:00,long,1.0,200000.0,"{""recent_bull_sweep"": false, ""recent_bear_sweep"": true, ""vol_spike"": true, ""strong_bull_rej"": true, ""strong_bear_rej"": false, ""htf_bullish"": true, ""htf_bearish"": false, ""discount_zone"": false, ""premium_zone"": true, ""rsi_value"": 71.42, ""rsi_bull_ok"": true, ""rsi_bear_ok"": false, ""bull_fvg_count"": 4, ""bear_fvg_count"": 0, ""bull_ob_count"": 2, ""bear_ob_count"": 1, ""trend"": 1}"
2026-09-29T14:16:24.194800+00:00,close,bot1,SEIIRT,ICT/SMC Scalp Pro,long,864,b,18556.0,18556.0,18556.0,19193.814264083067,19831.62852816613,5.3,200000.0,0.0,3914009.061711231,SL,,,,,,,,200000.0,
2026-09-29T14:16:25.146644+00:00,full_close,bot1,SEIIRT,ICT/SMC Scalp Pro,long,864,,18556.0,,18556.0,19193.814264083067,19831.62852816613,,200000.0,,3914009.061711231,,,,,,,,,200000.0,
2026-09-29T14:16:27.781373+00:00,open,bot1,SEIIRT,ICT/SMC Scalp Pro,long,899,,18500.0,,18181.2986222153,18978.052066677046,19456.1041333541,10.8,200000.0,,,,,5,15m,لندن,2026-09-29 14:00:00,short,1.0,200000.0,"{""recent_bull_sweep"": true, ""recent_bear_sweep"": true, ""vol_spike"": false, ""strong_bull_rej"": false, ""strong_bear_rej"": true, ""htf_bullish"": false, ""htf_bearish"": true, ""discount_zone"": true, ""premium_zone"": false, ""rsi_value"": 40.02, ""rsi_bull_ok"": false, ""rsi_bear_ok"": true, ""bull_fvg_count"": 1, ""bear_fvg_count"": 4, ""bull_ob_count"": 0, ""bear_ob_count"": 3, ""trend"": -1}"
2026-09-29T14:16:51.433657+00:00,close,bot1,XLMIRT,ICT/SMC Scalp Pro,short,892,a,59608.2,58140.325594381124,60586.78293707925,58140.325594381124,56672.45118876225,1.6776,200000.0,2462.506102866222,3916471.567814097,TP1,,5,15m,لندن,2026-09-29 11:30:00,long,1.0,200000.0,"{""recent_bull_sweep"": false, ""recent_bear_sweep"": false, ""vol_spike"": true, ""strong_bull_rej"": true, ""strong_bear_rej"": false, ""htf_bullish"": true, ""htf_bearish"": false, ""discount_zone"": false, ""premium_zone"": true, ""rsi_value"": 69.33, ""rsi_bull_ok"": true, ""rsi_bear_ok"": false, ""bull_fvg_count"": 6, ""bear_fvg_count"": 0, ""bull_ob_count"": 3, ""bear_ob_count"": 0, ""trend"": 1}"
2026-09-29T14:16:51.951165+00:00,sl_to_be,bot1,XLMIRT,ICT/SMC Scalp Pro,short,892,,59608.2,,59608.2,58140.325594381124,56672.45118876225,,200000.0,,,,,5,15m,لندن,2026-09-29 11:30:00,long,1.0,200000.0,"{""recent_bull_sweep"": false, ""recent_bear_sweep"": false, ""vol_spike"": true, ""strong_bull_rej"": true, ""strong_bear_rej"": false, ""htf_bullish"": true, ""htf_bearish"": false, ""discount_zone"": false, ""premium_zone"": true, ""rsi_value"": 69.33, ""rsi_bull_ok"": true, ""rsi_bear_ok"": false, ""bull_fvg_count"": 6, ""bear_fvg_count"": 0, ""bull_ob_count"": 3, ""bear_ob_count"": 0, ""trend"": 1}"
2026-09-29T14:32:02.213104+00:00,open,bot1,TIAIRT,ICT/SMC Scalp Pro,short,900,,116627.5,,118674.91929113408,113556.37106329888,110485.24212659776,1.7148,200000.0,,,,,6,15m,لندن,2026-09-29 14:15:00,long,1.0,200000.0,"{""recent_bull_sweep"": true, ""recent_bear_sweep"": false, ""vol_spike"": true, ""strong_bull_rej"": true, ""strong_bear_rej"": false, ""htf_bullish"": true, ""htf_bearish"": false, ""discount_zone"": false, ""premium_zone"": true, ""rsi_value"": 59.84, ""rsi_bull_ok"": true, ""rsi_bear_ok"": false, ""bull_fvg_count"": 4, ""bear_fvg_count"": 2, ""bull_ob_count"": 0, ""bear_ob_count"": 1, ""trend"": 1}"
2026-09-29T14:46:32.652704+00:00,open,bot1,ETHIRT,ICT/SMC Scalp Pro,short,901,,679733153.0,,684266504.2554964,672933126.1167554,666133099.2335106,0.000294,200000.0,,,,,5,15m,لندن,2026-09-29 14:30:00,long,1.0,200000.0,"{""recent_bull_sweep"": true, ""recent_bear_sweep"": false, ""vol_spike"": true, ""strong_bull_rej"": false, ""strong_bear_rej"": false, ""htf_bullish"": true, ""htf_bearish"": false, ""discount_zone"": true, ""premium_zone"": false, ""rsi_value"": 46.46, ""rsi_bull_ok"": false, ""rsi_bear_ok"": true, ""bull_fvg_count"": 4, ""bear_fvg_count"": 0, ""bull_ob_count"": 2, ""bear_ob_count"": 0, ""trend"": 1}"
2026-09-29T15:01:06.248639+00:00,open,bot1,BTCIRT,Supertrend+ADX,long,902,,20959000205.0,,20781459194.23933,21225311721.141006,21491623237.282013,2.862e-05,600000.0,,,,23.09,,15m,لندن,2026-09-29 14:45:00,short,3.0,200000.0,"{""adx"": 23.09, ""di_plus"": 17.999, ""di_minus"": 23.913, ""ema_trend"": 83792.6041, ""close_vs_ema"": ""below"", ""volume"": 192.2192, ""vol_ma"": 174.9763, ""vol_above_ma"": true}"
2026-09-29T15:15:48.796108+00:00,open,bot1,BTCIRT,ICT/SMC Scalp Pro,long,903,,20864694690.5,,20752710853.95508,21032670445.317383,21200646200.13477,9.58e-06,200000.0,,,,,6,15m,لندن,2026-09-29 15:00:00,short,1.0,200000.0,"{""recent_bull_sweep"": true, ""recent_bear_sweep"": true, ""vol_spike"": true, ""strong_bull_rej"": false, ""strong_bear_rej"": true, ""htf_bullish"": false, ""htf_bearish"": true, ""discount_zone"": true, ""premium_zone"": false, ""rsi_value"": 30.46, ""rsi_bull_ok"": false, ""rsi_bear_ok"": true, ""bull_fvg_count"": 1, ""bear_fvg_count"": 2, ""bull_ob_count"": 2, ""bear_ob_count"": 1, ""trend"": -1}"
2026-09-29T15:16:39.925811+00:00,open,bot1,SUIIRT,ICT/SMC Scalp Pro,long,904,,288466.0,,283080.1498759057,296544.77518614137,304623.55037228274,0.6933,200000.0,,,,,5,15m,لندن,2026-09-29 15:00:00,short,1.0,200000.0,"{""recent_bull_sweep"": true, ""recent_bear_sweep"": false, ""vol_spike"": true, ""strong_bull_rej"": false, ""strong_bear_rej"": true, ""htf_bullish"": false, ""htf_bearish"": true, ""discount_zone"": true, ""premium_zone"": false, ""rsi_value"": 42.6, ""rsi_bull_ok"": false, ""rsi_bear_ok"": true, ""bull_fvg_count"": 1, ""bear_fvg_count"": 1, ""bull_ob_count"": 2, ""bear_ob_count"": 3, ""trend"": -1}"
2026-09-29T15:17:19.718471+00:00,close,bot1,XRPIRT,ICT/SMC Scalp Pro,short,898,a,389288.5,382876.83498586563,393562.94334275625,382876.83498586563,376465.1699717312,0.2,200000.0,1282.3330028268742,3917753.9008169235,TP1,,5,15m,لندن,2026-09-29 13:30:00,long,1.0,200000.0,"{""recent_bull_sweep"": false, ""recent_bear_sweep"": false, ""vol_spike"": true, ""strong_bull_rej"": true, ""strong_bear_rej"": false, ""htf_bullish"": true, ""htf_bearish"": false, ""discount_zone"": false, ""premium_zone"": true, ""rsi_value"": 74.51, ""rsi_bull_ok"": true, ""rsi_bear_ok"": false, ""bull_fvg_count"": 6, ""bear_fvg_count"": 0, ""bull_ob_count"": 1, ""bear_ob_count"": 0, ""trend"": 1}"
2026-09-29T15:17:20.075058+00:00,sl_to_be,bot1,XRPIRT,ICT/SMC Scalp Pro,short,898,,389288.5,,389288.5,382876.83498586563,376465.1699717312,,200000.0,,,,,5,15m,لندن,2026-09-29 13:30:00,long,1.0,200000.0,"{""recent_bull_sweep"": false, ""recent_bear_sweep"": false, ""vol_spike"": true, ""strong_bull_rej"": true, ""strong_bear_rej"": false, ""htf_bullish"": true, ""htf_bearish"": false, ""discount_zone"": false, ""premium_zone"": true, ""rsi_value"": 74.51, ""rsi_bull_ok"": true, ""rsi_bear_ok"": false, ""bull_fvg_count"": 6, ""bear_fvg_count"": 0, ""bull_ob_count"": 1, ""bear_ob_count"": 0, ""trend"": 1}"
2026-09-29T15:30:52.839197+00:00,open,bot1,ADAIRT,Supertrend+ADX,long,905,,61793.0,,59117.102119014606,65806.84682147809,69820.69364295618,9.709837,600000.0,,,,19.99,,15m,لندن,2026-09-29 15:15:00,short,3.0,200000.0,"{""adx"": 19.994, ""di_plus"": 13.921, ""di_minus"": 35.688, ""ema_trend"": 0.249518, ""close_vs_ema"": ""below"", ""volume"": 4179343.1, ""vol_ma"": 1804189.645, ""vol_above_ma"": true}"
2026-09-29T15:31:11.482590+00:00,open,bot1,ARBIRT,Supertrend+ADX,long,906,,51699.0,,49051.450558381795,55670.32416242731,59641.648324854614,11.6056,600000.0,,,,32.79,,15m,لندن,2026-09-29 15:15:00,short,3.0,200000.0,"{""adx"": 32.788, ""di_plus"": 13.688, ""di_minus"": 30.417, ""ema_trend"": 0.209755, ""close_vs_ema"": ""below"", ""volume"": 3854397.8, ""vol_ma"": 2160650.08, ""vol_above_ma"": true}"
2026-09-29T15:31:21.250773+00:00,close,bot1,DOGEIRT,ICT/SMC Scalp Pro,short,894,b,24191.5,23563.382792704877,24400.87240243171,23877.44139635244,23563.382792704877,4.13,200000.0,2594.1240661288584,3920348.0248830523,TP2,,5,15m,لندن,2026-09-29 12:30:00,long,1.0,200000.0,"{""recent_bull_sweep"": false, ""recent_bear_sweep"": true, ""vol_spike"": true, ""strong_bull_rej"": true, ""strong_bear_rej"": false, ""htf_bullish"": true, ""htf_bearish"": false, ""discount_zone"": false, ""premium_zone"": true, ""rsi_value"": 71.42, ""rsi_bull_ok"": true, ""rsi_bear_ok"": false, ""bull_fvg_count"": 4, ""bear_fvg_count"": 0, ""bull_ob_count"": 2, ""bear_ob_count"": 1, ""trend"": 1}"
2026-09-29T15:31:22.252759+00:00,full_close,bot1,DOGEIRT,ICT/SMC Scalp Pro,short,894,,24191.5,,24400.87240243171,23877.44139635244,23563.382792704877,,200000.0,,3920348.0248830523,,,5,15m,لندن,2026-09-29 12:30:00,long,1.0,200000.0,"{""recent_bull_sweep"": false, ""recent_bear_sweep"": true, ""vol_spike"": true, ""strong_bull_rej"": true, ""strong_bear_rej"": false, ""htf_bullish"": true, ""htf_bearish"": false, ""discount_zone"": false, ""premium_zone"": true, ""rsi_value"": 71.42, ""rsi_bull_ok"": true, ""rsi_bear_ok"": false, ""bull_fvg_count"": 4, ""bear_fvg_count"": 0, ""bull_ob_count"": 2, ""bear_ob_count"": 1, ""trend"": 1}"
2026-09-29T15:31:39.625118+00:00,close,bot1,ETHIRT,ICT/SMC Scalp Pro,short,901,a,679733153.0,672933126.1167554,684266504.2554964,672933126.1167554,666133099.2335106,0.000147,200000.0,999.6039518369611,3921347.6288348893,TP1,,5,15m,لندن,2026-09-29 14:30:00,long,1.0,200000.0,"{""recent_bull_sweep"": true, ""recent_bear_sweep"": false, ""vol_spike"": true, ""strong_bull_rej"": false, ""strong_bear_rej"": false, ""htf_bullish"": true, ""htf_bearish"": false, ""discount_zone"": true, ""premium_zone"": false, ""rsi_value"": 46.46, ""rsi_bull_ok"": false, ""rsi_bear_ok"": true, ""bull_fvg_count"": 4, ""bear_fvg_count"": 0, ""bull_ob_count"": 2, ""bear_ob_count"": 0, ""trend"": 1}"
2026-09-29T15:31:40.168817+00:00,sl_to_be,bot1,ETHIRT,ICT/SMC Scalp Pro,short,901,,679733153.0,,679733153.0,672933126.1167554,666133099.2335106,,200000.0,,,,,5,15m,لندن,2026-09-29 14:30:00,long,1.0,200000.0,"{""recent_bull_sweep"": true, ""recent_bear_sweep"": false, ""vol_spike"": true, ""strong_bull_rej"": false, ""strong_bear_rej"": false, ""htf_bullish"": true, ""htf_bearish"": false, ""discount_zone"": true, ""premium_zone"": false, ""rsi_value"": 46.46, ""rsi_bull_ok"": false, ""rsi_bear_ok"": true, ""bull_fvg_count"": 4, ""bear_fvg_count"": 0, ""bull_ob_count"": 2, ""bear_ob_count"": 0, ""trend"": 1}"
2026-09-29T15:31:51.746784+00:00,close,bot1,FLOKIIRT,ICT/SMC Scalp Pro,short,895,a,6.96968,6.875961231813968,7.032159178790688,6.875961231813968,6.782242463627936,14347.8,200000.0,1344.658142179551,3922692.286977069,TP1,,5,15m,لندن,2026-09-29 12:30:00,long,1.0,200000.0,"{""recent_bull_sweep"": false, ""recent_bear_sweep"": true, ""vol_spike"": true, ""strong_bull_rej"": true, ""strong_bear_rej"": false, ""htf_bullish"": true, ""htf_bearish"": false, ""discount_zone"": false, ""premium_zone"": true, ""rsi_value"": 69.8, ""rsi_bull_ok"": true, ""rsi_bear_ok"": false, ""bull_fvg_count"": 5, ""bear_fvg_count"": 0, ""bull_ob_count"": 2, ""bear_ob_count"": 1, ""trend"": 1}"
2026-09-29T15:31:52.255985+00:00,sl_to_be,bot1,FLOKIIRT,ICT/SMC Scalp Pro,short,895,,6.96968,,6.96968,6.875961231813968,6.782242463627936,,200000.0,,,,,5,15m,لندن,2026-09-29 12:30:00,long,1.0,200000.0,"{""recent_bull_sweep"": false, ""recent_bear_sweep"": true, ""vol_spike"": true, ""strong_bull_rej"": true, ""strong_bear_rej"": false, ""htf_bullish"": true, ""htf_bearish"": false, ""discount_zone"": false, ""premium_zone"": true, ""rsi_value"": 69.8, ""rsi_bull_ok"": true, ""rsi_bear_ok"": false, ""bull_fvg_count"": 5, ""bear_fvg_count"": 0, ""bull_ob_count"": 2, ""bear_ob_count"": 1, ""trend"": 1}"
2026-09-29T15:31:55.846616+00:00,open,bot1,FLOKIIRT,Supertrend+ADX,long,907,,6.82837,,6.561219110899038,7.229096333651441,7.629822667302885,87868.7,600000.0,,,,26.45,,15m,لندن,2026-09-29 15:15:00,short,3.0,200000.0,"{""adx"": 26.449, ""di_plus"": 17.239, ""di_minus"": 30.342, ""ema_trend"": 2.8e-05, ""close_vs_ema"": ""below"", ""volume"": 1508464801.0, ""vol_ma"": 1037443055.25, ""vol_above_ma"": true}"
2026-09-29T15:33:52.132194+00:00,close,bot1,TIAIRT,ICT/SMC Scalp Pro,short,900,a,116627.5,113556.37106329888,118674.91929113408,113556.37106329888,110485.24212659776,0.8574,200000.0,2633.18595032754,3925325.4729273967,TP1,,6,15m,لندن,2026-09-29 14:15:00,long,1.0,200000.0,"{""recent_bull_sweep"": true, ""recent_bear_sweep"": false, ""vol_spike"": true, ""strong_bull_rej"": true, ""strong_bear_rej"": false, ""htf_bullish"": true, ""htf_bearish"": false, ""discount_zone"": false, ""premium_zone"": true, ""rsi_value"": 59.84, ""rsi_bull_ok"": true, ""rsi_bear_ok"": false, ""bull_fvg_count"": 4, ""bear_fvg_count"": 2, ""bull_ob_count"": 0, ""bear_ob_count"": 1, ""trend"": 1}"
2026-09-29T15:33:52.593002+00:00,sl_to_be,bot1,TIAIRT,ICT/SMC Scalp Pro,short,900,,116627.5,,116627.5,113556.37106329888,110485.24212659776,,200000.0,,,,,6,15m,لندن,2026-09-29 14:15:00,long,1.0,200000.0,"{""recent_bull_sweep"": true, ""recent_bear_sweep"": false, ""vol_spike"": true, ""strong_bull_rej"": true, ""strong_bear_rej"": false, ""htf_bullish"": true, ""htf_bearish"": false, ""discount_zone"": false, ""premium_zone"": true, ""rsi_value"": 59.84, ""rsi_bull_ok"": true, ""rsi_bear_ok"": false, ""bull_fvg_count"": 4, ""bear_fvg_count"": 2, ""bull_ob_count"": 0, ""bear_ob_count"": 1, ""trend"": 1}"
2026-09-29T15:33:59.247094+00:00,open,bot1,TIAIRT,Supertrend+ADX,long,908,,113115.5,,107134.9965270842,122086.25520937372,131057.01041874745,5.3043,600000.0,,,,34.99,,15m,لندن,2026-09-29 15:15:00,short,3.0,200000.0,"{""adx"": 34.992, ""di_plus"": 16.731, ""di_minus"": 30.48, ""ema_trend"": 0.462523, ""close_vs_ema"": ""below"", ""volume"": 1969721.81, ""vol_ma"": 279956.386, ""vol_above_ma"": true}"
2026-09-29T15:34:12.095509+00:00,close,bot1,WIFIRT,ICT/SMC Scalp Pro,short,897,a,61515.0,60196.37913846015,62394.080574359905,60196.37913846015,58877.75827692031,1.62,200000.0,2136.1657956945573,3927461.638723091,TP1,,5,15m,لندن,2026-09-29 13:00:00,long,1.0,200000.0,"{""recent_bull_sweep"": false, ""recent_bear_sweep"": true, ""vol_spike"": true, ""strong_bull_rej"": true, ""strong_bear_rej"": false, ""htf_bullish"": true, ""htf_bearish"": false, ""discount_zone"": false, ""premium_zone"": true, ""rsi_value"": 68.2, ""rsi_bull_ok"": true, ""rsi_bear_ok"": false, ""bull_fvg_count"": 5, ""bear_fvg_count"": 1, ""bull_ob_count"": 1, ""bear_ob_count"": 2, ""trend"": 1}"
2026-09-29T15:34:12.570163+00:00,sl_to_be,bot1,WIFIRT,ICT/SMC Scalp Pro,short,897,,61515.0,,61515.0,60196.37913846015,58877.75827692031,,200000.0,,,,,5,15m,لندن,2026-09-29 13:00:00,long,1.0,200000.0,"{""recent_bull_sweep"": false, ""recent_bear_sweep"": true, ""vol_spike"": true, ""strong_bull_rej"": true, ""strong_bear_rej"": false, ""htf_bullish"": true, ""htf_bearish"": false, ""discount_zone"": false, ""premium_zone"": true, ""rsi_value"": 68.2, ""rsi_bull_ok"": true, ""rsi_bear_ok"": false, ""bull_fvg_count"": 5, ""bear_fvg_count"": 1, ""bull_ob_count"": 1, ""bear_ob_count"": 2, ""trend"": 1}"
2026-09-29T16:01:15.602510+00:00,close,bot1,BTCIRT,ICT/SMC Scalp Pro,long,903,a,20864694690.5,21032670445.317383,20752710853.95508,21032670445.317383,21200646200.13477,4.79e-06,200000.0,804.6038655752636,3928266.2425886663,TP1,,6,15m,لندن,2026-09-29 15:00:00,short,1.0,200000.0,"{""recent_bull_sweep"": true, ""recent_bear_sweep"": true, ""vol_spike"": true, ""strong_bull_rej"": false, ""strong_bear_rej"": true, ""htf_bullish"": false, ""htf_bearish"": true, ""discount_zone"": true, ""premium_zone"": false, ""rsi_value"": 30.46, ""rsi_bull_ok"": false, ""rsi_bear_ok"": true, ""bull_fvg_count"": 1, ""bear_fvg_count"": 2, ""bull_ob_count"": 2, ""bear_ob_count"": 1, ""trend"": -1}"
2026-09-29T16:01:16.269033+00:00,sl_to_be,bot1,BTCIRT,ICT/SMC Scalp Pro,long,903,,20864694690.5,,20864694690.5,21032670445.317383,21200646200.13477,,200000.0,,,,,6,15m,لندن,2026-09-29 15:00:00,short,1.0,200000.0,"{""recent_bull_sweep"": true, ""recent_bear_sweep"": true, ""vol_spike"": true, ""strong_bull_rej"": false, ""strong_bear_rej"": true, ""htf_bullish"": false, ""htf_bearish"": true, ""discount_zone"": true, ""premium_zone"": false, ""rsi_value"": 30.46, ""rsi_bull_ok"": false, ""rsi_bear_ok"": true, ""bull_fvg_count"": 1, ""bear_fvg_count"": 2, ""bull_ob_count"": 2, ""bear_ob_count"": 1, ""trend"": -1}"
2026-09-29T16:16:27.438350+00:00,open,bot1,GRAMIRT,ICT/SMC Scalp Pro,long,909,,385766.0,,378829.7557505654,396170.36637415196,406574.73274830397,0.51844,200000.0,,,,,5,15m,نیویورک,2026-09-29 16:00:00,short,1.0,200000.0,"{""recent_bull_sweep"": false, ""recent_bear_sweep"": false, ""vol_spike"": true, ""strong_bull_rej"": false, ""strong_bear_rej"": true, ""htf_bullish"": false, ""htf_bearish"": true, ""discount_zone"": true, ""premium_zone"": false, ""rsi_value"": 29.82, ""rsi_bull_ok"": false, ""rsi_bear_ok"": true, ""bull_fvg_count"": 0, ""bear_fvg_count"": 6, ""bull_ob_count"": 0, ""bear_ob_count"": 2, ""trend"": -1}"
2026-09-29T16:31:25.693379+00:00,close,bot1,ETHIRT,ICT/SMC Scalp Pro,short,901,b,679733153.0,679733153.0,684266504.2554964,672933126.1167554,666133099.2335106,0.000147,200000.0,-0.0,3928266.2425886663,SL,,5,15m,لندن,2026-09-29 14:30:00,long,1.0,200000.0,"{""recent_bull_sweep"": true, ""recent_bear_sweep"": false, ""vol_spike"": true, ""strong_bull_rej"": false, ""strong_bear_rej"": false, ""htf_bullish"": true, ""htf_bearish"": false, ""discount_zone"": true, ""premium_zone"": false, ""rsi_value"": 46.46, ""rsi_bull_ok"": false, ""rsi_bear_ok"": true, ""bull_fvg_count"": 4, ""bear_fvg_count"": 0, ""bull_ob_count"": 2, ""bear_ob_count"": 0, ""trend"": 1}"
2026-09-29T16:31:26.807746+00:00,full_close,bot1,ETHIRT,ICT/SMC Scalp Pro,short,901,,679733153.0,,684266504.2554964,672933126.1167554,666133099.2335106,,200000.0,,3928266.2425886663,,,5,15m,لندن,2026-09-29 14:30:00,long,1.0,200000.0,"{""recent_bull_sweep"": true, ""recent_bear_sweep"": false, ""vol_spike"": true, ""strong_bull_rej"": false, ""strong_bear_rej"": false, ""htf_bullish"": true, ""htf_bearish"": false, ""discount_zone"": true, ""premium_zone"": false, ""rsi_value"": 46.46, ""rsi_bull_ok"": false, ""rsi_bear_ok"": true, ""bull_fvg_count"": 4, ""bear_fvg_count"": 0, ""bull_ob_count"": 2, ""bear_ob_count"": 0, ""trend"": 1}"
